sample	cohort	gene	immuannot	fufihla	t1k	imm_fufi_1f	imm_fufi_2f	imm_fufi_3f	imm_fufi_4f	immuannot_novel	fufihla_inexact	fufihla_consensus_max_edit_to_assembly	discordance_class	imm_t1k_1f	imm_t1k_2f	imm_t1k_3f	fufi_t1k_1f	fufi_t1k_2f	fufi_t1k_3f
HG00097	HPRC-Rest	HLA-A	HLA-A*03:01:01:01/HLA-A*24:02:01:01	HLA-A*03:01:01:01/HLA-A*24:02:01:01	HLA-A*03:01:01/HLA-A*24:02:01	1.0	1.0	1.0	1.0	False	False		concordant (2-field)	1.0	1.0	1.0	1.0	1.0	1.0
HG00097	HPRC-Rest	HLA-B	HLA-B*07:02:01:01/HLA-B*07:02:01:01	HLA-B*07:02:01:01/HLA-B*07:02:01:01	HLA-B*07:02:01/HLA-B*07:02:01	1.0	1.0	1.0	1.0	False	False		concordant (2-field)	1.0	1.0	1.0	1.0	1.0	1.0
HG00097	HPRC-Rest	HLA-C	HLA-C*07:02:01:03/HLA-C*07:02:01:03	HLA-C*07:02:01:03/HLA-C*07:02:01:03	HLA-C*07:02:01/HLA-C*07:02:01	1.0	1.0	1.0	1.0	False	False		concordant (2-field)	1.0	1.0	1.0	1.0	1.0	1.0
HG00097	HPRC-Rest	HLA-DQA1	HLA-DQA1*01:02:01:01/HLA-DQA1*05:05:01:17	HLA-DQA1*01:02:01:01/HLA-DQA1*05:05:01:17	HLA-DQA1*01:02:01/HLA-DQA1*05:05:01	1.0	1.0	1.0	1.0	False	False		concordant (2-field)	1.0	1.0	1.0	1.0	1.0	1.0
HG00097	HPRC-Rest	HLA-DQB1	HLA-DQB1*06:02:01:01/HLA-DQB1*03:01:01:03	HLA-DQB1*03:01:01:03/HLA-DQB1*06:02:01:01	HLA-DQB1*06:02:01/HLA-DQB1*03:01:01	1.0	1.0	1.0	1.0	False	False		concordant (2-field)	1.0	1.0	1.0	1.0	1.0	1.0
HG00097	HPRC-Rest	HLA-DRB1	HLA-DRB1*15:01:01:03/HLA-DRB1*13:03:01	HLA-DRB1*13:03:01:01/HLA-DRB1*15:01:01:03	HLA-DRB1*13:03:01/HLA-DRB1*15:01:01	1.0	1.0	1.0	0.0	True	True		concordant (2-field)	1.0	1.0	1.0	1.0	1.0	1.0
HG00099	HPRC-Rest	HLA-A	HLA-A*68:01:02:02/HLA-A*01:01:01:01	HLA-A*01:01:01:01/HLA-A*68:01:02:02	HLA-A*01:01:01/HLA-A*68:01:02	1.0	1.0	1.0	1.0	False	False		concordant (2-field)	1.0	1.0	1.0	1.0	1.0	1.0
HG00099	HPRC-Rest	HLA-B	HLA-B*44:02:01:03/HLA-B*08:01:01:01	HLA-B*08:01:01:01/HLA-B*44:02:01:03	HLA-B*44:02:01/HLA-B*08:01:01	1.0	1.0	1.0	1.0	False	False		concordant (2-field)	1.0	1.0	1.0	1.0	1.0	1.0
HG00099	HPRC-Rest	HLA-C	HLA-C*07:04:01:03/HLA-C*07:01:01:01	HLA-C*07:01:01:01/HLA-C*07:04:01:03	HLA-C*07:04:01/HLA-C*07:01:01	1.0	1.0	1.0	1.0	False	False		concordant (2-field)	1.0	1.0	1.0	1.0	1.0	1.0
HG00099	HPRC-Rest	HLA-DQA1	HLA-DQA1*05:05:01:02/HLA-DQA1*05:01:01:02	HLA-DQA1*05:01:01:02/HLA-DQA1*05:05:01:02	HLA-DQA1*05:01:01/HLA-DQA1*05:05:01	1.0	1.0	1.0	1.0	False	False		concordant (2-field)	1.0	1.0	1.0	1.0	1.0	1.0
HG00099	HPRC-Rest	HLA-DQB1	HLA-DQB1*03:01:01:03/HLA-DQB1*02:01:01:01	HLA-DQB1*02:01:01:01/HLA-DQB1*03:01:01:03	HLA-DQB1*02:01:01/HLA-DQB1*03:01:01	1.0	1.0	1.0	1.0	False	False		concordant (2-field)	1.0	1.0	1.0	1.0	1.0	1.0
HG00099	HPRC-Rest	HLA-DRB1	HLA-DRB1*11:01:01:03/HLA-DRB1*03:01:01:01	HLA-DRB1*03:01:01:01/HLA-DRB1*11:01:01:03	HLA-DRB1*03:01:01/HLA-DRB1*11:01:01	1.0	1.0	1.0	1.0	False	False		concordant (2-field)	1.0	1.0	1.0	1.0	1.0	1.0
HG00126	HPRC-Rest	HLA-A	HLA-A*24:02:01:01/HLA-A*29:02:01:01	HLA-A*24:02:01:01/HLA-A*29:02:01:01	HLA-A*29:02:01/HLA-A*24:02:01	1.0	1.0	1.0	1.0	False	False		concordant (2-field)	1.0	1.0	1.0	1.0	1.0	1.0
HG00126	HPRC-Rest	HLA-B	HLA-B*35:03:01:01/HLA-B*44:03:01:01	HLA-B*35:03:01:01/HLA-B*44:03:01:01	HLA-B*44:03:01/HLA-B*35:03:01	1.0	1.0	1.0	1.0	False	False		concordant (2-field)	1.0	1.0	1.0	1.0	1.0	1.0
HG00126	HPRC-Rest	HLA-C	HLA-C*12:03:01:01/HLA-C*16:01:01:01	HLA-C*12:03:01:01/HLA-C*16:01:01:01	HLA-C*16:01:01/HLA-C*12:03:01	1.0	1.0	1.0	1.0	False	False		concordant (2-field)	1.0	1.0	1.0	1.0	1.0	1.0
HG00126	HPRC-Rest	HLA-DQA1	HLA-DQA1*01:04:01/HLA-DQA1*02:01:01:01	HLA-DQA1*01:04:01:02/HLA-DQA1*02:01:01:01	HLA-DQA1*01:04:01/HLA-DQA1*02:01:01	1.0	1.0	1.0	0.0	True	True		concordant (2-field)	1.0	1.0	1.0	1.0	1.0	1.0
HG00126	HPRC-Rest	HLA-DQB1	HLA-DQB1*05:03:01:01/HLA-DQB1*02:02:01:01	HLA-DQB1*02:02:01:01/HLA-DQB1*05:03:01:01	HLA-DQB1*02:02:01/HLA-DQB1*05:03:01	1.0	1.0	1.0	1.0	False	False		concordant (2-field)	1.0	1.0	1.0	1.0	1.0	1.0
HG00126	HPRC-Rest	HLA-DRB1	HLA-DRB1*14:54:01/HLA-DRB1*07:01:01:01	HLA-DRB1*07:01:01:01/HLA-DRB1*14:54:01:08	HLA-DRB1*07:01:01/HLA-DRB1*14:54:01	1.0	1.0	1.0	0.0	True	True		concordant (2-field)	1.0	1.0	1.0	1.0	1.0	1.0
HG00128	HPRC-Rest	HLA-A	HLA-A*02:01:01:01/HLA-A*02:01:01:01	HLA-A*02:01:01:01/HLA-A*02:01:01:01	HLA-A*02:01:01/HLA-A*02:01:01	1.0	1.0	1.0	1.0	False	False		concordant (2-field)	1.0	1.0	1.0	1.0	1.0	1.0
HG00128	HPRC-Rest	HLA-B	HLA-B*14:02:01:01/HLA-B*27:05:02:09	HLA-B*14:02:01:01/HLA-B*27:05:02:09	HLA-B*14:02:01/HLA-B*27:05:02	1.0	1.0	1.0	1.0	False	False		concordant (2-field)	1.0	1.0	1.0	1.0	1.0	1.0
HG00128	HPRC-Rest	HLA-C	HLA-C*08:02:01:01/HLA-C*02:02:02:01	HLA-C*02:02:02:01/HLA-C*08:02:01:01	HLA-C*02:02:02/HLA-C*08:02:01	1.0	1.0	1.0	1.0	False	False		concordant (2-field)	1.0	1.0	1.0	1.0	1.0	1.0
HG00128	HPRC-Rest	HLA-DQA1	HLA-DQA1*01:01:01:01/HLA-DQA1*05:05:01:15	HLA-DQA1*01:01:01:01/HLA-DQA1*05:05:01:15	HLA-DQA1*01:01:01/HLA-DQA1*05:05:01	1.0	1.0	1.0	1.0	False	False		concordant (2-field)	1.0	1.0	1.0	1.0	1.0	1.0
HG00128	HPRC-Rest	HLA-DQB1	HLA-DQB1*05:01:01:03/HLA-DQB1*03:01:01:05	HLA-DQB1*03:01:01:05/HLA-DQB1*05:01:01:03	HLA-DQB1*05:01:01/HLA-DQB1*03:01:01	1.0	1.0	1.0	1.0	False	False		concordant (2-field)	1.0	1.0	1.0	1.0	1.0	1.0
HG00128	HPRC-Rest	HLA-DRB1	HLA-DRB1*01:01:01:01/HLA-DRB1*12:01:01	HLA-DRB1*01:01:01:01/HLA-DRB1*12:01:01:04	HLA-DRB1*01:01:01/HLA-DRB1*12:01:01	1.0	1.0	1.0	0.0	True	True		concordant (2-field)	1.0	1.0	1.0	1.0	1.0	1.0
HG00133	HPRC-Rest	HLA-A	HLA-A*32:01:01:01/HLA-A*02:01:01:01	HLA-A*02:01:01:01/HLA-A*32:01:01:01	HLA-A*32:01:01/HLA-A*02:01:01	1.0	1.0	1.0	1.0	False	False		concordant (2-field)	1.0	1.0	1.0	1.0	1.0	1.0
HG00133	HPRC-Rest	HLA-B	HLA-B*53:01:01:01/HLA-B*44:02:01:01	HLA-B*44:02:01:01/HLA-B*53:01:01:01	HLA-B*53:01:01/HLA-B*44:02:01	1.0	1.0	1.0	1.0	False	False		concordant (2-field)	1.0	1.0	1.0	1.0	1.0	1.0
HG00133	HPRC-Rest	HLA-C	HLA-C*04:01:01:75/HLA-C*05:01:01:02	HLA-C*04:01:01:75/HLA-C*05:01:01:02	HLA-C*04:01:01/HLA-C*05:01:01	1.0	1.0	1.0	1.0	False	False		concordant (2-field)	1.0	1.0	1.0	1.0	1.0	1.0
HG00133	HPRC-Rest	HLA-DQA1	HLA-DQA1*01:02:01:14/HLA-DQA1*03:01:01:01	HLA-DQA1*01:02:01:14/HLA-DQA1*03:01:01:01	HLA-DQA1*03:01:01/HLA-DQA1*01:02:01	1.0	1.0	1.0	1.0	False	False		concordant (2-field)	1.0	1.0	1.0	1.0	1.0	1.0
HG00133	HPRC-Rest	HLA-DQB1	HLA-DQB1*06:04:01:01/HLA-DQB1*03:02:01:02	HLA-DQB1*03:02:01:02/HLA-DQB1*06:04:01:01	HLA-DQB1*03:02:01/HLA-DQB1*06:04:01	1.0	1.0	1.0	1.0	False	False		concordant (2-field)	1.0	1.0	1.0	1.0	1.0	1.0
HG00133	HPRC-Rest	HLA-DRB1	HLA-DRB1*13:02:01/HLA-DRB1*04:04:01:04	HLA-DRB1*04:04:01:04/HLA-DRB1*13:02:01:07	HLA-DRB1*04:04:01/HLA-DRB1*13:02:01	1.0	1.0	1.0	0.0	True	True		concordant (2-field)	1.0	1.0	1.0	1.0	1.0	1.0
HG00140	HPRC-Rest	HLA-A	HLA-A*31:01:02:01/HLA-A*01:01:01:01	HLA-A*01:01:01:01/HLA-A*31:01:02:01	HLA-A*31:01:02/HLA-A*01:01:01	1.0	1.0	1.0	1.0	False	False		concordant (2-field)	1.0	1.0	1.0	1.0	1.0	1.0
HG00140	HPRC-Rest	HLA-B	HLA-B*40:01:02:04/HLA-B*57:01:01:01	HLA-B*40:01:02:04/HLA-B*57:01:01:01	HLA-B*57:01:01/HLA-B*40:01:02	1.0	1.0	1.0	1.0	False	False		concordant (2-field)	1.0	1.0	1.0	1.0	1.0	1.0
HG00140	HPRC-Rest	HLA-C	HLA-C*03:04:01:01/HLA-C*06:02:01:01	HLA-C*03:04:01:01/HLA-C*06:02:01:01	HLA-C*06:02:01/HLA-C*03:04:01	1.0	1.0	1.0	1.0	False	False		concordant (2-field)	1.0	1.0	1.0	1.0	1.0	1.0
HG00140	HPRC-Rest	HLA-DQA1	HLA-DQA1*01:01:01:01/HLA-DQA1*05:01:01:02	HLA-DQA1*01:01:01:01/HLA-DQA1*05:01:01:02	HLA-DQA1*05:01:01/HLA-DQA1*01:01:01	1.0	1.0	1.0	1.0	False	False		concordant (2-field)	1.0	1.0	1.0	1.0	1.0	1.0
HG00140	HPRC-Rest	HLA-DQB1	HLA-DQB1*05:01:01:03/HLA-DQB1*02:01:01:01	HLA-DQB1*02:01:01:01/HLA-DQB1*05:01:01:03	HLA-DQB1*02:01:01/HLA-DQB1*05:01:01	1.0	1.0	1.0	1.0	False	False		concordant (2-field)	1.0	1.0	1.0	1.0	1.0	1.0
HG00140	HPRC-Rest	HLA-DRB1	HLA-DRB1*01:01:01:01/HLA-DRB1*03:01:01:01	HLA-DRB1*01:01:01:01/HLA-DRB1*03:01:01:01	HLA-DRB1*01:01:01/HLA-DRB1*03:01:01	1.0	1.0	1.0	1.0	False	False		concordant (2-field)	1.0	1.0	1.0	1.0	1.0	1.0
HG00146	HPRC-Rest	HLA-A	HLA-A*01:01:01:01/HLA-A*25:01:01:01	HLA-A*01:01:01:01/HLA-A*25:01:01:01	HLA-A*25:01:01/HLA-A*01:01:01	1.0	1.0	1.0	1.0	False	False		concordant (2-field)	1.0	1.0	1.0	1.0	1.0	1.0
HG00146	HPRC-Rest	HLA-B	HLA-B*08:01:01:01/HLA-B*35:01:01:05	HLA-B*08:01:01:01/HLA-B*35:01:01:05	HLA-B*08:01:01/HLA-B*35:01:01	1.0	1.0	1.0	1.0	False	False		concordant (2-field)	1.0	1.0	1.0	1.0	1.0	1.0
HG00146	HPRC-Rest	HLA-C	HLA-C*07:01:01:01/HLA-C*04:01:01:79	HLA-C*04:01:01:79/HLA-C*07:01:01:01	HLA-C*07:01:01/HLA-C*04:01:01	1.0	1.0	1.0	1.0	False	False		concordant (2-field)	1.0	1.0	1.0	1.0	1.0	1.0
HG00146	HPRC-Rest	HLA-DQA1	HLA-DQA1*05:01:01:02/HLA-DQA1*01:01:01:01	HLA-DQA1*01:01:01:01/HLA-DQA1*05:01:01:02	HLA-DQA1*01:01:01/HLA-DQA1*05:01:01	1.0	1.0	1.0	1.0	False	False		concordant (2-field)	1.0	1.0	1.0	1.0	1.0	1.0
HG00146	HPRC-Rest	HLA-DQB1	HLA-DQB1*02:01:01:01/HLA-DQB1*05:01:01:03	HLA-DQB1*02:01:01:01/HLA-DQB1*05:01:01:03	HLA-DQB1*02:01:01/HLA-DQB1*05:01:01	1.0	1.0	1.0	1.0	False	False		concordant (2-field)	1.0	1.0	1.0	1.0	1.0	1.0
HG00146	HPRC-Rest	HLA-DRB1	HLA-DRB1*03:01:01:01/HLA-DRB1*01:01:01:01	HLA-DRB1*01:01:01:01/HLA-DRB1*03:01:01:01	HLA-DRB1*01:01:01/HLA-DRB1*03:01:01	1.0	1.0	1.0	1.0	False	False		concordant (2-field)	1.0	1.0	1.0	1.0	1.0	1.0
HG00232	HPRC-Rest	HLA-A	HLA-A*03:01:01:01/HLA-A*03:01:01:01	HLA-A*03:01:01:01/HLA-A*03:01:01:01	HLA-A*03:01:01/HLA-A*03:01:01	1.0	1.0	1.0	1.0	False	False		concordant (2-field)	1.0	1.0	1.0	1.0	1.0	1.0
HG00232	HPRC-Rest	HLA-B	HLA-B*07:02:01:01/HLA-B*27:05:02:05	HLA-B*07:02:01:01/HLA-B*27:05:02:05	HLA-B*27:05:02/HLA-B*07:02:01	1.0	1.0	1.0	1.0	False	False		concordant (2-field)	1.0	1.0	1.0	1.0	1.0	1.0
HG00232	HPRC-Rest	HLA-C	HLA-C*07:02:01:03/HLA-C*02:02:02:01	HLA-C*02:02:02:01/HLA-C*07:02:01:03	HLA-C*02:02:02/HLA-C*07:02:01	1.0	1.0	1.0	1.0	False	False		concordant (2-field)	1.0	1.0	1.0	1.0	1.0	1.0
HG00232	HPRC-Rest	HLA-DQA1	HLA-DQA1*01:02:01:01/HLA-DQA1*01:04:01	HLA-DQA1*01:02:01:01/HLA-DQA1*01:04:01:02	HLA-DQA1*01:04:01/HLA-DQA1*01:02:01	1.0	1.0	1.0	0.0	True	True		concordant (2-field)	1.0	1.0	1.0	1.0	1.0	1.0
HG00232	HPRC-Rest	HLA-DQB1	HLA-DQB1*06:02:01:01/HLA-DQB1*05:03:01:01	HLA-DQB1*05:03:01:01/HLA-DQB1*06:02:01:01	HLA-DQB1*06:02:01/HLA-DQB1*05:03:01	1.0	1.0	1.0	1.0	False	False		concordant (2-field)	1.0	1.0	1.0	1.0	1.0	1.0
HG00232	HPRC-Rest	HLA-DRB1	HLA-DRB1*15:01:01:01/HLA-DRB1*14:54:01	HLA-DRB1*14:54:01:08/HLA-DRB1*15:01:01:01	HLA-DRB1*15:01:01/HLA-DRB1*14:54:01	1.0	1.0	1.0	0.0	True	True		concordant (2-field)	1.0	1.0	1.0	1.0	1.0	1.0
HG00235	HPRC-Rest	HLA-A	HLA-A*68:01:02:03/HLA-A*26:01:01:01	HLA-A*26:01:01:01/HLA-A*68:01:02:03	HLA-A*26:01:01/HLA-A*68:01:02	1.0	1.0	1.0	1.0	False	False		concordant (2-field)	1.0	1.0	1.0	1.0	1.0	1.0
HG00235	HPRC-Rest	HLA-B	HLA-B*44:02:01:01/HLA-B*07:02:01:01	HLA-B*07:02:01:01/HLA-B*44:02:01:01	HLA-B*07:02:01/HLA-B*44:02:01	1.0	1.0	1.0	1.0	False	False		concordant (2-field)	1.0	1.0	1.0	1.0	1.0	1.0
HG00235	HPRC-Rest	HLA-C	HLA-C*05:01:01:02/HLA-C*07:02:01:03	HLA-C*05:01:01:02/HLA-C*07:02:01:03	HLA-C*07:02:01/HLA-C*05:01:01	1.0	1.0	1.0	1.0	False	False		concordant (2-field)	1.0	1.0	1.0	1.0	1.0	1.0
HG00235	HPRC-Rest	HLA-DQA1	HLA-DQA1*03:01:01:01/HLA-DQA1*03:02:01:01	HLA-DQA1*03:01:01:01/HLA-DQA1*03:02:01:01	HLA-DQA1*03:03:01/HLA-DQA1*03:18	1.0	1.0	1.0	1.0	False	False		concordant (2-field)	1.0	0.0	0.0	1.0	0.0	0.0
HG00235	HPRC-Rest	HLA-DQB1	HLA-DQB1*03:02:01:01/HLA-DQB1*03:03:02:02	HLA-DQB1*03:02:01:01/HLA-DQB1*03:03:02:02	HLA-DQB1*03:02:01/HLA-DQB1*03:03:02	1.0	1.0	1.0	1.0	False	False		concordant (2-field)	1.0	1.0	1.0	1.0	1.0	1.0
HG00235	HPRC-Rest	HLA-DRB1	HLA-DRB1*04:04:01/HLA-DRB1*09:01:02	HLA-DRB1*04:04:01:04/HLA-DRB1*09:01:02:04	HLA-DRB1*09:01:02/HLA-DRB1*04:04:01	1.0	1.0	1.0	0.0	True	True		concordant (2-field)	1.0	1.0	1.0	1.0	1.0	1.0
HG00253	HPRC-Rest	HLA-A	HLA-A*25:01:01:01/HLA-A*01:01:01:01	HLA-A*01:01:01:01/HLA-A*25:01:01:01	HLA-A*01:01:01/HLA-A*25:01:01	1.0	1.0	1.0	1.0	False	False		concordant (2-field)	1.0	1.0	1.0	1.0	1.0	1.0
HG00253	HPRC-Rest	HLA-B	HLA-B*58:01:01:01/HLA-B*07:02:01:01	HLA-B*07:02:01:01/HLA-B*58:01:01:01	HLA-B*58:01:01/HLA-B*07:02:01	1.0	1.0	1.0	1.0	False	False		concordant (2-field)	1.0	1.0	1.0	1.0	1.0	1.0
HG00253	HPRC-Rest	HLA-C	HLA-C*07:18:01:01/HLA-C*07:02:01:03	HLA-C*07:02:01:03/HLA-C*07:18:01:01	HLA-C*07:02:01/HLA-C*07:18:01	1.0	1.0	1.0	1.0	False	False		concordant (2-field)	1.0	1.0	1.0	1.0	1.0	1.0
HG00253	HPRC-Rest	HLA-DQA1	HLA-DQA1*05:05:01:16/HLA-DQA1*01:02:01:01	HLA-DQA1*01:02:01:01/HLA-DQA1*05:05:01:16	HLA-DQA1*01:02:01/HLA-DQA1*05:05:01	1.0	1.0	1.0	1.0	False	False		concordant (2-field)	1.0	1.0	1.0	1.0	1.0	1.0
HG00253	HPRC-Rest	HLA-DQB1	HLA-DQB1*03:01:01:03/HLA-DQB1*06:02:01:01	HLA-DQB1*03:01:01:03/HLA-DQB1*06:02:01:01	HLA-DQB1*06:02:01/HLA-DQB1*03:01:01	1.0	1.0	1.0	1.0	False	False		concordant (2-field)	1.0	1.0	1.0	1.0	1.0	1.0
HG00253	HPRC-Rest	HLA-DRB1	HLA-DRB1*13:03:01/HLA-DRB1*15:01:01:01	HLA-DRB1*13:03:01:01/HLA-DRB1*15:01:01:01	HLA-DRB1*13:03:01/HLA-DRB1*15:01:01	1.0	1.0	1.0	0.0	True	True		concordant (2-field)	1.0	1.0	1.0	1.0	1.0	1.0
HG00272	HPRC-Rest	HLA-A	HLA-A*32:01:01:01/HLA-A*01:01:01:01	HLA-A*01:01:01:01/HLA-A*32:01:01:01	HLA-A*32:01:01/HLA-A*01:01:01	1.0	1.0	1.0	1.0	False	False		concordant (2-field)	1.0	1.0	1.0	1.0	1.0	1.0
HG00272	HPRC-Rest	HLA-B	HLA-B*15:01:01:01/HLA-B*08:01:01:01	HLA-B*08:01:01:01/HLA-B*15:01:01:01	HLA-B*08:01:01/HLA-B*15:01:01	1.0	1.0	1.0	1.0	False	False		concordant (2-field)	1.0	1.0	1.0	1.0	1.0	1.0
HG00272	HPRC-Rest	HLA-C	HLA-C*03:03:01:01/HLA-C*07:01:01:01	HLA-C*03:03:01:01/HLA-C*07:01:01:01	HLA-C*03:03:01/HLA-C*07:01:01	1.0	1.0	1.0	1.0	False	False		concordant (2-field)	1.0	1.0	1.0	1.0	1.0	1.0
HG00272	HPRC-Rest	HLA-DQA1	HLA-DQA1*01:03:01:02/HLA-DQA1*05:01:01:02	HLA-DQA1*01:03:01:02/HLA-DQA1*05:01:01:02	HLA-DQA1*05:01:01/HLA-DQA1*01:03:01	1.0	1.0	1.0	1.0	False	False		concordant (2-field)	1.0	1.0	1.0	1.0	1.0	1.0
HG00272	HPRC-Rest	HLA-DQB1	HLA-DQB1*06:03:01:01/HLA-DQB1*02:01:01:01	HLA-DQB1*02:01:01:01/HLA-DQB1*06:03:01:01	HLA-DQB1*02:01:01/HLA-DQB1*06:03:01	1.0	1.0	1.0	1.0	False	False		concordant (2-field)	1.0	1.0	1.0	1.0	1.0	1.0
HG00272	HPRC-Rest	HLA-DRB1	HLA-DRB1*13:01:01:02/HLA-DRB1*03:01:01:01	HLA-DRB1*03:01:01:01/HLA-DRB1*13:01:01:02	HLA-DRB1*03:01:01/HLA-DRB1*13:01:01	1.0	1.0	1.0	1.0	False	False		concordant (2-field)	1.0	1.0	1.0	1.0	1.0	1.0
HG00280	HPRC-Rest	HLA-A	HLA-A*02:01:01:01/HLA-A*03:01:01:01	HLA-A*02:01:01:01/HLA-A*03:01:01:01	HLA-A*03:01:01/HLA-A*02:01:01	1.0	1.0	1.0	1.0	False	False		concordant (2-field)	1.0	1.0	1.0	1.0	1.0	1.0
HG00280	HPRC-Rest	HLA-B	HLA-B*27:05:02:05/HLA-B*08:01:01:01	HLA-B*08:01:01:01/HLA-B*27:05:02:05	HLA-B*08:01:01/HLA-B*27:05:02	1.0	1.0	1.0	1.0	False	False		concordant (2-field)	1.0	1.0	1.0	1.0	1.0	1.0
HG00280	HPRC-Rest	HLA-C	HLA-C*01:02:01:01/HLA-C*07:01:01:06	HLA-C*01:02:01:01/HLA-C*07:01:01:06	HLA-C*07:01:01/HLA-C*01:02:01	1.0	1.0	1.0	1.0	False	False		concordant (2-field)	1.0	1.0	1.0	1.0	1.0	1.0
HG00280	HPRC-Rest	HLA-DQA1	HLA-DQA1*05:05:01:03/HLA-DQA1*05:01:01:02	HLA-DQA1*05:01:01:02/HLA-DQA1*05:05:01:03	HLA-DQA1*05:01:01/HLA-DQA1*05:05:01	1.0	1.0	1.0	1.0	False	False		concordant (2-field)	1.0	1.0	1.0	1.0	1.0	1.0
HG00280	HPRC-Rest	HLA-DQB1	HLA-DQB1*03:01:01:05/HLA-DQB1*02:01:01:01	HLA-DQB1*02:01:01:01/HLA-DQB1*03:01:01:05	HLA-DQB1*02:01:01/HLA-DQB1*03:01:01	1.0	1.0	1.0	1.0	False	False		concordant (2-field)	1.0	1.0	1.0	1.0	1.0	1.0
HG00280	HPRC-Rest	HLA-DRB1	HLA-DRB1*12:01:01/HLA-DRB1*03:01:01:01	HLA-DRB1*03:01:01:01/HLA-DRB1*12:01:01:03	HLA-DRB1*03:01:01/HLA-DRB1*12:01:01	1.0	1.0	1.0	0.0	True	True		concordant (2-field)	1.0	1.0	1.0	1.0	1.0	1.0
HG00290	HPRC-Rest	HLA-A	HLA-A*03:01:01:01/HLA-A*02:01:01:01	HLA-A*02:01:01:01/HLA-A*03:01:01:01	HLA-A*02:01:01/HLA-A*03:01:01	1.0	1.0	1.0	1.0	False	False		concordant (2-field)	1.0	1.0	1.0	1.0	1.0	1.0
HG00290	HPRC-Rest	HLA-B	HLA-B*07:02:01:01/HLA-B*35:01:01:05	HLA-B*07:02:01:01/HLA-B*35:01:01:05	HLA-B*35:01:01/HLA-B*07:02:01	1.0	1.0	1.0	1.0	False	False		concordant (2-field)	1.0	1.0	1.0	1.0	1.0	1.0
HG00290	HPRC-Rest	HLA-C	HLA-C*03:04:01:01/HLA-C*04:01:01:11	HLA-C*03:04:01:01/HLA-C*04:01:01:11	HLA-C*03:04:01/HLA-C*04:01:01	1.0	1.0	1.0	1.0	False	False		concordant (2-field)	1.0	1.0	1.0	1.0	1.0	1.0
HG00290	HPRC-Rest	HLA-DQA1	HLA-DQA1*01:01:01:01/HLA-DQA1*01:01:01:01	HLA-DQA1*01:01:01:01/HLA-DQA1*01:01:01:01	HLA-DQA1*01:01:01/HLA-DQA1*01:01:01	1.0	1.0	1.0	1.0	False	False		concordant (2-field)	1.0	1.0	1.0	1.0	1.0	1.0
HG00290	HPRC-Rest	HLA-DQB1	HLA-DQB1*05:01:01:03/HLA-DQB1*05:01:01:03	HLA-DQB1*05:01:01:03/HLA-DQB1*05:01:01:03	HLA-DQB1*05:01:01/HLA-DQB1*05:01:01	1.0	1.0	1.0	1.0	False	False		concordant (2-field)	1.0	1.0	1.0	1.0	1.0	1.0
HG00290	HPRC-Rest	HLA-DRB1	HLA-DRB1*01:01:01:01/HLA-DRB1*01:01:01:01	HLA-DRB1*01:01:01:01/HLA-DRB1*01:01:01:01	HLA-DRB1*01:01:01/HLA-DRB1*01:01:01	1.0	1.0	1.0	1.0	False	False		concordant (2-field)	1.0	1.0	1.0	1.0	1.0	1.0
HG00320	HPRC-Rest	HLA-A	HLA-A*30:01:01:01/HLA-A*03:01:01:01	HLA-A*03:01:01:01/HLA-A*30:01:01:01	HLA-A*30:01:01/HLA-A*03:01:01	1.0	1.0	1.0	1.0	False	False		concordant (2-field)	1.0	1.0	1.0	1.0	1.0	1.0
HG00320	HPRC-Rest	HLA-B	HLA-B*35:01:01:02/HLA-B*15:01:01:01	HLA-B*15:01:01:01/HLA-B*35:01:01:02	HLA-B*15:01:01/HLA-B*35:01:01	1.0	1.0	1.0	1.0	False	False		concordant (2-field)	1.0	1.0	1.0	1.0	1.0	1.0
HG00320	HPRC-Rest	HLA-C	HLA-C*03:03:01:01/HLA-C*03:03:01:01	HLA-C*03:03:01:01/HLA-C*03:03:01:01	HLA-C*03:03:01/HLA-C*03:03:01	1.0	1.0	1.0	1.0	False	False		concordant (2-field)	1.0	1.0	1.0	1.0	1.0	1.0
HG00320	HPRC-Rest	HLA-DQA1	HLA-DQA1*04:01:01:03/HLA-DQA1*04:01:01:03	HLA-DQA1*04:01:01:03/HLA-DQA1*04:01:01:03	HLA-DQA1*04:01:01/HLA-DQA1*04:01:01	1.0	1.0	1.0	1.0	False	False		concordant (2-field)	1.0	1.0	1.0	1.0	1.0	1.0
HG00320	HPRC-Rest	HLA-DQB1	HLA-DQB1*04:02:01:04/HLA-DQB1*04:02:01:04	HLA-DQB1*04:02:01:04/HLA-DQB1*04:02:01:04	HLA-DQB1*04:02:01/HLA-DQB1*04:02:01	1.0	1.0	1.0	1.0	False	False		concordant (2-field)	1.0	1.0	1.0	1.0	1.0	1.0
HG00320	HPRC-Rest	HLA-DRB1	HLA-DRB1*08:01:01:01/HLA-DRB1*08:01:01	HLA-DRB1*08:01:01:01/HLA-DRB1*08:01:01:01	HLA-DRB1*08:01:01/HLA-DRB1*08:01:01	1.0	1.0	1.0	0.0	True	True		concordant (2-field)	1.0	1.0	1.0	1.0	1.0	1.0
HG00321	HPRC-Rest	HLA-A	HLA-A*02:01:01:01/HLA-A*02:01:01:01	HLA-A*02:01:01:01/HLA-A*02:01:01:01	HLA-A*02:01:01/HLA-A*02:01:01	1.0	1.0	1.0	1.0	False	False		concordant (2-field)	1.0	1.0	1.0	1.0	1.0	1.0
HG00321	HPRC-Rest	HLA-B	HLA-B*15:01:01:01/HLA-B*40:01:02:04	HLA-B*15:01:01:01/HLA-B*40:01:02:04	HLA-B*40:01:02/HLA-B*15:01:01	1.0	1.0	1.0	1.0	False	False		concordant (2-field)	1.0	1.0	1.0	1.0	1.0	1.0
HG00321	HPRC-Rest	HLA-C	HLA-C*03:03:01:01/HLA-C*03:04:01:01	HLA-C*03:03:01:01/HLA-C*03:04:01:01	HLA-C*03:04:01/HLA-C*03:03:01	1.0	1.0	1.0	1.0	False	False		concordant (2-field)	1.0	1.0	1.0	1.0	1.0	1.0
HG00321	HPRC-Rest	HLA-DQA1	HLA-DQA1*01:02:01:01/HLA-DQA1*04:01:01:03	HLA-DQA1*01:02:01:01/HLA-DQA1*04:01:01:03	HLA-DQA1*01:02:01/HLA-DQA1*04:01:01	1.0	1.0	1.0	1.0	False	False		concordant (2-field)	1.0	1.0	1.0	1.0	1.0	1.0
HG00321	HPRC-Rest	HLA-DQB1	HLA-DQB1*05:03:01:01/HLA-DQB1*04:02:01:04	HLA-DQB1*04:02:01:04/HLA-DQB1*05:03:01:01	HLA-DQB1*04:02:01/HLA-DQB1*05:03:01	1.0	1.0	1.0	1.0	False	False		concordant (2-field)	1.0	1.0	1.0	1.0	1.0	1.0
HG00321	HPRC-Rest	HLA-DRB1	HLA-DRB1*15:01:01:03/HLA-DRB1*08:01:01	HLA-DRB1*08:01:01:01/HLA-DRB1*15:01:01:03	HLA-DRB1*15:01:01/HLA-DRB1*08:01:01	1.0	1.0	1.0	0.0	True	True		concordant (2-field)	1.0	1.0	1.0	1.0	1.0	1.0
HG00323	HPRC-Rest	HLA-A	HLA-A*24:02:01:01/HLA-A*24:02:01:01	HLA-A*24:02:01:01/HLA-A*24:02:01:01	HLA-A*24:02:01/HLA-A*24:02:01	1.0	1.0	1.0	1.0	False	False		concordant (2-field)	1.0	1.0	1.0	1.0	1.0	1.0
HG00323	HPRC-Rest	HLA-B	HLA-B*40:01:02:01/HLA-B*18:01:01:05	HLA-B*18:01:01:05/HLA-B*40:01:02:01	HLA-B*40:01:02/HLA-B*18:01:01	1.0	1.0	1.0	1.0	False	False		concordant (2-field)	1.0	1.0	1.0	1.0	1.0	1.0
HG00323	HPRC-Rest	HLA-C	HLA-C*03:04:01:01/HLA-C*12:03:01:01	HLA-C*03:04:01:01/HLA-C*12:03:01:01	HLA-C*03:04:01/HLA-C*12:03:01	1.0	1.0	1.0	1.0	False	False		concordant (2-field)	1.0	1.0	1.0	1.0	1.0	1.0
HG00323	HPRC-Rest	HLA-DQA1	HLA-DQA1*01:02:01:04/HLA-DQA1*01:02:01:01	HLA-DQA1*01:02:01:01/HLA-DQA1*01:02:01:04	HLA-DQA1*01:02:01/HLA-DQA1*01:02:01	1.0	1.0	1.0	1.0	False	False		concordant (2-field)	1.0	1.0	1.0	1.0	1.0	1.0
HG00323	HPRC-Rest	HLA-DQB1	HLA-DQB1*06:04:01:01/HLA-DQB1*06:02:01:01	HLA-DQB1*06:02:01:01/HLA-DQB1*06:04:01:01	HLA-DQB1*06:02:01/HLA-DQB1*06:04:01	1.0	1.0	1.0	1.0	False	False		concordant (2-field)	1.0	1.0	1.0	1.0	1.0	1.0
HG00323	HPRC-Rest	HLA-DRB1	HLA-DRB1*13:02:01/HLA-DRB1*15:01:01:03	HLA-DRB1*13:02:01:13/HLA-DRB1*15:01:01:03	HLA-DRB1*15:01:01/HLA-DRB1*13:02:01	1.0	1.0	1.0	0.0	True	True		concordant (2-field)	1.0	1.0	1.0	1.0	1.0	1.0
HG00329	HPRC-Rest	HLA-A	HLA-A*02:01:01:01/HLA-A*31:01:02:01	HLA-A*02:01:01:01/HLA-A*31:01:02:01	HLA-A*31:01:02/HLA-A*02:01:01	1.0	1.0	1.0	1.0	False	False		concordant (2-field)	1.0	1.0	1.0	1.0	1.0	1.0
HG00329	HPRC-Rest	HLA-B	HLA-B*15:01:01:01/HLA-B*51:01:01	HLA-B*15:01:01:01/HLA-B*51:01:01:06	HLA-B*15:01:01/HLA-B*51:224	1.0	1.0	1.0	0.0	True	True		concordant (2-field)	1.0	0.0	0.0	1.0	0.0	0.0
HG00329	HPRC-Rest	HLA-C	HLA-C*03:03:01:01/HLA-C*15:02:01:01	HLA-C*03:03:01:01/HLA-C*15:02:01:01	HLA-C*03:03:01/HLA-C*15:02:01	1.0	1.0	1.0	1.0	False	False		concordant (2-field)	1.0	1.0	1.0	1.0	1.0	1.0
HG00329	HPRC-Rest	HLA-DQA1	HLA-DQA1*01:03:01:02/HLA-DQA1*01:01:01:01	HLA-DQA1*01:01:01:01/HLA-DQA1*01:03:01:02	HLA-DQA1*01:03:01/HLA-DQA1*01:01:01	1.0	1.0	1.0	1.0	False	False		concordant (2-field)	1.0	1.0	1.0	1.0	1.0	1.0
HG00329	HPRC-Rest	HLA-DQB1	HLA-DQB1*06:03:01:01/HLA-DQB1*05:01:01:03	HLA-DQB1*05:01:01:03/HLA-DQB1*06:03:01:01	HLA-DQB1*06:03:01/HLA-DQB1*05:01:01	1.0	1.0	1.0	1.0	False	False		concordant (2-field)	1.0	1.0	1.0	1.0	1.0	1.0
HG00329	HPRC-Rest	HLA-DRB1	HLA-DRB1*13:01:01:11/HLA-DRB1*01:01:01:01	HLA-DRB1*01:01:01:01/HLA-DRB1*13:01:01:11	HLA-DRB1*01:01:01/HLA-DRB1*13:01:01	1.0	1.0	1.0	1.0	False	False		concordant (2-field)	1.0	1.0	1.0	1.0	1.0	1.0
HG00344	HPRC-Rest	HLA-A	HLA-A*02:01:01:01/HLA-A*03:01:01:01	HLA-A*02:01:01:01/HLA-A*03:01:01:01	HLA-A*03:01:01/HLA-A*02:01:01	1.0	1.0	1.0	1.0	False	False		concordant (2-field)	1.0	1.0	1.0	1.0	1.0	1.0
HG00344	HPRC-Rest	HLA-B	HLA-B*07:02:01:01/HLA-B*07:02:01:01	HLA-B*07:02:01:01/HLA-B*07:02:01:01	HLA-B*07:02:01/HLA-B*07:02:01	1.0	1.0	1.0	1.0	False	False		concordant (2-field)	1.0	1.0	1.0	1.0	1.0	1.0
HG00344	HPRC-Rest	HLA-C	HLA-C*07:02:01:186/HLA-C*07:02:01:03	HLA-C*07:02:01:03/HLA-C*07:02:01:186	HLA-C*07:02:01/HLA-C*07:02:01	1.0	1.0	1.0	1.0	False	False		concordant (2-field)	1.0	1.0	1.0	1.0	1.0	1.0
HG00344	HPRC-Rest	HLA-DQA1	HLA-DQA1*01:02:01:01/HLA-DQA1*01:02:01:01	HLA-DQA1*01:02:01:01/HLA-DQA1*01:02:01:01	HLA-DQA1*01:02:01/HLA-DQA1*01:02:01	1.0	1.0	1.0	1.0	False	False		concordant (2-field)	1.0	1.0	1.0	1.0	1.0	1.0
HG00344	HPRC-Rest	HLA-DQB1	HLA-DQB1*06:02:01:01/HLA-DQB1*06:02:01:01	HLA-DQB1*06:02:01:01/HLA-DQB1*06:02:01:01	HLA-DQB1*06:02:01/HLA-DQB1*06:02:01	1.0	1.0	1.0	1.0	False	False		concordant (2-field)	1.0	1.0	1.0	1.0	1.0	1.0
HG00344	HPRC-Rest	HLA-DRB1	HLA-DRB1*15:01:01:07/HLA-DRB1*15:01:01:03	HLA-DRB1*15:01:01:03/HLA-DRB1*15:01:01:07	HLA-DRB1*15:01:01/HLA-DRB1*15:01:01	1.0	1.0	1.0	1.0	False	False		concordant (2-field)	1.0	1.0	1.0	1.0	1.0	1.0
HG00350	HPRC-Rest	HLA-A	HLA-A*02:01:01:01/HLA-A*02:01:01:01	HLA-A*02:01:01:01/HLA-A*02:01:01:01	HLA-A*02:01:01/HLA-A*02:01:01	1.0	1.0	1.0	1.0	False	False		concordant (2-field)	1.0	1.0	1.0	1.0	1.0	1.0
HG00350	HPRC-Rest	HLA-B	HLA-B*15:01:01:04/HLA-B*15:01:01:01	HLA-B*15:01:01:01/HLA-B*15:01:01:04	HLA-B*15:01:01/HLA-B*15:01:01	1.0	1.0	1.0	1.0	False	False		concordant (2-field)	1.0	1.0	1.0	1.0	1.0	1.0
HG00350	HPRC-Rest	HLA-C	HLA-C*04:01:01:06/HLA-C*03:04:01:01	HLA-C*03:04:01:01/HLA-C*04:01:01:06	HLA-C*03:04:01/HLA-C*04:01:01	1.0	1.0	1.0	1.0	False	False		concordant (2-field)	1.0	1.0	1.0	1.0	1.0	1.0
HG00350	HPRC-Rest	HLA-DQA1	HLA-DQA1*01:01:01:01/HLA-DQA1*03:01:01:01	HLA-DQA1*01:01:01:01/HLA-DQA1*03:01:01:01	HLA-DQA1*03:01:01/HLA-DQA1*01:01:01	1.0	1.0	1.0	1.0	False	False		concordant (2-field)	1.0	1.0	1.0	1.0	1.0	1.0
HG00350	HPRC-Rest	HLA-DQB1	HLA-DQB1*05:01:01:03/HLA-DQB1*03:02:01:01	HLA-DQB1*03:02:01:01/HLA-DQB1*05:01:01:03	HLA-DQB1*05:01:01/HLA-DQB1*03:02:01	1.0	1.0	1.0	1.0	False	False		concordant (2-field)	1.0	1.0	1.0	1.0	1.0	1.0
HG00350	HPRC-Rest	HLA-DRB1	HLA-DRB1*01:01:01:01/HLA-DRB1*04:01:01:01	HLA-DRB1*01:01:01:01/HLA-DRB1*04:01:01:01	HLA-DRB1*01:01:01/HLA-DRB1*04:01:01	1.0	1.0	1.0	1.0	False	False		concordant (2-field)	1.0	1.0	1.0	1.0	1.0	1.0
HG00408	HPRC-EastAsian	HLA-A	HLA-A*11:01:01:01/HLA-A*02:07:01:01	HLA-A*02:07:01:01/HLA-A*11:01:01:01		1.0	1.0	1.0	1.0	False	False		concordant (2-field)						
HG00408	HPRC-EastAsian	HLA-B	HLA-B*15:02:01:01/HLA-B*40:02:01:01	HLA-B*15:02:01:01/HLA-B*40:02:01:01		1.0	1.0	1.0	1.0	False	False		concordant (2-field)						
HG00408	HPRC-EastAsian	HLA-C	HLA-C*08:01:01:01/HLA-C*03:03:01:01	HLA-C*03:03:01:01/HLA-C*08:01:01:01		1.0	1.0	1.0	1.0	False	False		concordant (2-field)						
HG00408	HPRC-EastAsian	HLA-DQA1	HLA-DQA1*01:04:01:01/HLA-DQA1*01:02:01:03	HLA-DQA1*01:02:01:03/HLA-DQA1*01:04:01:01		1.0	1.0	1.0	1.0	False	False		concordant (2-field)						
HG00408	HPRC-EastAsian	HLA-DQB1	HLA-DQB1*05:02:01:01/HLA-DQB1*06:02:01:01	HLA-DQB1*05:02:01:01/HLA-DQB1*06:02:01:01		1.0	1.0	1.0	1.0	False	False		concordant (2-field)						
HG00408	HPRC-EastAsian	HLA-DRB1	HLA-DRB1*14:54:01/HLA-DRB1*15:01:01:03	HLA-DRB1*14:54:01:04/HLA-DRB1*15:01:01:03		1.0	1.0	1.0	0.0	True	True		concordant (2-field)						
HG00423	HPRC-EastAsian	HLA-A	HLA-A*02:07:01:01/HLA-A*11:01:01:01	HLA-A*02:07:01:01/HLA-A*11:01:01:01		1.0	1.0	1.0	1.0	False	False		concordant (2-field)						
HG00423	HPRC-EastAsian	HLA-B	HLA-B*46:01:01:01/HLA-B*44:03:01:28	HLA-B*44:03:01:28/HLA-B*46:01:01:01		1.0	1.0	1.0	1.0	False	False		concordant (2-field)						
HG00423	HPRC-EastAsian	HLA-C	HLA-C*01:02:01:01/HLA-C*04:01:01:14	HLA-C*01:02:01:01/HLA-C*04:01:01:14		1.0	1.0	1.0	1.0	False	False		concordant (2-field)						
HG00423	HPRC-EastAsian	HLA-DQA1	HLA-DQA1*03:02:01:02/HLA-DQA1*01:03:01:07	HLA-DQA1*01:03:01:07/HLA-DQA1*03:02:01:02		1.0	1.0	1.0	1.0	False	False		concordant (2-field)						
HG00423	HPRC-EastAsian	HLA-DQB1	HLA-DQB1*03:03:02:02/HLA-DQB1*06:01:01:01	HLA-DQB1*03:03:02:02/HLA-DQB1*06:01:01:01		1.0	1.0	1.0	1.0	False	False		concordant (2-field)						
HG00423	HPRC-EastAsian	HLA-DRB1	HLA-DRB1*09:01:02/HLA-DRB1*08:03:02:02	HLA-DRB1*08:03:02:02/HLA-DRB1*09:01:02:03		1.0	1.0	1.0	0.0	True	True		concordant (2-field)						
HG00438	HPRC-EastAsian	HLA-A	HLA-A*24:02:01:01/HLA-A*02:06:01:01	HLA-A*02:06:01:01/HLA-A*24:02:01:01		1.0	1.0	1.0	1.0	False	False		concordant (2-field)						
HG00438	HPRC-EastAsian	HLA-B	HLA-B*54:01:01:01/HLA-B*51:01:01:01	HLA-B*51:01:01:01/HLA-B*54:01:01:01		1.0	1.0	1.0	1.0	False	False		concordant (2-field)						
HG00438	HPRC-EastAsian	HLA-C	HLA-C*01:02:01:05/HLA-C*14:02:01:01	HLA-C*01:02:01:05/HLA-C*14:02:01:01		1.0	1.0	1.0	1.0	False	False		concordant (2-field)						
HG00438	HPRC-EastAsian	HLA-DQA1	HLA-DQA1*01:04:01:02/HLA-DQA1*03:03:01:03	HLA-DQA1*01:04:01:02/HLA-DQA1*03:03:01:03		1.0	1.0	1.0	1.0	False	False		concordant (2-field)						
HG00438	HPRC-EastAsian	HLA-DQB1	HLA-DQB1*05:03:01:02/HLA-DQB1*04:01:01:03	HLA-DQB1*04:01:01:03/HLA-DQB1*05:03:01:02		1.0	1.0	1.0	1.0	False	False		concordant (2-field)						
HG00438	HPRC-EastAsian	HLA-DRB1	HLA-DRB1*14:05:01/HLA-DRB1*04:05:01	HLA-DRB1*04:05:01:04/HLA-DRB1*14:05:01:02		1.0	1.0	1.0	0.0	True	True		concordant (2-field)						
HG005	HPRC-EastAsian	HLA-A	HLA-A*24:02:01:01/HLA-A*24:02:01:01	HLA-A*24:02:01:01/HLA-A*24:02:01:01		1.0	1.0	1.0	1.0	False	False		concordant (2-field)						
HG005	HPRC-EastAsian	HLA-B	HLA-B*15:01:01:01/HLA-B*40:06:01:12	HLA-B*15:01:01:01/HLA-B*40:06:01:12		1.0	1.0	1.0	1.0	False	False		concordant (2-field)						
HG005	HPRC-EastAsian	HLA-C	HLA-C*04:01:01:75/HLA-C*08:01:01:01	HLA-C*04:01:01:75/HLA-C*08:01:01:01		1.0	1.0	1.0	1.0	False	False		concordant (2-field)						
HG005	HPRC-EastAsian	HLA-DQA1	HLA-DQA1*03:03:01:03/HLA-DQA1*03:02:01:01	HLA-DQA1*03:02:01:01/HLA-DQA1*03:03:01:03		1.0	1.0	1.0	1.0	False	False		concordant (2-field)						
HG005	HPRC-EastAsian	HLA-DQB1	HLA-DQB1*04:01:01:03/HLA-DQB1*03:03:02:02	HLA-DQB1*03:03:02:02/HLA-DQB1*04:01:01:03		1.0	1.0	1.0	1.0	False	False		concordant (2-field)						
HG005	HPRC-EastAsian	HLA-DRB1	HLA-DRB1*04:05:01/HLA-DRB1*09:01:02	HLA-DRB1*04:05:01:03/HLA-DRB1*09:01:02:03		1.0	1.0	1.0	0.0	True	True		concordant (2-field)						
HG00544	HPRC-EastAsian	HLA-A	HLA-A*11:01:01:01/HLA-A*02:07:01:01	HLA-A*02:07:01:01/HLA-A*11:01:01:01		1.0	1.0	1.0	1.0	False	False		concordant (2-field)						
HG00544	HPRC-EastAsian	HLA-B	HLA-B*46:01:01:01/HLA-B*46:01:01:01	HLA-B*46:01:01:01/HLA-B*46:01:01:01		1.0	1.0	1.0	1.0	False	False		concordant (2-field)						
HG00544	HPRC-EastAsian	HLA-C	HLA-C*01:02:01:01/HLA-C*01:02:01:01	HLA-C*01:02:01:01/HLA-C*01:02:01:01		1.0	1.0	1.0	1.0	False	False		concordant (2-field)						
HG00544	HPRC-EastAsian	HLA-DQA1	HLA-DQA1*03:02:01:02/HLA-DQA1*03:02:01:02	HLA-DQA1*03:02:01:02/HLA-DQA1*03:02:01:02		1.0	1.0	1.0	1.0	False	False		concordant (2-field)						
HG00544	HPRC-EastAsian	HLA-DQB1	HLA-DQB1*03:03:02:02/HLA-DQB1*03:03:02:02	HLA-DQB1*03:03:02:02/HLA-DQB1*03:03:02:02		1.0	1.0	1.0	1.0	False	False		concordant (2-field)						
HG00544	HPRC-EastAsian	HLA-DRB1	HLA-DRB1*09:01:02/HLA-DRB1*09:01:02	HLA-DRB1*09:01:02:03/HLA-DRB1*09:59		1.0	0.0	0.0	0.0	True	True	1.0	FuFiHLA artefact (consensus not present in the assembly)						
HG00558	HPRC-EastAsian	HLA-A	HLA-A*02:01:01:01/HLA-A*01:01:01:01	HLA-A*01:01:01:01/HLA-A*02:01:01:01		1.0	1.0	1.0	1.0	False	False		concordant (2-field)						
HG00558	HPRC-EastAsian	HLA-B	HLA-B*40:01:02:04/HLA-B*37:01:01:01	HLA-B*37:01:01:01/HLA-B*40:01:02:04		1.0	1.0	1.0	1.0	False	False		concordant (2-field)						
HG00558	HPRC-EastAsian	HLA-C	HLA-C*07:02:01:15/HLA-C*06:02:01:01	HLA-C*06:02:01:01/HLA-C*07:02:01:15		1.0	1.0	1.0	1.0	False	False		concordant (2-field)						
HG00558	HPRC-EastAsian	HLA-DQA1	HLA-DQA1*03:02:01:02/HLA-DQA1*01:05:01:01	HLA-DQA1*01:05:01:01/HLA-DQA1*03:02:01:02		1.0	1.0	1.0	1.0	False	False		concordant (2-field)						
HG00558	HPRC-EastAsian	HLA-DQB1	HLA-DQB1*03:03:02:02/HLA-DQB1*05:01:01:05	HLA-DQB1*03:03:02:02/HLA-DQB1*05:01:01:05		1.0	1.0	1.0	1.0	False	False		concordant (2-field)						
HG00558	HPRC-EastAsian	HLA-DRB1	HLA-DRB1*09:01:02/HLA-DRB1*10:01:01:03	HLA-DRB1*09:01:02:03/HLA-DRB1*10:01:01:03		1.0	1.0	1.0	0.0	True	True		concordant (2-field)						
HG00597	HPRC-EastAsian	HLA-A	HLA-A*11:01:01:01/HLA-A*24:02:01:01	HLA-A*11:01:01:01/HLA-A*24:02:01:01		1.0	1.0	1.0	1.0	False	False		concordant (2-field)						
HG00597	HPRC-EastAsian	HLA-B	HLA-B*15:02:01:01/HLA-B*40:01:02:04	HLA-B*15:02:01:01/HLA-B*40:01:02:04		1.0	1.0	1.0	1.0	False	False		concordant (2-field)						
HG00597	HPRC-EastAsian	HLA-C	HLA-C*08:01:01:01/HLA-C*03:04:01:12	HLA-C*03:04:01:12/HLA-C*08:01:01:01		1.0	1.0	1.0	1.0	False	False		concordant (2-field)						
HG00597	HPRC-EastAsian	HLA-DQA1	HLA-DQA1*06:01:01:02/HLA-DQA1*05:05:01:02	HLA-DQA1*05:05:01:02/HLA-DQA1*06:01:01:02		1.0	1.0	1.0	1.0	False	False		concordant (2-field)						
HG00597	HPRC-EastAsian	HLA-DQB1	HLA-DQB1*03:01:01/HLA-DQB1*03:01:01:03	HLA-DQB1*03:01:01:03/HLA-DQB1*03:01:01:71		1.0	1.0	1.0	0.0	True	False		concordant (2-field)						
HG00597	HPRC-EastAsian	HLA-DRB1	HLA-DRB1*12:02:01/HLA-DRB1*11:01:01:03	HLA-DRB1*11:01:01:03/HLA-DRB1*12:02:01:03		1.0	1.0	1.0	0.0	True	True		concordant (2-field)						
HG00609	HPRC-EastAsian	HLA-A	HLA-A*26:01:01:01/HLA-A*24:02:01:01	HLA-A*24:02:01:01/HLA-A*26:01:01:01		1.0	1.0	1.0	1.0	False	False		concordant (2-field)						
HG00609	HPRC-EastAsian	HLA-B	HLA-B*40:01:02:04/HLA-B*40:01:02:50	HLA-B*40:01:02:04/HLA-B*40:01:02:50		1.0	1.0	1.0	1.0	False	False		concordant (2-field)						
HG00609	HPRC-EastAsian	HLA-C	HLA-C*03:04:01:12/HLA-C*07:02:01:15	HLA-C*03:04:01:12/HLA-C*07:02:01:15		1.0	1.0	1.0	1.0	False	False		concordant (2-field)						
HG00609	HPRC-EastAsian	HLA-DQA1	HLA-DQA1*01:02:01:03/HLA-DQA1*03:02:01:01	HLA-DQA1*01:02:01:03/HLA-DQA1*03:02:01:01		1.0	1.0	1.0	1.0	False	False		concordant (2-field)						
HG00609	HPRC-EastAsian	HLA-DQB1	HLA-DQB1*06:02:01:01/HLA-DQB1*03:03:02:02	HLA-DQB1*03:03:02:02/HLA-DQB1*06:02:01:01		1.0	1.0	1.0	1.0	False	False		concordant (2-field)						
HG00609	HPRC-EastAsian	HLA-DRB1	HLA-DRB1*15:01:01:05/HLA-DRB1*09:01:02	HLA-DRB1*09:01:02:03/HLA-DRB1*15:01:01:05		1.0	1.0	1.0	0.0	True	True		concordant (2-field)						
HG00621	HPRC-EastAsian	HLA-A	HLA-A*02:01:01:01/HLA-A*11:01:01:01	HLA-A*02:01:01:01/HLA-A*11:01:01:01		1.0	1.0	1.0	1.0	False	False		concordant (2-field)						
HG00621	HPRC-EastAsian	HLA-B	HLA-B*56:01:01:04/HLA-B*51:01:01:06	HLA-B*51:01:01:06/HLA-B*56:01:01:04		1.0	1.0	1.0	1.0	False	False		concordant (2-field)						
HG00621	HPRC-EastAsian	HLA-C	HLA-C*07:02:01:01/HLA-C*15:02:01:06	HLA-C*07:02:01:01/HLA-C*15:02:01:06		1.0	1.0	1.0	1.0	False	False		concordant (2-field)						
HG00621	HPRC-EastAsian	HLA-DQA1	HLA-DQA1*03:02:01:04/HLA-DQA1*05:05:01:10	HLA-DQA1*03:02:01:04/HLA-DQA1*05:05:01:10		1.0	1.0	1.0	1.0	False	False		concordant (2-field)						
HG00621	HPRC-EastAsian	HLA-DQB1	HLA-DQB1*03:03:02:02/HLA-DQB1*03:01:01:03	HLA-DQB1*03:01:01:03/HLA-DQB1*03:03:02:02		1.0	1.0	1.0	1.0	False	False		concordant (2-field)						
HG00621	HPRC-EastAsian	HLA-DRB1	HLA-DRB1*09:01:02/HLA-DRB1*11:01:01:03	HLA-DRB1*09:01:02:03/HLA-DRB1*11:01:01:03		1.0	1.0	1.0	0.0	True	True		concordant (2-field)						
HG00639	HPRC-Rest	HLA-A	HLA-A*02:01:01:01/HLA-A*03:01:01:05	HLA-A*02:01:01:01/HLA-A*03:01:01:05		1.0	1.0	1.0	1.0	False	False		concordant (2-field)						
HG00639	HPRC-Rest	HLA-B	HLA-B*44:02:01:01/HLA-B*51:01:01:04	HLA-B*44:02:01:01/HLA-B*51:01:01:04		1.0	1.0	1.0	1.0	False	False		concordant (2-field)						
HG00639	HPRC-Rest	HLA-C	HLA-C*05:01:01:45/HLA-C*04:01:01:14	HLA-C*04:01:01:14/HLA-C*05:01:01:45		1.0	1.0	1.0	1.0	False	False		concordant (2-field)						
HG00639	HPRC-Rest	HLA-DQA1	HLA-DQA1*03:01:01:03/HLA-DQA1*03:01:01:01	HLA-DQA1*03:01:01:01/HLA-DQA1*03:01:01:03		1.0	1.0	1.0	1.0	False	False		concordant (2-field)						
HG00639	HPRC-Rest	HLA-DQB1	HLA-DQB1*03:02:01:02/HLA-DQB1*03:04:01:01	HLA-DQB1*03:02:01:02/HLA-DQB1*03:04:01:01		1.0	1.0	1.0	1.0	False	False		concordant (2-field)						
HG00639	HPRC-Rest	HLA-DRB1	HLA-DRB1*04:03:01/HLA-DRB1*04:03:01	HLA-DRB1*04:03:01:03/HLA-DRB1*04:03:01:04		1.0	1.0	1.0	0.0	True	True		concordant (2-field)						
HG00642	HPRC-Rest	HLA-A	HLA-A*30:02:01:01/HLA-A*23:17:01:01	HLA-A*23:17:01:01/HLA-A*30:02:01:01		1.0	1.0	1.0	1.0	False	False		concordant (2-field)						
HG00642	HPRC-Rest	HLA-B	HLA-B*18:01:01:01/HLA-B*15:03:01	HLA-B*15:03:01:02/HLA-B*18:01:01:01		1.0	1.0	1.0	0.0	True	True		concordant (2-field)						
HG00642	HPRC-Rest	HLA-C	HLA-C*05:01:01:01/HLA-C*02:10:01:01	HLA-C*02:10:01:01/HLA-C*05:01:01:01		1.0	1.0	1.0	1.0	False	False		concordant (2-field)						
HG00642	HPRC-Rest	HLA-DQA1	HLA-DQA1*05:01:01:01/HLA-DQA1*01:02:01:03	HLA-DQA1*01:02:01:03/HLA-DQA1*05:01:01:01		1.0	1.0	1.0	1.0	False	False		concordant (2-field)						
HG00642	HPRC-Rest	HLA-DQB1	HLA-DQB1*02:01:01:01/HLA-DQB1*06:02:01:04	HLA-DQB1*02:01:01:01/HLA-DQB1*06:02:01:04		1.0	1.0	1.0	1.0	False	False		concordant (2-field)						
HG00642	HPRC-Rest	HLA-DRB1	HLA-DRB1*03:01:01:02/HLA-DRB1*11:01:02	HLA-DRB1*03:01:01:02/HLA-DRB1*11:01:02:03		1.0	1.0	1.0	0.0	True	True		concordant (2-field)						
HG00658	HPRC-EastAsian	HLA-A	HLA-A*11:01:01:01/HLA-A*11:01:01:01	HLA-A*11:01:01:01/HLA-A*11:01:01:01		1.0	1.0	1.0	1.0	False	False		concordant (2-field)						
HG00658	HPRC-EastAsian	HLA-B	HLA-B*39:01:01:03/HLA-B*51:01:02:01	HLA-B*39:01:01:03/HLA-B*51:01:02:01		1.0	1.0	1.0	1.0	False	False		concordant (2-field)						
HG00658	HPRC-EastAsian	HLA-C	HLA-C*07:02:01:15/HLA-C*14:02:01:01	HLA-C*07:02:01:15/HLA-C*14:02:01:01		1.0	1.0	1.0	1.0	False	False		concordant (2-field)						
HG00658	HPRC-EastAsian	HLA-DQA1	HLA-DQA1*01:03:01:07/HLA-DQA1*01:04:01:01	HLA-DQA1*01:03:01:07/HLA-DQA1*01:04:01:01		1.0	1.0	1.0	1.0	False	False		concordant (2-field)						
HG00658	HPRC-EastAsian	HLA-DQB1	HLA-DQB1*06:01:01:01/HLA-DQB1*05:03:01:01	HLA-DQB1*05:03:01:01/HLA-DQB1*06:01:01:01		1.0	1.0	1.0	1.0	False	False		concordant (2-field)						
HG00658	HPRC-EastAsian	HLA-DRB1	HLA-DRB1*08:03:02:02/HLA-DRB1*14:04:01	HLA-DRB1*08:03:02:02/HLA-DRB1*14:04:01:01		1.0	1.0	1.0	0.0	True	True		concordant (2-field)						
HG00673	HPRC-EastAsian	HLA-A	HLA-A*02:06:01:01/HLA-A*02:03:01:01	HLA-A*02:03:01:01/HLA-A*02:06:01:01		1.0	1.0	1.0	1.0	False	False		concordant (2-field)						
HG00673	HPRC-EastAsian	HLA-B	HLA-B*48:03:01:03/HLA-B*38:02:01:01	HLA-B*38:02:01:01/HLA-B*48:03:01:03		1.0	1.0	1.0	1.0	False	False		concordant (2-field)						
HG00673	HPRC-EastAsian	HLA-C	HLA-C*08:01:01:01/HLA-C*07:02:01:01	HLA-C*07:02:01:01/HLA-C*08:01:01:01		1.0	1.0	1.0	1.0	False	False		concordant (2-field)						
HG00673	HPRC-EastAsian	HLA-DQA1	HLA-DQA1*05:05:01:04/HLA-DQA1*01:03:01:07	HLA-DQA1*01:03:01:07/HLA-DQA1*05:05:01:02		1.0	1.0	1.0	0.0	False	True		concordant (2-field)						
HG00673	HPRC-EastAsian	HLA-DQB1	HLA-DQB1*03:01:01:03/HLA-DQB1*06:01:01:01	HLA-DQB1*03:01:01:03/HLA-DQB1*06:01:01:01		1.0	1.0	1.0	1.0	False	False		concordant (2-field)						
HG00673	HPRC-EastAsian	HLA-DRB1	HLA-DRB1*11:01:01/HLA-DRB1*08:03:02:02	HLA-DRB1*08:03:02:02/HLA-DRB1*11:01:01:01		1.0	1.0	1.0	0.0	True	True		concordant (2-field)						
HG00706	HPRC-EastAsian	HLA-A	HLA-A*02:01:01:01/HLA-A*11:01:01:01	HLA-A*02:01:01:01/HLA-A*11:01:01:01		1.0	1.0	1.0	1.0	False	False		concordant (2-field)						
HG00706	HPRC-EastAsian	HLA-B	HLA-B*13:01:01:11/HLA-B*27:04:01	HLA-B*13:01:01:11/HLA-B*27:04:01:01		1.0	1.0	1.0	0.0	False	False		concordant (2-field)						
HG00706	HPRC-EastAsian	HLA-C	HLA-C*03:04:01:02/HLA-C*08:01:01	HLA-C*03:04:01:02/HLA-C*08:01:01:01		1.0	1.0	1.0	0.0	True	True		concordant (2-field)						
HG00706	HPRC-EastAsian	HLA-DQA1	HLA-DQA1*01:02:01:03/HLA-DQA1*01:02:01:03	HLA-DQA1*01:02:01:03/HLA-DQA1*01:02:01:03		1.0	1.0	1.0	1.0	False	False		concordant (2-field)						
HG00706	HPRC-EastAsian	HLA-DQB1	HLA-DQB1*06:01:01:01/HLA-DQB1*06:02:01:01	HLA-DQB1*06:01:01:01/HLA-DQB1*06:02:01:01		1.0	1.0	1.0	1.0	False	False		concordant (2-field)						
HG00706	HPRC-EastAsian	HLA-DRB1	HLA-DRB1*15:01:01/HLA-DRB1*15:01:01	HLA-DRB1*15:01:01:03/HLA-DRB1*15:01:01:04		1.0	1.0	1.0	0.0	True	True		concordant (2-field)						
HG00733	HPRC-Rest	HLA-A	HLA-A*24:02:01:01/HLA-A*30:02:01:01	HLA-A*24:02:01:01/HLA-A*30:02:01:01		1.0	1.0	1.0	1.0	False	False		concordant (2-field)						
HG00733	HPRC-Rest	HLA-B	HLA-B*35:02:01:02/HLA-B*18:01:01:01	HLA-B*18:01:01:01/HLA-B*35:02:01:02		1.0	1.0	1.0	1.0	False	False		concordant (2-field)						
HG00733	HPRC-Rest	HLA-C	HLA-C*04:01:01:06/HLA-C*05:01:01:01	HLA-C*04:01:01:06/HLA-C*05:01:01:01		1.0	1.0	1.0	1.0	False	False		concordant (2-field)						
HG00733	HPRC-Rest	HLA-DQA1	HLA-DQA1*05:05:01:09/HLA-DQA1*05:01:01:01	HLA-DQA1*05:01:01:01/HLA-DQA1*05:05:01:09		1.0	1.0	1.0	1.0	False	False		concordant (2-field)						
HG00733	HPRC-Rest	HLA-DQB1	HLA-DQB1*03:01:01:02/HLA-DQB1*02:01:01:01	HLA-DQB1*02:01:01:01/HLA-DQB1*03:01:01:02		1.0	1.0	1.0	1.0	False	False		concordant (2-field)						
HG00733	HPRC-Rest	HLA-DRB1	HLA-DRB1*11:04:01:01/HLA-DRB1*03:01:01:02	HLA-DRB1*03:01:01:02/HLA-DRB1*11:04:01:01		1.0	1.0	1.0	1.0	False	False		concordant (2-field)						
HG00735	HPRC-Rest	HLA-A	HLA-A*31:01:02:01/HLA-A*33:01:01:01	HLA-A*31:01:02:01/HLA-A*33:01:01:01		1.0	1.0	1.0	1.0	False	False		concordant (2-field)						
HG00735	HPRC-Rest	HLA-B	HLA-B*07:02:01:01/HLA-B*14:02:01:01	HLA-B*07:02:01:01/HLA-B*14:02:01:01		1.0	1.0	1.0	1.0	False	False		concordant (2-field)						
HG00735	HPRC-Rest	HLA-C	HLA-C*07:02:01:03/HLA-C*08:02:01:01	HLA-C*07:02:01:03/HLA-C*08:02:01:01		1.0	1.0	1.0	1.0	False	False		concordant (2-field)						
HG00735	HPRC-Rest	HLA-DQA1	HLA-DQA1*01:01:01:01/HLA-DQA1*03:01:01:01	HLA-DQA1*01:01:01:01/HLA-DQA1*03:01:01:01		1.0	1.0	1.0	1.0	False	False		concordant (2-field)						
HG00735	HPRC-Rest	HLA-DQB1	HLA-DQB1*05:01:01:03/HLA-DQB1*03:02:01:01	HLA-DQB1*03:02:01:01/HLA-DQB1*05:01:01:03		1.0	1.0	1.0	1.0	False	False		concordant (2-field)						
HG00735	HPRC-Rest	HLA-DRB1	HLA-DRB1*01:01:01:01/HLA-DRB1*04:11:01	HLA-DRB1*01:01:01:01/HLA-DRB1*04:11:01:02		1.0	1.0	1.0	0.0	True	True		concordant (2-field)						
HG00738	HPRC-Rest	HLA-A	HLA-A*01:01:01:01/HLA-A*68:01:02:01	HLA-A*01:01:01:01/HLA-A*68:01:02:01		1.0	1.0	1.0	1.0	False	False		concordant (2-field)						
HG00738	HPRC-Rest	HLA-B	HLA-B*08:01:01:01/HLA-B*51:01:01:04	HLA-B*08:01:01:01/HLA-B*51:01:01:04		1.0	1.0	1.0	1.0	False	False		concordant (2-field)						
HG00738	HPRC-Rest	HLA-C	HLA-C*07:01:01:01/HLA-C*15:02:01:13	HLA-C*07:01:01:01/HLA-C*15:02:01:13		1.0	1.0	1.0	1.0	False	False		concordant (2-field)						
HG00738	HPRC-Rest	HLA-DQA1	HLA-DQA1*05:01:01:04/HLA-DQA1*01:03:01:02	HLA-DQA1*01:03:01:02/HLA-DQA1*05:01:01:02		1.0	1.0	1.0	0.0	False	True		concordant (2-field)						
HG00738	HPRC-Rest	HLA-DQB1	HLA-DQB1*02:01:01:01/HLA-DQB1*06:03:01:01	HLA-DQB1*02:01:01:01/HLA-DQB1*06:03:01:01		1.0	1.0	1.0	1.0	False	False		concordant (2-field)						
HG00738	HPRC-Rest	HLA-DRB1	HLA-DRB1*03:01:01:01/HLA-DRB1*13:01:01	HLA-DRB1*03:01:01:01/HLA-DRB1*13:01:01:02		1.0	1.0	1.0	0.0	True	True		concordant (2-field)						
HG00741	HPRC-Rest	HLA-A	HLA-A*11:01:01:01/HLA-A*68:02:01:01	HLA-A*11:01:01:01/HLA-A*68:02:01:01		1.0	1.0	1.0	1.0	False	False		concordant (2-field)						
HG00741	HPRC-Rest	HLA-B	HLA-B*35:01:01:05/HLA-B*57:03:01:02	HLA-B*35:01:01:05/HLA-B*57:03:01:02		1.0	1.0	1.0	1.0	False	False		concordant (2-field)						
HG00741	HPRC-Rest	HLA-C	HLA-C*04:01:01:05/HLA-C*07:01:02:01	HLA-C*04:01:01:05/HLA-C*07:01:02:01		1.0	1.0	1.0	1.0	False	False		concordant (2-field)						
HG00741	HPRC-Rest	HLA-DQA1	HLA-DQA1*05:05:01:01/HLA-DQA1*04:01:01:05	HLA-DQA1*04:01:01:05/HLA-DQA1*05:05:01:01		1.0	1.0	1.0	1.0	False	False		concordant (2-field)						
HG00741	HPRC-Rest	HLA-DQB1	HLA-DQB1*03:01:01:03/HLA-DQB1*04:02:01:08	HLA-DQB1*03:01:01:03/HLA-DQB1*04:02:01:08		1.0	1.0	1.0	1.0	False	False		concordant (2-field)						
HG00741	HPRC-Rest	HLA-DRB1	HLA-DRB1*11:01:01/HLA-DRB1*03:02:01	HLA-DRB1*03:02:01:01/HLA-DRB1*11:01:01:01		1.0	1.0	1.0	0.0	True	True		concordant (2-field)						
HG01071	HPRC-Rest	HLA-A	HLA-A*24:02:01/HLA-A*03:01:01:01	HLA-A*03:01:01:01/HLA-A*24:02:01:01		1.0	1.0	1.0	0.0	True	True		concordant (2-field)						
HG01071	HPRC-Rest	HLA-B	HLA-B*44:02:01:01/HLA-B*40:01:02:04	HLA-B*40:01:02:04/HLA-B*44:02:01:01		1.0	1.0	1.0	1.0	False	False		concordant (2-field)						
HG01071	HPRC-Rest	HLA-C	HLA-C*05:01:01:02/HLA-C*03:04:01:01	HLA-C*03:04:01:01/HLA-C*05:01:01:02		1.0	1.0	1.0	1.0	False	False		concordant (2-field)						
HG01071	HPRC-Rest	HLA-DQA1	HLA-DQA1*02:01:01:01/HLA-DQA1*05:01:01:03	HLA-DQA1*02:01:01:01/HLA-DQA1*05:01:01:01		1.0	1.0	1.0	0.0	False	True		concordant (2-field)						
HG01071	HPRC-Rest	HLA-DQB1	HLA-DQB1*02:02:01:01/HLA-DQB1*02:01:01:01	HLA-DQB1*02:01:01:01/HLA-DQB1*02:02:01:01		1.0	1.0	1.0	1.0	False	False		concordant (2-field)						
HG01071	HPRC-Rest	HLA-DRB1	HLA-DRB1*07:01:01:01/HLA-DRB1*03:01:01:03	HLA-DRB1*03:01:01:03/HLA-DRB1*07:01:01:01		1.0	1.0	1.0	1.0	False	False		concordant (2-field)						
HG01074	HPRC-Rest	HLA-A	HLA-A*01:01:01:01/HLA-A*29:02:01:01	HLA-A*01:01:01:01/HLA-A*29:02:01:01		1.0	1.0	1.0	1.0	False	False		concordant (2-field)						
HG01074	HPRC-Rest	HLA-B	HLA-B*50:01:01:01/HLA-B*44:03:01:23	HLA-B*44:03:01:23/HLA-B*50:01:01:01		1.0	1.0	1.0	1.0	False	False		concordant (2-field)						
HG01074	HPRC-Rest	HLA-C	HLA-C*06:02:01:47/HLA-C*16:01:01:01	HLA-C*06:02:01:47/HLA-C*16:01:01:01		1.0	1.0	1.0	1.0	False	False		concordant (2-field)						
HG01074	HPRC-Rest	HLA-DQA1	HLA-DQA1*01:02:01:01/HLA-DQA1*02:01:01:01	HLA-DQA1*01:02:01:01/HLA-DQA1*02:01:01:01		1.0	1.0	1.0	1.0	False	False		concordant (2-field)						
HG01074	HPRC-Rest	HLA-DQB1	HLA-DQB1*06:02:01:01/HLA-DQB1*02:02:01:01	HLA-DQB1*02:02:01:01/HLA-DQB1*06:02:01:01		1.0	1.0	1.0	1.0	False	False		concordant (2-field)						
HG01074	HPRC-Rest	HLA-DRB1	HLA-DRB1*15:01:01:01/HLA-DRB1*07:01:01:01	HLA-DRB1*07:01:01:01/HLA-DRB1*15:01:01:01		1.0	1.0	1.0	1.0	False	False		concordant (2-field)						
HG01081	HPRC-Rest	HLA-A	HLA-A*24:02:01:01/HLA-A*23:17:01:01	HLA-A*23:17:01:01/HLA-A*24:02:01:01		1.0	1.0	1.0	1.0	False	False		concordant (2-field)						
HG01081	HPRC-Rest	HLA-B	HLA-B*39:01:01:05/HLA-B*15:03:01	HLA-B*15:03:01:02/HLA-B*39:01:01:05		1.0	1.0	1.0	0.0	True	True		concordant (2-field)						
HG01081	HPRC-Rest	HLA-C	HLA-C*12:03:01:01/HLA-C*02:10:01:01	HLA-C*02:10:01:01/HLA-C*12:03:01:01		1.0	1.0	1.0	1.0	False	False		concordant (2-field)						
HG01081	HPRC-Rest	HLA-DQA1	HLA-DQA1*05:05:01/HLA-DQA1*01:02:01:03	HLA-DQA1*01:02:01:03/HLA-DQA1*05:05:01:52		1.0	1.0	1.0	0.0	True	False		concordant (2-field)						
HG01081	HPRC-Rest	HLA-DQB1	HLA-DQB1*03:01:01:03/HLA-DQB1*06:02:01:04	HLA-DQB1*03:01:01:03/HLA-DQB1*06:02:01:04		1.0	1.0	1.0	1.0	False	False		concordant (2-field)						
HG01081	HPRC-Rest	HLA-DRB1	HLA-DRB1*11:01:01/HLA-DRB1*11:01:02	HLA-DRB1*11:01:01:16/HLA-DRB1*11:01:02:03		1.0	1.0	1.0	0.0	True	True		concordant (2-field)						
HG01099	HPRC-Rest	HLA-A	HLA-A*11:01:01:01/HLA-A*29:02:01:01	HLA-A*11:01:01:01/HLA-A*29:02:01:01		1.0	1.0	1.0	1.0	False	False		concordant (2-field)						
HG01099	HPRC-Rest	HLA-B	HLA-B*51:01:01:46/HLA-B*44:03:01:01	HLA-B*44:03:01:01/HLA-B*51:01:01:46		1.0	1.0	1.0	1.0	False	False		concordant (2-field)						
HG01099	HPRC-Rest	HLA-C	HLA-C*02:02:02:01/HLA-C*16:01:01:01	HLA-C*02:02:02:01/HLA-C*16:01:01:01		1.0	1.0	1.0	1.0	False	False		concordant (2-field)						
HG01099	HPRC-Rest	HLA-DQA1	HLA-DQA1*02:01:01:01/HLA-DQA1*02:01:01:01	HLA-DQA1*02:01:01:01/HLA-DQA1*02:01:01:01		1.0	1.0	1.0	1.0	False	False		concordant (2-field)						
HG01099	HPRC-Rest	HLA-DQB1	HLA-DQB1*02:02:01:01/HLA-DQB1*02:02:01:01	HLA-DQB1*02:02:01:01/HLA-DQB1*02:02:01:01		1.0	1.0	1.0	1.0	False	False		concordant (2-field)						
HG01099	HPRC-Rest	HLA-DRB1	HLA-DRB1*07:01:01:01/HLA-DRB1*07:01:01:01	HLA-DRB1*07:01:01:01/HLA-DRB1*07:01:01:01		1.0	1.0	1.0	1.0	False	False		concordant (2-field)						
HG01106	HPRC-Rest	HLA-A	HLA-A*68:02:01:01/HLA-A*31:01:02:01	HLA-A*31:01:02:01/HLA-A*68:02:01:01		1.0	1.0	1.0	1.0	False	False		concordant (2-field)						
HG01106	HPRC-Rest	HLA-B	HLA-B*14:02:01:01/HLA-B*49:01:01	HLA-B*14:02:01:01/HLA-B*49:01:01:14		1.0	1.0	1.0	0.0	True	True		concordant (2-field)						
HG01106	HPRC-Rest	HLA-C	HLA-C*08:02:01:01/HLA-C*07:02:01:01	HLA-C*07:02:01:01/HLA-C*08:02:01:01		1.0	1.0	1.0	1.0	False	False		concordant (2-field)						
HG01106	HPRC-Rest	HLA-DQA1	HLA-DQA1*05:01:01:01/HLA-DQA1*05:05:01:35	HLA-DQA1*05:01:01:01/HLA-DQA1*05:05:01:35		1.0	1.0	1.0	1.0	False	False		concordant (2-field)						
HG01106	HPRC-Rest	HLA-DQB1	HLA-DQB1*02:01:01:01/HLA-DQB1*03:19:01:01	HLA-DQB1*02:01:01:01/HLA-DQB1*03:19:01:01		1.0	1.0	1.0	1.0	False	False		concordant (2-field)						
HG01106	HPRC-Rest	HLA-DRB1	HLA-DRB1*03:01:01:02/HLA-DRB1*11:02:01	HLA-DRB1*03:01:01:02/HLA-DRB1*11:02:01:04		1.0	1.0	1.0	0.0	True	True		concordant (2-field)						
HG01109	HPRC-Rest	HLA-A	HLA-A*68:01:02:01/HLA-A*30:02:01:01	HLA-A*30:02:01:01/HLA-A*68:01:02:01		1.0	1.0	1.0	1.0	False	False		concordant (2-field)						
HG01109	HPRC-Rest	HLA-B	HLA-B*52:01:02/HLA-B*35:01:01:05	HLA-B*35:01:01:05/HLA-B*52:01:02:04		1.0	1.0	1.0	0.0	True	True		concordant (2-field)						
HG01109	HPRC-Rest	HLA-C	HLA-C*03:04:01:02/HLA-C*04:01:01:14	HLA-C*03:04:01:02/HLA-C*04:01:01:14		1.0	1.0	1.0	1.0	False	False		concordant (2-field)						
HG01109	HPRC-Rest	HLA-DQA1	HLA-DQA1*04:01:01:09/HLA-DQA1*01:01:02:01	HLA-DQA1*01:01:02:01/HLA-DQA1*04:01:01:09		1.0	1.0	1.0	1.0	False	False		concordant (2-field)						
HG01109	HPRC-Rest	HLA-DQB1	HLA-DQB1*04:02:01:04/HLA-DQB1*05:01:01:01	HLA-DQB1*04:02:01:04/HLA-DQB1*05:01:01:01		1.0	1.0	1.0	1.0	False	False		concordant (2-field)						
HG01109	HPRC-Rest	HLA-DRB1	HLA-DRB1*08:02:01:01/HLA-DRB1*01:02:01:01	HLA-DRB1*01:02:01:01/HLA-DRB1*08:02:01:01		1.0	1.0	1.0	1.0	False	False		concordant (2-field)						
HG01123	HPRC-Rest	HLA-A	HLA-A*02:01:01:01/HLA-A*25:01:01:01	HLA-A*02:01:01:01/HLA-A*25:01:01:01		1.0	1.0	1.0	1.0	False	False		concordant (2-field)						
HG01123	HPRC-Rest	HLA-B	HLA-B*51:01:01/HLA-B*18:01:01:05	HLA-B*18:01:01:05/HLA-B*51:01:01:04		1.0	1.0	1.0	0.0	True	True		concordant (2-field)						
HG01123	HPRC-Rest	HLA-C	HLA-C*15:02:01:01/HLA-C*12:03:01:01	HLA-C*12:03:01:01/HLA-C*15:02:01:01		1.0	1.0	1.0	1.0	False	False		concordant (2-field)						
HG01123	HPRC-Rest	HLA-DQA1	HLA-DQA1*02:01:01:01/HLA-DQA1*01:03:01:02	HLA-DQA1*01:03:01:02/HLA-DQA1*02:01:01:01		1.0	1.0	1.0	1.0	False	False		concordant (2-field)						
HG01123	HPRC-Rest	HLA-DQB1	HLA-DQB1*02:02:01:01/HLA-DQB1*06:03:01:01	HLA-DQB1*02:02:01:01/HLA-DQB1*06:03:01:01		1.0	1.0	1.0	1.0	False	False		concordant (2-field)						
HG01123	HPRC-Rest	HLA-DRB1	HLA-DRB1*07:01:01:01/HLA-DRB1*13:01:01:02	HLA-DRB1*07:01:01:01/HLA-DRB1*13:01:01:02		1.0	1.0	1.0	1.0	False	False		concordant (2-field)						
HG01150	HPRC-Rest	HLA-A	HLA-A*32:01:01:01/HLA-A*31:01:02:01	HLA-A*31:01:02:01/HLA-A*32:01:01:01		1.0	1.0	1.0	1.0	False	False		concordant (2-field)						
HG01150	HPRC-Rest	HLA-B	HLA-B*35:08:01:01/HLA-B*35:43:01	HLA-B*35:08:01:01/HLA-B*35:43:01:01		1.0	1.0	1.0	0.0	False	False		concordant (2-field)						
HG01150	HPRC-Rest	HLA-C	HLA-C*04:01:01:06/HLA-C*01:02:01:01	HLA-C*01:02:01:01/HLA-C*04:01:01:06		1.0	1.0	1.0	1.0	False	False		concordant (2-field)						
HG01150	HPRC-Rest	HLA-DQA1	HLA-DQA1*01:02:02/HLA-DQA1*05:03:01:01	HLA-DQA1*01:02:02:02/HLA-DQA1*05:03:01:01		1.0	1.0	1.0	0.0	True	True		concordant (2-field)						
HG01150	HPRC-Rest	HLA-DQB1	HLA-DQB1*05:02:01:01/HLA-DQB1*03:01:01:01	HLA-DQB1*03:01:01:01/HLA-DQB1*05:02:01:01		1.0	1.0	1.0	1.0	False	False		concordant (2-field)						
HG01150	HPRC-Rest	HLA-DRB1	HLA-DRB1*15:01:01:03/HLA-DRB1*14:02:01	HLA-DRB1*14:02:01:01/HLA-DRB1*15:01:01:03		1.0	1.0	1.0	0.0	True	True		concordant (2-field)						
HG01167	HPRC-Rest	HLA-A	HLA-A*02:11:01:01/HLA-A*29:02:01:01	HLA-A*02:11:01:01/HLA-A*29:02:01:01	HLA-A*29:02:01/HLA-A*02:11:01	1.0	1.0	1.0	1.0	False	False		concordant (2-field)	1.0	1.0	1.0	1.0	1.0	1.0
HG01167	HPRC-Rest	HLA-B	HLA-B*48:02:01/HLA-B*45:01:01:14	HLA-B*45:01:01:14/HLA-B*48:02:01	HLA-B*48:02:01/HLA-B*45:01:01	1.0	1.0	1.0	1.0	False	False		concordant (2-field)	1.0	1.0	1.0	1.0	1.0	1.0
HG01167	HPRC-Rest	HLA-C	HLA-C*04:01:01:79/HLA-C*16:01:01:01	HLA-C*04:01:01:79/HLA-C*16:01:01:01	HLA-C*16:01:01/HLA-C*04:01:01	1.0	1.0	1.0	1.0	False	False		concordant (2-field)	1.0	1.0	1.0	1.0	1.0	1.0
HG01167	HPRC-Rest	HLA-DQA1	HLA-DQA1*03:01:01:01/HLA-DQA1*01:02:01:01	HLA-DQA1*01:02:01:01/HLA-DQA1*03:01:01:01	HLA-DQA1*01:02:01/HLA-DQA1*03:01:01	1.0	1.0	1.0	1.0	False	False		concordant (2-field)	1.0	1.0	1.0	1.0	1.0	1.0
HG01167	HPRC-Rest	HLA-DQB1	HLA-DQB1*03:02:01:01/HLA-DQB1*06:02:01:01	HLA-DQB1*03:02:01:01/HLA-DQB1*06:02:01:01	HLA-DQB1*06:02:01/HLA-DQB1*03:02:01	1.0	1.0	1.0	1.0	False	False		concordant (2-field)	1.0	1.0	1.0	1.0	1.0	1.0
HG01167	HPRC-Rest	HLA-DRB1	HLA-DRB1*04:11:01/HLA-DRB1*15:01:01:03	HLA-DRB1*04:11:01:02/HLA-DRB1*15:01:01:03	HLA-DRB1*15:01:01/HLA-DRB1*04:11:01	1.0	1.0	1.0	0.0	True	True		concordant (2-field)	1.0	1.0	1.0	1.0	1.0	1.0
HG01175	HPRC-Rest	HLA-A	HLA-A*03:01:01:01/HLA-A*03:01:01:05	HLA-A*03:01:01:01/HLA-A*03:01:01:05		1.0	1.0	1.0	1.0	False	False		concordant (2-field)						
HG01175	HPRC-Rest	HLA-B	HLA-B*07:02:01:01/HLA-B*53:01:01:01	HLA-B*07:02:01:01/HLA-B*53:01:01:01		1.0	1.0	1.0	1.0	False	False		concordant (2-field)						
HG01175	HPRC-Rest	HLA-C	HLA-C*07:02:01:03/HLA-C*04:01:01:75	HLA-C*04:01:01:75/HLA-C*07:02:01:03		1.0	1.0	1.0	1.0	False	False		concordant (2-field)						
HG01175	HPRC-Rest	HLA-DQA1	HLA-DQA1*01:02:01:01/HLA-DQA1*01:01:01:01	HLA-DQA1*01:01:01:01/HLA-DQA1*01:02:01:01		1.0	1.0	1.0	1.0	False	False		concordant (2-field)						
HG01175	HPRC-Rest	HLA-DQB1	HLA-DQB1*06:02:01:01/HLA-DQB1*05:01:01:03	HLA-DQB1*05:01:01:03/HLA-DQB1*06:02:01:01		1.0	1.0	1.0	1.0	False	False		concordant (2-field)						
HG01175	HPRC-Rest	HLA-DRB1	HLA-DRB1*15:01:01:01/HLA-DRB1*01:01:01:01	HLA-DRB1*01:01:01:01/HLA-DRB1*15:01:01:01		1.0	1.0	1.0	1.0	False	False		concordant (2-field)						
HG01192	HPRC-Rest	HLA-A	HLA-A*02:01:01:01/HLA-A*02:01:01:01	HLA-A*02:01:01:01/HLA-A*02:01:01:01		1.0	1.0	1.0	1.0	False	False		concordant (2-field)						
HG01192	HPRC-Rest	HLA-B	HLA-B*18:01:01:83/HLA-B*39:05:01:01	HLA-B*18:01:01:83/HLA-B*39:05:01:01		1.0	1.0	1.0	1.0	False	False		concordant (2-field)						
HG01192	HPRC-Rest	HLA-C	HLA-C*07:01:01:16/HLA-C*03:05:01:01	HLA-C*03:05:01:01/HLA-C*07:01:01:16		1.0	1.0	1.0	1.0	False	False		concordant (2-field)						
HG01192	HPRC-Rest	HLA-DQA1	HLA-DQA1*04:01:01:03/HLA-DQA1*05:01:01:01	HLA-DQA1*04:01:01:03/HLA-DQA1*05:01:01:01		1.0	1.0	1.0	1.0	False	False		concordant (2-field)						
HG01192	HPRC-Rest	HLA-DQB1	HLA-DQB1*04:02:01:04/HLA-DQB1*02:01:01:01	HLA-DQB1*02:01:01:01/HLA-DQB1*04:02:01:04		1.0	1.0	1.0	1.0	False	False		concordant (2-field)						
HG01192	HPRC-Rest	HLA-DRB1	HLA-DRB1*08:01:01:01/HLA-DRB1*03:01:01:02	HLA-DRB1*03:01:01:02/HLA-DRB1*08:01:01:01		1.0	1.0	1.0	1.0	False	False		concordant (2-field)						
HG01243	HPRC-Rest	HLA-A	HLA-A*74:01:01:01/HLA-A*02:02:01:01	HLA-A*02:02:01:01/HLA-A*74:01:01:01		1.0	1.0	1.0	1.0	False	False		concordant (2-field)						
HG01243	HPRC-Rest	HLA-B	HLA-B*15:03:01:02/HLA-B*44:03:01:01	HLA-B*15:03:01:02/HLA-B*44:03:01:01		1.0	1.0	1.0	1.0	False	False		concordant (2-field)						
HG01243	HPRC-Rest	HLA-C	HLA-C*02:10:01:01/HLA-C*16:01:01:01	HLA-C*02:10:01:01/HLA-C*16:01:01:01		1.0	1.0	1.0	1.0	False	False		concordant (2-field)						
HG01243	HPRC-Rest	HLA-DQA1	HLA-DQA1*01:02:01:23/HLA-DQA1*01:03:01:02	HLA-DQA1*01:02:01:23/HLA-DQA1*01:03:01:02		1.0	1.0	1.0	1.0	False	False		concordant (2-field)						
HG01243	HPRC-Rest	HLA-DQB1	HLA-DQB1*06:09:01:01/HLA-DQB1*06:03:01:01	HLA-DQB1*06:03:01:01/HLA-DQB1*06:09:01:01		1.0	1.0	1.0	1.0	False	False		concordant (2-field)						
HG01243	HPRC-Rest	HLA-DRB1	HLA-DRB1*13:02:01:04/HLA-DRB1*13:01:01:02	HLA-DRB1*13:01:01:02/HLA-DRB1*13:02:01:04		1.0	1.0	1.0	1.0	False	False		concordant (2-field)						
HG01252	HPRC-Rest	HLA-A	HLA-A*24:02:01:01/HLA-A*24:02:01:01	HLA-A*24:02:01:01/HLA-A*24:02:01:01		1.0	1.0	1.0	1.0	False	False		concordant (2-field)						
HG01252	HPRC-Rest	HLA-B	HLA-B*35:43:01/HLA-B*35:43:01	HLA-B*35:43:01:01/HLA-B*35:43:01:01		1.0	1.0	1.0	0.0	False	False		concordant (2-field)						
HG01252	HPRC-Rest	HLA-C	HLA-C*01:02:01:01/HLA-C*01:02:01:01	HLA-C*01:02:01:01/HLA-C*01:02:01:01		1.0	1.0	1.0	1.0	False	False		concordant (2-field)						
HG01252	HPRC-Rest	HLA-DQA1	HLA-DQA1*03:01:01:01/HLA-DQA1*03:01:01:01	HLA-DQA1*03:01:01:01/HLA-DQA1*03:01:01:01		1.0	1.0	1.0	1.0	False	False		concordant (2-field)						
HG01252	HPRC-Rest	HLA-DQB1	HLA-DQB1*03:02:01:01/HLA-DQB1*03:02:01:01	HLA-DQB1*03:02:01:01/HLA-DQB1*03:02:01:01		1.0	1.0	1.0	1.0	False	False		concordant (2-field)						
HG01252	HPRC-Rest	HLA-DRB1	HLA-DRB1*04:04:01/HLA-DRB1*04:92	HLA-DRB1*04:04:01:05/HLA-DRB1*04:92		1.0	1.0	1.0	0.0	True	True		concordant (2-field)						
HG01255	HPRC-Rest	HLA-A	HLA-A*30:02:01:01/HLA-A*02:02:01:01	HLA-A*02:02:01:01/HLA-A*30:02:01:01		1.0	1.0	1.0	1.0	False	False		concordant (2-field)						
HG01255	HPRC-Rest	HLA-B	HLA-B*27:05:02:05/HLA-B*07:02:01:14	HLA-B*07:02:01:14/HLA-B*27:05:02:05		1.0	1.0	1.0	1.0	False	False		concordant (2-field)						
HG01255	HPRC-Rest	HLA-C	HLA-C*01:02:01:01/HLA-C*07:02:01:01	HLA-C*01:02:01:01/HLA-C*07:02:01:01		1.0	1.0	1.0	1.0	False	False		concordant (2-field)						
HG01255	HPRC-Rest	HLA-DQA1	HLA-DQA1*01:03:01:02/HLA-DQA1*01:02:01:03	HLA-DQA1*01:02:01:03/HLA-DQA1*01:03:01:02		1.0	1.0	1.0	1.0	False	False		concordant (2-field)						
HG01255	HPRC-Rest	HLA-DQB1	HLA-DQB1*06:03:01:01/HLA-DQB1*06:02:01:01	HLA-DQB1*06:02:01:01/HLA-DQB1*06:03:01:01		1.0	1.0	1.0	1.0	False	False		concordant (2-field)						
HG01255	HPRC-Rest	HLA-DRB1	HLA-DRB1*13:01:01:02/HLA-DRB1*15:03:01:03	HLA-DRB1*13:01:01:02/HLA-DRB1*15:03:01:03		1.0	1.0	1.0	1.0	False	False		concordant (2-field)						
HG01258	HPRC-Rest	HLA-A	HLA-A*02:147/HLA-A*03:01:01:01	HLA-A*02:147/HLA-A*03:01:01:01		1.0	1.0	1.0	1.0	True	False		concordant (2-field)						
HG01258	HPRC-Rest	HLA-B	HLA-B*15:01:01:01/HLA-B*07:02:01:01	HLA-B*07:02:01:01/HLA-B*15:01:01:01		1.0	1.0	1.0	1.0	False	False		concordant (2-field)						
HG01258	HPRC-Rest	HLA-C	HLA-C*03:03:01:01/HLA-C*07:02:01:03	HLA-C*03:03:01:01/HLA-C*07:02:01:03		1.0	1.0	1.0	1.0	False	False		concordant (2-field)						
HG01258	HPRC-Rest	HLA-DQA1	HLA-DQA1*01:03:01:02/HLA-DQA1*01:05:01:01	HLA-DQA1*01:03:01:02/HLA-DQA1*01:05:01:01		1.0	1.0	1.0	1.0	False	False		concordant (2-field)						
HG01258	HPRC-Rest	HLA-DQB1	HLA-DQB1*06:03:01:01/HLA-DQB1*05:01:01:05	HLA-DQB1*05:01:01:05/HLA-DQB1*06:03:01:01		1.0	1.0	1.0	1.0	False	False		concordant (2-field)						
HG01258	HPRC-Rest	HLA-DRB1	HLA-DRB1*13:01:01:02/HLA-DRB1*10:01:01:03	HLA-DRB1*10:01:01:03/HLA-DRB1*13:01:01:02		1.0	1.0	1.0	1.0	False	False		concordant (2-field)						
HG01261	HPRC-Rest	HLA-A	HLA-A*03:01:01:05/HLA-A*03:01:01:01	HLA-A*03:01:01:01/HLA-A*03:01:01:05		1.0	1.0	1.0	1.0	False	False		concordant (2-field)						
HG01261	HPRC-Rest	HLA-B	HLA-B*51:193:01/HLA-B*14:02:01:01	HLA-B*14:02:01:01/HLA-B*51:193:01		1.0	1.0	1.0	1.0	False	False		concordant (2-field)						
HG01261	HPRC-Rest	HLA-C	HLA-C*15:02:01:01/HLA-C*08:02:01:01	HLA-C*08:02:01:01/HLA-C*15:02:01:01		1.0	1.0	1.0	1.0	False	False		concordant (2-field)						
HG01261	HPRC-Rest	HLA-DQA1	HLA-DQA1*03:02:01:01/HLA-DQA1*04:01:01:09	HLA-DQA1*03:02:01:01/HLA-DQA1*04:01:01:09		1.0	1.0	1.0	1.0	False	False		concordant (2-field)						
HG01261	HPRC-Rest	HLA-DQB1	HLA-DQB1*03:03:02:02/HLA-DQB1*04:02:01:04	HLA-DQB1*03:03:02:02/HLA-DQB1*04:02:01:04		1.0	1.0	1.0	1.0	False	False		concordant (2-field)						
HG01261	HPRC-Rest	HLA-DRB1	HLA-DRB1*09:01:02:05/HLA-DRB1*08:02:01:01	HLA-DRB1*08:02:01:01/HLA-DRB1*09:01:02:05		1.0	1.0	1.0	1.0	False	False		concordant (2-field)						
HG01346	HPRC-Rest	HLA-A	HLA-A*24:02:01:01/HLA-A*03:01:01:01	HLA-A*03:01:01:01/HLA-A*24:02:01:01		1.0	1.0	1.0	1.0	False	False		concordant (2-field)						
HG01346	HPRC-Rest	HLA-B	HLA-B*35:12:01:01/HLA-B*38:01:01:01	HLA-B*35:12:01:01/HLA-B*38:01:01:01		1.0	1.0	1.0	1.0	False	False		concordant (2-field)						
HG01346	HPRC-Rest	HLA-C	HLA-C*04:01:01:79/HLA-C*12:03:01:01	HLA-C*04:01:01:79/HLA-C*12:03:01:01		1.0	1.0	1.0	1.0	False	False		concordant (2-field)						
HG01346	HPRC-Rest	HLA-DQA1	HLA-DQA1*05:03:01:01/HLA-DQA1*01:04:01:02	HLA-DQA1*01:04:01:02/HLA-DQA1*05:03:01:01		1.0	1.0	1.0	1.0	False	False		concordant (2-field)						
HG01346	HPRC-Rest	HLA-DQB1	HLA-DQB1*03:01:01:01/HLA-DQB1*05:03:01:01	HLA-DQB1*03:01:01:01/HLA-DQB1*05:03:01:01		1.0	1.0	1.0	1.0	False	False		concordant (2-field)						
HG01346	HPRC-Rest	HLA-DRB1	HLA-DRB1*14:02:01/HLA-DRB1*13:02:01	HLA-DRB1*13:02:01:13/HLA-DRB1*14:02:01:01		1.0	1.0	1.0	0.0	True	True		concordant (2-field)						
HG01358	HPRC-Rest	HLA-A	HLA-A*24:02:01:01/HLA-A*30:02:01:01	HLA-A*24:02:01:01/HLA-A*30:02:01:01		1.0	1.0	1.0	1.0	False	False		concordant (2-field)						
HG01358	HPRC-Rest	HLA-B	HLA-B*35:43:01/HLA-B*49:01:01:04	HLA-B*35:43:01:01/HLA-B*49:01:01:04		1.0	1.0	1.0	0.0	False	False		concordant (2-field)						
HG01358	HPRC-Rest	HLA-C	HLA-C*01:02:01:01/HLA-C*07:01:01:16	HLA-C*01:02:01:01/HLA-C*07:01:01:16		1.0	1.0	1.0	1.0	False	False		concordant (2-field)						
HG01358	HPRC-Rest	HLA-DQA1	HLA-DQA1*03:01:01:01/HLA-DQA1*01:02:01:04	HLA-DQA1*01:02:01:04/HLA-DQA1*03:01:01:01		1.0	1.0	1.0	1.0	False	False		concordant (2-field)						
HG01358	HPRC-Rest	HLA-DQB1	HLA-DQB1*03:02:01:01/HLA-DQB1*06:04:01:01	HLA-DQB1*03:02:01:01/HLA-DQB1*06:04:01:01		1.0	1.0	1.0	1.0	False	False		concordant (2-field)						
HG01358	HPRC-Rest	HLA-DRB1	HLA-DRB1*04:92/HLA-DRB1*13:02:01	HLA-DRB1*04:92/HLA-DRB1*13:02:01:02		1.0	1.0	1.0	0.0	True	True		concordant (2-field)						
HG01361	HPRC-Rest	HLA-A	HLA-A*34:02:01:01/HLA-A*02:01:01:01	HLA-A*02:01:01:01/HLA-A*34:02:01:01		1.0	1.0	1.0	1.0	False	False		concordant (2-field)						
HG01361	HPRC-Rest	HLA-B	HLA-B*58:02:01:01/HLA-B*44:03:01:01	HLA-B*44:03:01:01/HLA-B*58:02:01:01		1.0	1.0	1.0	1.0	False	False		concordant (2-field)						
HG01361	HPRC-Rest	HLA-C	HLA-C*06:02:01:95/HLA-C*16:01:01:01	HLA-C*06:02:01:95/HLA-C*16:01:01:01		1.0	1.0	1.0	1.0	False	False		concordant (2-field)						
HG01361	HPRC-Rest	HLA-DQA1	HLA-DQA1*05:05:01:35/HLA-DQA1*02:01:01:01	HLA-DQA1*02:01:01:01/HLA-DQA1*05:05:01:35		1.0	1.0	1.0	1.0	False	False		concordant (2-field)						
HG01361	HPRC-Rest	HLA-DQB1	HLA-DQB1*03:01:01:16/HLA-DQB1*02:02:01:01	HLA-DQB1*02:02:01:01/HLA-DQB1*03:01:01:16		1.0	1.0	1.0	1.0	False	False		concordant (2-field)						
HG01361	HPRC-Rest	HLA-DRB1	HLA-DRB1*11:02:01/HLA-DRB1*07:01:01:01	HLA-DRB1*07:01:01:01/HLA-DRB1*11:02:01:03		1.0	1.0	1.0	0.0	True	True		concordant (2-field)						
HG01433	HPRC-Rest	HLA-A	HLA-A*02:01:01:01/HLA-A*02:01:01:01	HLA-A*02:01:01:01/HLA-A*02:01:01:01		1.0	1.0	1.0	1.0	False	False		concordant (2-field)						
HG01433	HPRC-Rest	HLA-B	HLA-B*27:05:02:05/HLA-B*08:01:01:01	HLA-B*08:01:01:01/HLA-B*27:05:02:05		1.0	1.0	1.0	1.0	False	False		concordant (2-field)						
HG01433	HPRC-Rest	HLA-C	HLA-C*02:02:02:01/HLA-C*07:01:01:01	HLA-C*02:02:02:01/HLA-C*07:01:01:01		1.0	1.0	1.0	1.0	False	False		concordant (2-field)						
HG01433	HPRC-Rest	HLA-DQA1	HLA-DQA1*03:01:01:01/HLA-DQA1*02:01:01:01	HLA-DQA1*02:01:01:01/HLA-DQA1*03:01:01:01		1.0	1.0	1.0	1.0	False	False		concordant (2-field)						
HG01433	HPRC-Rest	HLA-DQB1	HLA-DQB1*03:02:01:01/HLA-DQB1*02:02:01:01	HLA-DQB1*02:02:01:01/HLA-DQB1*03:02:01:01		1.0	1.0	1.0	1.0	False	False		concordant (2-field)						
HG01433	HPRC-Rest	HLA-DRB1	HLA-DRB1*04:03:01/HLA-DRB1*07:01:01:01	HLA-DRB1*04:03:01:01/HLA-DRB1*07:01:01:01		1.0	1.0	1.0	0.0	True	True		concordant (2-field)						
HG01496	HPRC-Rest	HLA-A	HLA-A*02:01:01:01/HLA-A*24:02:01:01	HLA-A*02:01:01:01/HLA-A*24:02:01:01		1.0	1.0	1.0	1.0	False	False		concordant (2-field)						
HG01496	HPRC-Rest	HLA-B	HLA-B*07:02:01:01/HLA-B*40:02:01:01	HLA-B*07:02:01:01/HLA-B*40:02:01:01		1.0	1.0	1.0	1.0	False	False		concordant (2-field)						
HG01496	HPRC-Rest	HLA-C	HLA-C*07:02:01:03/HLA-C*03:05:01:01	HLA-C*03:05:01:01/HLA-C*07:02:01:03		1.0	1.0	1.0	1.0	False	False		concordant (2-field)						
HG01496	HPRC-Rest	HLA-DQA1	HLA-DQA1*01:01:01:01/HLA-DQA1*03:01:01:01	HLA-DQA1*01:01:01:01/HLA-DQA1*03:01:01:01		1.0	1.0	1.0	1.0	False	False		concordant (2-field)						
HG01496	HPRC-Rest	HLA-DQB1	HLA-DQB1*05:01:01:03/HLA-DQB1*03:02:01:01	HLA-DQB1*03:02:01:01/HLA-DQB1*05:01:01:03		1.0	1.0	1.0	1.0	False	False		concordant (2-field)						
HG01496	HPRC-Rest	HLA-DRB1	HLA-DRB1*01:03:01:01/HLA-DRB1*04:03:01	HLA-DRB1*01:03:01:01/HLA-DRB1*04:03:01:03		1.0	1.0	1.0	0.0	True	True		concordant (2-field)						
HG01530	HPRC-Rest	HLA-A	HLA-A*02:01:01:01/HLA-A*24:02:01:04	HLA-A*02:01:01:01/HLA-A*24:02:01:04	HLA-A*24:02:01/HLA-A*02:01:01	1.0	1.0	1.0	1.0	False	False		concordant (2-field)	1.0	1.0	1.0	1.0	1.0	1.0
HG01530	HPRC-Rest	HLA-B	HLA-B*07:02:01:01/HLA-B*35:03:01	HLA-B*07:02:01:01/HLA-B*35:03:01:01	HLA-B*35:03:01/HLA-B*07:02:01	1.0	1.0	1.0	0.0	True	False		concordant (2-field)	1.0	1.0	1.0	1.0	1.0	1.0
HG01530	HPRC-Rest	HLA-C	HLA-C*07:02:01:03/HLA-C*12:03:01:01	HLA-C*07:02:01:03/HLA-C*12:03:01:01	HLA-C*07:02:01/HLA-C*12:03:01	1.0	1.0	1.0	1.0	False	False		concordant (2-field)	1.0	1.0	1.0	1.0	1.0	1.0
HG01530	HPRC-Rest	HLA-DQA1	HLA-DQA1*01:01:01:01/HLA-DQA1*02:01:01:01	HLA-DQA1*01:01:01:01/HLA-DQA1*02:01:01:01	HLA-DQA1*01:01:01/HLA-DQA1*02:01:01	1.0	1.0	1.0	1.0	False	False		concordant (2-field)	1.0	1.0	1.0	1.0	1.0	1.0
HG01530	HPRC-Rest	HLA-DQB1	HLA-DQB1*05:01:01:03/HLA-DQB1*02:02:01:01	HLA-DQB1*02:02:01:01/HLA-DQB1*05:01:01:03	HLA-DQB1*05:01:01/HLA-DQB1*02:02:01	1.0	1.0	1.0	1.0	False	False		concordant (2-field)	1.0	1.0	1.0	1.0	1.0	1.0
HG01530	HPRC-Rest	HLA-DRB1	HLA-DRB1*01:03:01:01/HLA-DRB1*07:01:01:01	HLA-DRB1*01:03:01:01/HLA-DRB1*07:01:01:01	HLA-DRB1*01:03:01/HLA-DRB1*07:01:01	1.0	1.0	1.0	1.0	False	False		concordant (2-field)	1.0	1.0	1.0	1.0	1.0	1.0
HG01784	HPRC-Rest	HLA-A	HLA-A*02:01:01:01/HLA-A*23:01:01:01	HLA-A*02:01:01:01/HLA-A*23:01:01:01	HLA-A*23:01:01/HLA-A*02:01:01	1.0	1.0	1.0	1.0	False	False		concordant (2-field)	1.0	1.0	1.0	1.0	1.0	1.0
HG01784	HPRC-Rest	HLA-B	HLA-B*44:02:01:01/HLA-B*44:03:01:19	HLA-B*44:02:01:01/HLA-B*44:03:01:19	HLA-B*44:03:01/HLA-B*44:02:01	1.0	1.0	1.0	1.0	False	False		concordant (2-field)	1.0	1.0	1.0	1.0	1.0	1.0
HG01784	HPRC-Rest	HLA-C	HLA-C*05:01:01:02/HLA-C*04:01:01:14	HLA-C*04:01:01:14/HLA-C*05:01:01:02	HLA-C*04:01:01/HLA-C*05:01:01	1.0	1.0	1.0	1.0	False	False		concordant (2-field)	1.0	1.0	1.0	1.0	1.0	1.0
HG01784	HPRC-Rest	HLA-DQA1	HLA-DQA1*03:03:01:05/HLA-DQA1*03:03:01:01	HLA-DQA1*03:03:01:01/HLA-DQA1*03:03:01:05	HLA-DQA1*03:03:01/HLA-DQA1*03:03:01	1.0	1.0	1.0	1.0	False	False		concordant (2-field)	1.0	1.0	1.0	1.0	1.0	1.0
HG01784	HPRC-Rest	HLA-DQB1	HLA-DQB1*02:02:01:02/HLA-DQB1*03:01:01:01	HLA-DQB1*02:02:01:02/HLA-DQB1*03:01:01:01	HLA-DQB1*02:02:01/HLA-DQB1*03:01:01	1.0	1.0	1.0	1.0	False	False		concordant (2-field)	1.0	1.0	1.0	1.0	1.0	1.0
HG01784	HPRC-Rest	HLA-DRB1	HLA-DRB1*04:05:01/HLA-DRB1*04:01:01	HLA-DRB1*04:01:01:04/HLA-DRB1*04:05:01:06	HLA-DRB1*04:05:01/HLA-DRB1*04:01:01	1.0	1.0	1.0	0.0	True	True		concordant (2-field)	1.0	1.0	1.0	1.0	1.0	1.0
HG01786	HPRC-Rest	HLA-A	HLA-A*02:01:01:01/HLA-A*03:01:01:01	HLA-A*02:01:01:01/HLA-A*03:01:01:01	HLA-A*03:01:01/HLA-A*02:01:01	1.0	1.0	1.0	1.0	False	False		concordant (2-field)	1.0	1.0	1.0	1.0	1.0	1.0
HG01786	HPRC-Rest	HLA-B	HLA-B*44:02:01:01/HLA-B*15:17:01	HLA-B*15:17:01:03/HLA-B*44:02:01:01	HLA-B*15:17:01/HLA-B*44:02:01	1.0	1.0	1.0	0.0	True	True		concordant (2-field)	1.0	1.0	1.0	1.0	1.0	1.0
HG01786	HPRC-Rest	HLA-C	HLA-C*05:01:01:45/HLA-C*07:01:02:01	HLA-C*05:01:01:45/HLA-C*07:01:02:01	HLA-C*07:01:02/HLA-C*05:01:01	1.0	1.0	1.0	1.0	False	False		concordant (2-field)	1.0	1.0	1.0	1.0	1.0	1.0
HG01786	HPRC-Rest	HLA-DQA1	HLA-DQA1*05:05:01:04/HLA-DQA1*01:02:01:04	HLA-DQA1*01:02:01:04/HLA-DQA1*05:05:01:02	HLA-DQA1*01:02:01/HLA-DQA1*05:05:01	1.0	1.0	1.0	0.0	False	True		concordant (2-field)	1.0	1.0	1.0	1.0	1.0	1.0
HG01786	HPRC-Rest	HLA-DQB1	HLA-DQB1*03:01:01:03/HLA-DQB1*06:04:01:01	HLA-DQB1*03:01:01:03/HLA-DQB1*06:04:01:01	HLA-DQB1*06:04:01/HLA-DQB1*03:01:01	1.0	1.0	1.0	1.0	False	False		concordant (2-field)	1.0	1.0	1.0	1.0	1.0	1.0
HG01786	HPRC-Rest	HLA-DRB1	HLA-DRB1*11:01:01/HLA-DRB1*13:02:01	HLA-DRB1*11:01:01:01/HLA-DRB1*13:02:01:02	HLA-DRB1*13:02:01/HLA-DRB1*11:01:01	1.0	1.0	1.0	0.0	True	True		concordant (2-field)	1.0	1.0	1.0	1.0	1.0	1.0
HG01884	HPRC-Rest	HLA-A	HLA-A*33:03:01:01/HLA-A*30:01:01:01	HLA-A*30:01:01:01/HLA-A*33:03:01:01		1.0	1.0	1.0	1.0	False	False		concordant (2-field)						
HG01884	HPRC-Rest	HLA-B	HLA-B*35:01:01:06/HLA-B*57:03:01:05	HLA-B*35:01:01:06/HLA-B*57:03:01:05		1.0	1.0	1.0	1.0	False	False		concordant (2-field)						
HG01884	HPRC-Rest	HLA-C	HLA-C*07:18:01:01/HLA-C*18:02:01:01	HLA-C*07:18:01:01/HLA-C*18:02:01:01		1.0	1.0	1.0	1.0	False	False		concordant (2-field)						
HG01884	HPRC-Rest	HLA-DQA1	HLA-DQA1*05:05:01/HLA-DQA1*01:02:01:14	HLA-DQA1*01:02:01:14/HLA-DQA1*05:05:01:13		1.0	1.0	1.0	0.0	True	True		concordant (2-field)						
HG01884	HPRC-Rest	HLA-DQB1	HLA-DQB1*03:19:01:01/HLA-DQB1*05:01:01:03	HLA-DQB1*03:19:01:01/HLA-DQB1*05:01:01:03		1.0	1.0	1.0	1.0	False	False		concordant (2-field)						
HG01884	HPRC-Rest	HLA-DRB1	HLA-DRB1*13:04/HLA-DRB1*13:01:01	HLA-DRB1*13:01:01:10/HLA-DRB1*13:04		1.0	1.0	1.0	0.0	True	True		concordant (2-field)						
HG01891	HPRC-Rest	HLA-A	HLA-A*30:01:01:01/HLA-A*30:01:01:01	HLA-A*30:01:01:01/HLA-A*30:01:01:01		1.0	1.0	1.0	1.0	False	False		concordant (2-field)						
HG01891	HPRC-Rest	HLA-B	HLA-B*07:02:01:14/HLA-B*42:01:01:01	HLA-B*07:02:01:14/HLA-B*42:01:01:01		1.0	1.0	1.0	1.0	False	False		concordant (2-field)						
HG01891	HPRC-Rest	HLA-C	HLA-C*07:02:01:01/HLA-C*17:01:01	HLA-C*07:02:01:01/HLA-C*17:01:01:02		1.0	1.0	1.0	0.0	True	True		concordant (2-field)						
HG01891	HPRC-Rest	HLA-DQA1	HLA-DQA1*01:02:01:03/HLA-DQA1*01:01:02:01	HLA-DQA1*01:01:02:01/HLA-DQA1*01:02:01:03		1.0	1.0	1.0	1.0	False	False		concordant (2-field)						
HG01891	HPRC-Rest	HLA-DQB1	HLA-DQB1*06:02:01:01/HLA-DQB1*05:01:01:01	HLA-DQB1*05:01:01:01/HLA-DQB1*06:02:01:01		1.0	1.0	1.0	1.0	False	False		concordant (2-field)						
HG01891	HPRC-Rest	HLA-DRB1	HLA-DRB1*15:03:01:03/HLA-DRB1*01:02:01:01	HLA-DRB1*01:02:01:01/HLA-DRB1*15:03:01:03		1.0	1.0	1.0	1.0	False	False		concordant (2-field)						
HG01928	HPRC-Rest	HLA-A	HLA-A*02:01:01:01/HLA-A*02:01:01:01	HLA-A*02:01:01:01/HLA-A*02:01:01:01		1.0	1.0	1.0	1.0	False	False		concordant (2-field)						
HG01928	HPRC-Rest	HLA-B	HLA-B*35:01:01:84/HLA-B*35:10	HLA-B*35:01:01:84/HLA-B*35:10		1.0	1.0	1.0	1.0	True	True		concordant (2-field)						
HG01928	HPRC-Rest	HLA-C	HLA-C*04:01:01:79/HLA-C*04:01:01:35	HLA-C*04:01:01:11/HLA-C*04:01:01:35		1.0	1.0	1.0	0.0	False	False		concordant (2-field)						
HG01928	HPRC-Rest	HLA-DQA1	HLA-DQA1*03:01:01:01/HLA-DQA1*03:02:01:01	HLA-DQA1*03:01:01:01/HLA-DQA1*03:02:01:01		1.0	1.0	1.0	1.0	False	False		concordant (2-field)						
HG01928	HPRC-Rest	HLA-DQB1	HLA-DQB1*03:02:01:01/HLA-DQB1*03:03:02:04	HLA-DQB1*03:02:01:01/HLA-DQB1*03:03:02:04		1.0	1.0	1.0	1.0	False	False		concordant (2-field)						
HG01928	HPRC-Rest	HLA-DRB1	HLA-DRB1*04:04:01/HLA-DRB1*09:01:02	HLA-DRB1*04:04:01:05/HLA-DRB1*09:01:02:03		1.0	1.0	1.0	0.0	True	True		concordant (2-field)						
HG01934	HPRC-Rest	HLA-A	HLA-A*29:02:01:01/HLA-A*02:64:01	HLA-A*02:64:01/HLA-A*29:02:01:01		1.0	1.0	1.0	1.0	False	False		concordant (2-field)						
HG01934	HPRC-Rest	HLA-B	HLA-B*44:03:01:01/HLA-B*40:111	HLA-B*40:111/HLA-B*44:03:01:01		1.0	1.0	1.0	1.0	False	False		concordant (2-field)						
HG01934	HPRC-Rest	HLA-C	HLA-C*16:01:01:01/HLA-C*03:78	HLA-C*03:78/HLA-C*16:01:01:01		1.0	1.0	1.0	1.0	True	False		concordant (2-field)						
HG01934	HPRC-Rest	HLA-DQA1	HLA-DQA1*01:02:01:10/HLA-DQA1*03:01:01:01	HLA-DQA1*01:02:01:10/HLA-DQA1*03:01:01:01		1.0	1.0	1.0	1.0	False	False		concordant (2-field)						
HG01934	HPRC-Rest	HLA-DQB1	HLA-DQB1*06:02:01:01/HLA-DQB1*03:02:01:01	HLA-DQB1*03:02:01:01/HLA-DQB1*06:02:01:01		1.0	1.0	1.0	1.0	False	False		concordant (2-field)						
HG01934	HPRC-Rest	HLA-DRB1	HLA-DRB1*15:01:01:03/HLA-DRB1*04:04:01	HLA-DRB1*04:04:01:05/HLA-DRB1*15:01:01:03		1.0	1.0	1.0	0.0	True	True		concordant (2-field)						
HG01940	HPRC-Rest	HLA-A	HLA-A*02:11:01:01/HLA-A*02:01:01:01	HLA-A*02:01:01:01/HLA-A*02:11:01:01		1.0	1.0	1.0	1.0	False	False		concordant (2-field)						
HG01940	HPRC-Rest	HLA-B	HLA-B*39:05:01:02/HLA-B*35:05:01:02	HLA-B*35:05:01:02/HLA-B*39:05:01:02		1.0	1.0	1.0	1.0	False	False		concordant (2-field)						
HG01940	HPRC-Rest	HLA-C	HLA-C*07:02:01:01/HLA-C*04:01:01:79	HLA-C*04:01:01:79/HLA-C*07:02:01:01		1.0	1.0	1.0	1.0	False	False		concordant (2-field)						
HG01940	HPRC-Rest	HLA-DQA1	HLA-DQA1*05:03:01:01/HLA-DQA1*05:03:01:01	HLA-DQA1*05:03:01:01/HLA-DQA1*05:03:01:01		1.0	1.0	1.0	1.0	False	False		concordant (2-field)						
HG01940	HPRC-Rest	HLA-DQB1	HLA-DQB1*03:01:01:01/HLA-DQB1*03:01:01:01	HLA-DQB1*03:01:01:01/HLA-DQB1*03:01:01:01		1.0	1.0	1.0	1.0	False	False		concordant (2-field)						
HG01940	HPRC-Rest	HLA-DRB1	HLA-DRB1*14:02:01/HLA-DRB1*14:02:01	HLA-DRB1*14:02:01:01/HLA-DRB1*14:06:01		1.0	0.0	0.0	0.0	True	True	6.0	FuFiHLA artefact (consensus not present in the assembly)						
HG01943	HPRC-Rest	HLA-A	HLA-A*02:01:01:01/HLA-A*02:01:01:01	HLA-A*02:01:01:01/HLA-A*02:01:01:01		1.0	1.0	1.0	1.0	False	False		concordant (2-field)						
HG01943	HPRC-Rest	HLA-B	HLA-B*35:10/HLA-B*35:05:01:02	HLA-B*35:05:01:02/HLA-B*35:10		1.0	1.0	1.0	1.0	True	True		concordant (2-field)						
HG01943	HPRC-Rest	HLA-C	HLA-C*03:04:01:02/HLA-C*04:01:01:79	HLA-C*03:04:01:02/HLA-C*04:01:01:79		1.0	1.0	1.0	1.0	False	False		concordant (2-field)						
HG01943	HPRC-Rest	HLA-DQA1	HLA-DQA1*03:01:01:01/HLA-DQA1*03:02:01:01	HLA-DQA1*03:01:01:01/HLA-DQA1*03:02:01:01		1.0	1.0	1.0	1.0	False	False		concordant (2-field)						
HG01943	HPRC-Rest	HLA-DQB1	HLA-DQB1*03:02:01:01/HLA-DQB1*03:03:02:04	HLA-DQB1*03:02:01:01/HLA-DQB1*03:03:02:04		1.0	1.0	1.0	1.0	False	False		concordant (2-field)						
HG01943	HPRC-Rest	HLA-DRB1	HLA-DRB1*04:92/HLA-DRB1*09:06	HLA-DRB1*04:92/HLA-DRB1*09:06		1.0	1.0	1.0	1.0	True	True		concordant (2-field)						
HG01952	HPRC-Rest	HLA-A	HLA-A*68:01:02:01/HLA-A*02:11:01	HLA-A*02:11:01:01/HLA-A*68:01:02:01		1.0	1.0	1.0	0.0	True	True		concordant (2-field)						
HG01952	HPRC-Rest	HLA-B	HLA-B*39:09:01:01/HLA-B*40:02:01:01	HLA-B*39:09:01:01/HLA-B*40:02:01:01		1.0	1.0	1.0	1.0	False	False		concordant (2-field)						
HG01952	HPRC-Rest	HLA-C	HLA-C*03:04:01:02/HLA-C*03:05:01	HLA-C*03:04:01:02/HLA-C*03:05:01:02		1.0	1.0	1.0	0.0	True	True		concordant (2-field)						
HG01952	HPRC-Rest	HLA-DQA1	HLA-DQA1*05:03:01:01/HLA-DQA1*03:03:01:06	HLA-DQA1*03:03:01:06/HLA-DQA1*05:03:01:01		1.0	1.0	1.0	1.0	False	False		concordant (2-field)						
HG01952	HPRC-Rest	HLA-DQB1	HLA-DQB1*03:01:01:01/HLA-DQB1*03:02:01:01	HLA-DQB1*03:01:01:01/HLA-DQB1*03:02:01:01		1.0	1.0	1.0	1.0	False	False		concordant (2-field)						
HG01952	HPRC-Rest	HLA-DRB1	HLA-DRB1*14:02:01/HLA-DRB1*04:10:01	HLA-DRB1*04:10:01/HLA-DRB1*14:02:01:01		1.0	1.0	1.0	0.0	True	True		concordant (2-field)						
HG01960	HPRC-Rest	HLA-A	HLA-A*03:01:01:05/HLA-A*34:02:01:01	HLA-A*03:01:01:05/HLA-A*34:02:01:01		1.0	1.0	1.0	1.0	False	False		concordant (2-field)						
HG01960	HPRC-Rest	HLA-B	HLA-B*35:01:01:06/HLA-B*35:01:01:61	HLA-B*35:01:01:06/HLA-B*35:01:01:61		1.0	1.0	1.0	1.0	False	False		concordant (2-field)						
HG01960	HPRC-Rest	HLA-C	HLA-C*04:01:01:14/HLA-C*04:01:01:14	HLA-C*04:01:01:14/HLA-C*04:01:01:14		1.0	1.0	1.0	1.0	False	False		concordant (2-field)						
HG01960	HPRC-Rest	HLA-DQA1	HLA-DQA1*02:01:01:01/HLA-DQA1*01:02:01:14	HLA-DQA1*01:02:01:14/HLA-DQA1*02:01:01:01		1.0	1.0	1.0	1.0	False	False		concordant (2-field)						
HG01960	HPRC-Rest	HLA-DQB1	HLA-DQB1*02:02:01:01/HLA-DQB1*05:01:01:03	HLA-DQB1*02:02:01:01/HLA-DQB1*05:01:01:03		1.0	1.0	1.0	1.0	False	False		concordant (2-field)						
HG01960	HPRC-Rest	HLA-DRB1	HLA-DRB1*07:01:01/HLA-DRB1*13:01:01	HLA-DRB1*07:01:01:04/HLA-DRB1*13:01:01:10		1.0	1.0	1.0	0.0	True	True		concordant (2-field)						
HG01969	HPRC-Rest	HLA-A	HLA-A*01:01:01:01/HLA-A*02:01:01:01	HLA-A*01:01:01:01/HLA-A*02:01:01:01		1.0	1.0	1.0	1.0	False	False		concordant (2-field)						
HG01969	HPRC-Rest	HLA-B	HLA-B*08:01:01:01/HLA-B*07:02:01:111	HLA-B*07:02:01:111/HLA-B*08:01:01:01		1.0	1.0	1.0	1.0	False	False		concordant (2-field)						
HG01969	HPRC-Rest	HLA-C	HLA-C*07:01:01:01/HLA-C*07:02:01:03	HLA-C*07:01:01:01/HLA-C*07:02:01:03		1.0	1.0	1.0	1.0	False	False		concordant (2-field)						
HG01969	HPRC-Rest	HLA-DQA1	HLA-DQA1*02:01:01:01/HLA-DQA1*01:01:01:01	HLA-DQA1*01:01:01:01/HLA-DQA1*02:01:01:01		1.0	1.0	1.0	1.0	False	False		concordant (2-field)						
HG01969	HPRC-Rest	HLA-DQB1	HLA-DQB1*02:02:01:01/HLA-DQB1*05:01:01:03	HLA-DQB1*02:02:01:01/HLA-DQB1*05:01:01:03		1.0	1.0	1.0	1.0	False	False		concordant (2-field)						
HG01969	HPRC-Rest	HLA-DRB1	HLA-DRB1*07:01:01/HLA-DRB1*01:03:01:01	HLA-DRB1*01:03:01:01/HLA-DRB1*07:01:01:01		1.0	1.0	1.0	0.0	True	True		concordant (2-field)						
HG01975	HPRC-Rest	HLA-A	HLA-A*68:01:02:01/HLA-A*02:01:01:01	HLA-A*02:01:01:01/HLA-A*68:01:02:01		1.0	1.0	1.0	1.0	False	False		concordant (2-field)						
HG01975	HPRC-Rest	HLA-B	HLA-B*40:04:01:01/HLA-B*40:02:01:01	HLA-B*40:02:01:01/HLA-B*40:04:01:01		1.0	1.0	1.0	1.0	False	False		concordant (2-field)						
HG01975	HPRC-Rest	HLA-C	HLA-C*03:04:01:02/HLA-C*03:04:01:02	HLA-C*03:04:01:02/HLA-C*03:04:01:02		1.0	1.0	1.0	1.0	False	False		concordant (2-field)						
HG01975	HPRC-Rest	HLA-DQA1	HLA-DQA1*03:01:01:01/HLA-DQA1*03:02:01:01	HLA-DQA1*03:01:01:01/HLA-DQA1*03:02:01:01		1.0	1.0	1.0	1.0	False	False		concordant (2-field)						
HG01975	HPRC-Rest	HLA-DQB1	HLA-DQB1*03:02:01:01/HLA-DQB1*03:03:02:04	HLA-DQB1*03:02:01:01/HLA-DQB1*03:03:02:04		1.0	1.0	1.0	1.0	False	False		concordant (2-field)						
HG01975	HPRC-Rest	HLA-DRB1	HLA-DRB1*04:07:01/HLA-DRB1*09:01:02	HLA-DRB1*04:07:01:02/HLA-DRB1*09:01:02:03		1.0	1.0	1.0	0.0	True	True		concordant (2-field)						
HG01978	HPRC-Rest	HLA-A	HLA-A*68:17:01/HLA-A*68:01:02:01	HLA-A*68:01:02:01/HLA-A*68:17:01		1.0	1.0	1.0	1.0	False	False		concordant (2-field)						
HG01978	HPRC-Rest	HLA-B	HLA-B*39:14:01:03/HLA-B*40:02:01:18	HLA-B*39:14:01:03/HLA-B*40:02:01:18		1.0	1.0	1.0	1.0	False	False		concordant (2-field)						
HG01978	HPRC-Rest	HLA-C	HLA-C*04:01:01:79/HLA-C*03:04:01:02	HLA-C*03:04:01:02/HLA-C*04:01:01:79		1.0	1.0	1.0	1.0	False	False		concordant (2-field)						
HG01978	HPRC-Rest	HLA-DQA1	HLA-DQA1*05:05:01:15/HLA-DQA1*03:02:01:01	HLA-DQA1*03:02:01:01/HLA-DQA1*05:05:01:15		1.0	1.0	1.0	1.0	False	False		concordant (2-field)						
HG01978	HPRC-Rest	HLA-DQB1	HLA-DQB1*03:01:01:06/HLA-DQB1*03:03:02:04	HLA-DQB1*03:01:01:06/HLA-DQB1*03:03:02:04		1.0	1.0	1.0	1.0	False	False		concordant (2-field)						
HG01978	HPRC-Rest	HLA-DRB1	HLA-DRB1*16:02:01:02/HLA-DRB1*09:01:02	HLA-DRB1*09:01:02:03/HLA-DRB1*16:02:01:02		1.0	1.0	1.0	0.0	True	True		concordant (2-field)						
HG01981	HPRC-Rest	HLA-A	HLA-A*02:01:01:01/HLA-A*02:11:01:01	HLA-A*02:01:01:01/HLA-A*02:11:01:01		1.0	1.0	1.0	1.0	False	False		concordant (2-field)						
HG01981	HPRC-Rest	HLA-B	HLA-B*44:02:01:01/HLA-B*35:06	HLA-B*35:06/HLA-B*44:02:01:01		1.0	1.0	1.0	1.0	False	False		concordant (2-field)						
HG01981	HPRC-Rest	HLA-C	HLA-C*05:01:01:02/HLA-C*07:02:01:01	HLA-C*05:01:01:02/HLA-C*07:02:01:01		1.0	1.0	1.0	1.0	False	False		concordant (2-field)						
HG01981	HPRC-Rest	HLA-DQA1	HLA-DQA1*03:01:01:01/HLA-DQA1*03:01:01:01	HLA-DQA1*03:01:01:01/HLA-DQA1*03:01:01:01		1.0	1.0	1.0	1.0	False	False		concordant (2-field)						
HG01981	HPRC-Rest	HLA-DQB1	HLA-DQB1*03:02:01:01/HLA-DQB1*03:02:01:01	HLA-DQB1*03:02:01:01/HLA-DQB1*03:02:01:01		1.0	1.0	1.0	1.0	False	False		concordant (2-field)						
HG01981	HPRC-Rest	HLA-DRB1	HLA-DRB1*04:04:01/HLA-DRB1*04:04:01	HLA-DRB1*04:04:01:04/HLA-DRB1*04:04:01:05		1.0	1.0	1.0	0.0	True	True		concordant (2-field)						
HG01993	HPRC-Rest	HLA-A	HLA-A*02:01:01:01/HLA-A*11:01:01:01	HLA-A*02:01:01:01/HLA-A*11:01:01:01		1.0	1.0	1.0	1.0	False	False		concordant (2-field)						
HG01993	HPRC-Rest	HLA-B	HLA-B*39:12:01:02/HLA-B*35:01:01:05	HLA-B*35:01:01:05/HLA-B*39:12:01:02		1.0	1.0	1.0	1.0	False	False		concordant (2-field)						
HG01993	HPRC-Rest	HLA-C	HLA-C*07:02:01:01/HLA-C*04:01:01:05	HLA-C*04:01:01:05/HLA-C*07:02:01:01		1.0	1.0	1.0	1.0	False	False		concordant (2-field)						
HG01993	HPRC-Rest	HLA-DQA1	HLA-DQA1*05:05:01:05/HLA-DQA1*01:01:01:01	HLA-DQA1*01:01:01:01/HLA-DQA1*05:05:01:05		1.0	1.0	1.0	1.0	False	False		concordant (2-field)						
HG01993	HPRC-Rest	HLA-DQB1	HLA-DQB1*03:01:01:06/HLA-DQB1*05:01:01:03	HLA-DQB1*03:01:01:06/HLA-DQB1*05:01:01:03		1.0	1.0	1.0	1.0	False	False		concordant (2-field)						
HG01993	HPRC-Rest	HLA-DRB1	HLA-DRB1*16:02:01/HLA-DRB1*01:03:01:01	HLA-DRB1*01:03:01:01/HLA-DRB1*16:02:01:02		1.0	1.0	1.0	0.0	True	True		concordant (2-field)						
HG02004	HPRC-Rest	HLA-A	HLA-A*02:11:01:01/HLA-A*02:01:01:01	HLA-A*02:01:01:01/HLA-A*02:11:01:01		1.0	1.0	1.0	1.0	False	False		concordant (2-field)						
HG02004	HPRC-Rest	HLA-B	HLA-B*40:04:01:01/HLA-B*40:64:01:01	HLA-B*40:04:01:01/HLA-B*40:64:01:01		1.0	1.0	1.0	1.0	False	False		concordant (2-field)						
HG02004	HPRC-Rest	HLA-C	HLA-C*03:04:01:02/HLA-C*03:04:01:02	HLA-C*03:04:01:02/HLA-C*03:04:01:02		1.0	1.0	1.0	1.0	False	False		concordant (2-field)						
HG02004	HPRC-Rest	HLA-DQA1	HLA-DQA1*03:02:01:01/HLA-DQA1*03:02:01:01	HLA-DQA1*03:02:01:01/HLA-DQA1*03:02:01:01		1.0	1.0	1.0	1.0	False	False		concordant (2-field)						
HG02004	HPRC-Rest	HLA-DQB1	HLA-DQB1*03:03:02:04/HLA-DQB1*03:03:02:02	HLA-DQB1*03:03:02:02/HLA-DQB1*03:03:02:04		1.0	1.0	1.0	1.0	False	False		concordant (2-field)						
HG02004	HPRC-Rest	HLA-DRB1	HLA-DRB1*09:01:02/HLA-DRB1*09:01:02	HLA-DRB1*09:01:02:04/HLA-DRB1*09:59		1.0	0.0	0.0	0.0	True	True	1.0	FuFiHLA artefact (consensus not present in the assembly)						
HG02015	HPRC-EastAsian	HLA-A	HLA-A*03:01:01:01/HLA-A*33:03:01:01	HLA-A*03:01:01:01/HLA-A*33:03:01:01		1.0	1.0	1.0	1.0	False	False		concordant (2-field)						
HG02015	HPRC-EastAsian	HLA-B	HLA-B*38:01:01:01/HLA-B*58:01:01:03	HLA-B*38:01:01:01/HLA-B*58:01:01:03		1.0	1.0	1.0	1.0	False	False		concordant (2-field)						
HG02015	HPRC-EastAsian	HLA-C	HLA-C*12:03:01:01/HLA-C*03:02:02:05	HLA-C*03:02:02:05/HLA-C*12:03:01:01		1.0	1.0	1.0	1.0	False	False		concordant (2-field)						
HG02015	HPRC-EastAsian	HLA-DQA1	HLA-DQA1*01:02:02:01/HLA-DQA1*03:03:01:03	HLA-DQA1*01:02:02:01/HLA-DQA1*03:03:01:03		1.0	1.0	1.0	1.0	False	False		concordant (2-field)						
HG02015	HPRC-EastAsian	HLA-DQB1	HLA-DQB1*05:02:01:01/HLA-DQB1*04:01:01:03	HLA-DQB1*04:01:01:03/HLA-DQB1*05:02:01:01		1.0	1.0	1.0	1.0	False	False		concordant (2-field)						
HG02015	HPRC-EastAsian	HLA-DRB1	HLA-DRB1*16:02:01:01/HLA-DRB1*04:05:01	HLA-DRB1*04:05:01:04/HLA-DRB1*16:02:01:01		1.0	1.0	1.0	0.0	True	True		concordant (2-field)						
HG02027	HPRC-EastAsian	HLA-A	HLA-A*11:01:01:01/HLA-A*02:03:01:01	HLA-A*02:03:01:01/HLA-A*11:01:01:01		1.0	1.0	1.0	1.0	False	False		concordant (2-field)						
HG02027	HPRC-EastAsian	HLA-B	HLA-B*15:02:01:01/HLA-B*15:25:01:01	HLA-B*15:02:01:01/HLA-B*15:25:01:01		1.0	1.0	1.0	1.0	False	False		concordant (2-field)						
HG02027	HPRC-EastAsian	HLA-C	HLA-C*08:01:01:01/HLA-C*04:03:01:01	HLA-C*04:03:01:01/HLA-C*08:01:01:01		1.0	1.0	1.0	1.0	False	False		concordant (2-field)						
HG02027	HPRC-EastAsian	HLA-DQA1	HLA-DQA1*06:01:01:02/HLA-DQA1*06:01:01:02	HLA-DQA1*06:01:01:02/HLA-DQA1*06:01:01:02		1.0	1.0	1.0	1.0	False	False		concordant (2-field)						
HG02027	HPRC-EastAsian	HLA-DQB1	HLA-DQB1*03:01:01:22/HLA-DQB1*03:01:01:22	HLA-DQB1*03:01:01:22/HLA-DQB1*03:01:01:22		1.0	1.0	1.0	1.0	False	False		concordant (2-field)						
HG02027	HPRC-EastAsian	HLA-DRB1	HLA-DRB1*12:02:01/HLA-DRB1*12:02:01	HLA-DRB1*12:02:01:03/HLA-DRB1*12:02:01:09		1.0	1.0	1.0	0.0	True	True		concordant (2-field)						
HG02040	HPRC-EastAsian	HLA-A	HLA-A*29:01:01:01/HLA-A*02:03:01:01	HLA-A*02:03:01:01/HLA-A*29:01:01:01		1.0	1.0	1.0	1.0	False	False		concordant (2-field)						
HG02040	HPRC-EastAsian	HLA-B	HLA-B*07:05:01:01/HLA-B*46:01:01:01	HLA-B*07:05:01:01/HLA-B*46:01:01:01		1.0	1.0	1.0	1.0	False	False		concordant (2-field)						
HG02040	HPRC-EastAsian	HLA-C	HLA-C*15:05:02:01/HLA-C*01:02:01:01	HLA-C*01:02:01:01/HLA-C*15:05:02:01		1.0	1.0	1.0	1.0	False	False		concordant (2-field)						
HG02040	HPRC-EastAsian	HLA-DQA1	HLA-DQA1*01:05:01:01/HLA-DQA1*03:02:01:02	HLA-DQA1*01:05:01:01/HLA-DQA1*03:02:01:02		1.0	1.0	1.0	1.0	False	False		concordant (2-field)						
HG02040	HPRC-EastAsian	HLA-DQB1	HLA-DQB1*05:01:01:02/HLA-DQB1*03:03:02:02	HLA-DQB1*03:03:02:02/HLA-DQB1*05:01:01:02		1.0	1.0	1.0	1.0	False	False		concordant (2-field)						
HG02040	HPRC-EastAsian	HLA-DRB1	HLA-DRB1*10:01:01:03/HLA-DRB1*09:01:02	HLA-DRB1*09:01:02:03/HLA-DRB1*10:01:01:03		1.0	1.0	1.0	0.0	True	True		concordant (2-field)						
HG02055	HPRC-Rest	HLA-A	HLA-A*30:01:01:01/HLA-A*23:01:01:01	HLA-A*23:01:01:01/HLA-A*30:01:01:01		1.0	1.0	1.0	1.0	False	False		concordant (2-field)						
HG02055	HPRC-Rest	HLA-B	HLA-B*42:02:01:02/HLA-B*07:02:01:14	HLA-B*07:02:01:14/HLA-B*42:02:01:02		1.0	1.0	1.0	1.0	False	False		concordant (2-field)						
HG02055	HPRC-Rest	HLA-C	HLA-C*17:01:01:02/HLA-C*07:02:01:01	HLA-C*07:02:01:01/HLA-C*17:01:01:02		1.0	1.0	1.0	1.0	False	False		concordant (2-field)						
HG02055	HPRC-Rest	HLA-DQA1	HLA-DQA1*05:05:01:22/HLA-DQA1*05:05:01:30	HLA-DQA1*05:05:01:22/HLA-DQA1*05:05:01:30		1.0	1.0	1.0	1.0	False	False		concordant (2-field)						
HG02055	HPRC-Rest	HLA-DQB1	HLA-DQB1*03:01:04:02/HLA-DQB1*03:19:01:01	HLA-DQB1*03:01:04:02/HLA-DQB1*03:19:01:01		1.0	1.0	1.0	1.0	False	False		concordant (2-field)						
HG02055	HPRC-Rest	HLA-DRB1	HLA-DRB1*08:04:01/HLA-DRB1*11:02:01	HLA-DRB1*08:04:01:05/HLA-DRB1*11:02:01:05		1.0	1.0	1.0	0.0	True	True		concordant (2-field)						
HG02056	HPRC-EastAsian	HLA-A	HLA-A*33:03:01:01/HLA-A*31:01:02:01	HLA-A*31:01:02:01/HLA-A*33:03:01:01		1.0	1.0	1.0	1.0	False	False		concordant (2-field)						
HG02056	HPRC-EastAsian	HLA-B	HLA-B*15:02:01/HLA-B*48:01:01:01	HLA-B*15:02:01:01/HLA-B*48:01:01:01		1.0	1.0	1.0	0.0	True	True		concordant (2-field)						
HG02056	HPRC-EastAsian	HLA-C	HLA-C*03:02:02:05/HLA-C*03:03:01:01	HLA-C*03:02:02:05/HLA-C*03:03:01:01		1.0	1.0	1.0	1.0	False	False		concordant (2-field)						
HG02056	HPRC-EastAsian	HLA-DQA1	HLA-DQA1*05:03:01:02/HLA-DQA1*05:03:01:02	HLA-DQA1*05:03:01:02/HLA-DQA1*05:03:01:02		1.0	1.0	1.0	1.0	False	False		concordant (2-field)						
HG02056	HPRC-EastAsian	HLA-DQB1	HLA-DQB1*03:01:01:01/HLA-DQB1*03:01:01:01	HLA-DQB1*03:01:01:01/HLA-DQB1*03:01:01:01		1.0	1.0	1.0	1.0	False	False		concordant (2-field)						
HG02056	HPRC-EastAsian	HLA-DRB1	HLA-DRB1*13:12:01/HLA-DRB1*13:12:01	HLA-DRB1*11:01:01:22/HLA-DRB1*13:12:01		0.0	0.0	0.0	0.0	True	True	9.0	FuFiHLA artefact (consensus not present in the assembly)						
HG02071	HPRC-EastAsian	HLA-A	HLA-A*02:07:01:01/HLA-A*24:07:01:01	HLA-A*02:07:01:01/HLA-A*24:07:01:01		1.0	1.0	1.0	1.0	False	False		concordant (2-field)						
HG02071	HPRC-EastAsian	HLA-B	HLA-B*15:12:01/HLA-B*35:05:01:01	HLA-B*15:12:01/HLA-B*35:05:01:01		1.0	1.0	1.0	1.0	False	False		concordant (2-field)						
HG02071	HPRC-EastAsian	HLA-C	HLA-C*03:03:01:01/HLA-C*04:01:01:14	HLA-C*03:03:01:01/HLA-C*04:01:01:14		1.0	1.0	1.0	1.0	False	False		concordant (2-field)						
HG02071	HPRC-EastAsian	HLA-DQA1	HLA-DQA1*06:01:01:02/HLA-DQA1*06:01:01:02	HLA-DQA1*06:01:01:02/HLA-DQA1*06:01:01:02		1.0	1.0	1.0	1.0	False	False		concordant (2-field)						
HG02071	HPRC-EastAsian	HLA-DQB1	HLA-DQB1*03:01:01/HLA-DQB1*03:01:01:22	HLA-DQB1*03:01:01:22/HLA-DQB1*03:01:01:71		1.0	1.0	1.0	0.0	True	False		concordant (2-field)						
HG02071	HPRC-EastAsian	HLA-DRB1	HLA-DRB1*12:02:01/HLA-DRB1*12:02:01	HLA-DRB1*12:02:01:06/HLA-DRB1*12:02:01:08		1.0	1.0	1.0	0.0	True	True		concordant (2-field)						
HG02074	HPRC-EastAsian	HLA-A	HLA-A*02:07:01:01/HLA-A*11:01:01:07	HLA-A*02:07:01:01/HLA-A*11:01:01:07		1.0	1.0	1.0	1.0	False	False		concordant (2-field)						
HG02074	HPRC-EastAsian	HLA-B	HLA-B*46:01:01:01/HLA-B*15:12:01	HLA-B*15:12:01/HLA-B*46:01:01:01		1.0	1.0	1.0	1.0	False	False		concordant (2-field)						
HG02074	HPRC-EastAsian	HLA-C	HLA-C*01:02:01:01/HLA-C*03:03:01:01	HLA-C*01:02:01:01/HLA-C*03:03:01:01		1.0	1.0	1.0	1.0	False	False		concordant (2-field)						
HG02074	HPRC-EastAsian	HLA-DQA1	HLA-DQA1*01:04:01:01/HLA-DQA1*03:02:01:02	HLA-DQA1*01:04:01:01/HLA-DQA1*03:02:01:02		1.0	1.0	1.0	1.0	False	False		concordant (2-field)						
HG02074	HPRC-EastAsian	HLA-DQB1	HLA-DQB1*05:02:01:01/HLA-DQB1*03:03:02:02	HLA-DQB1*03:03:02:02/HLA-DQB1*05:02:01:01		1.0	1.0	1.0	1.0	False	False		concordant (2-field)						
HG02074	HPRC-EastAsian	HLA-DRB1	HLA-DRB1*14:54:01:10/HLA-DRB1*09:01:02	HLA-DRB1*09:01:02:03/HLA-DRB1*14:54:01:10		1.0	1.0	1.0	0.0	True	True		concordant (2-field)						
HG02080	HPRC-EastAsian	HLA-A	HLA-A*33:03:01:01/HLA-A*01:01:01:01	HLA-A*01:01:01:01/HLA-A*33:03:01:01		1.0	1.0	1.0	1.0	False	False		concordant (2-field)						
HG02080	HPRC-EastAsian	HLA-B	HLA-B*58:01:01:03/HLA-B*57:01:01:01	HLA-B*57:01:01:01/HLA-B*58:01:01:03		1.0	1.0	1.0	1.0	False	False		concordant (2-field)						
HG02080	HPRC-EastAsian	HLA-C	HLA-C*03:02:02:05/HLA-C*06:02:01:01	HLA-C*03:02:02:05/HLA-C*06:02:01:01		1.0	1.0	1.0	1.0	False	False		concordant (2-field)						
HG02080	HPRC-EastAsian	HLA-DQA1	HLA-DQA1*05:01:01:03/HLA-DQA1*02:01:01:01	HLA-DQA1*02:01:01:01/HLA-DQA1*05:01:01:01		1.0	1.0	1.0	0.0	False	True		concordant (2-field)						
HG02080	HPRC-EastAsian	HLA-DQB1	HLA-DQB1*02:01:01:01/HLA-DQB1*03:03:02:01	HLA-DQB1*02:01:01:01/HLA-DQB1*03:03:02:01		1.0	1.0	1.0	1.0	False	False		concordant (2-field)						
HG02080	HPRC-EastAsian	HLA-DRB1	HLA-DRB1*03:01:01:03/HLA-DRB1*07:01:01	HLA-DRB1*03:01:01:03/HLA-DRB1*07:01:01:02		1.0	1.0	1.0	0.0	True	True		concordant (2-field)						
HG02083	HPRC-EastAsian	HLA-A	HLA-A*11:01:01:01/HLA-A*01:01:01:01	HLA-A*01:01:01:01/HLA-A*11:01:01:01		1.0	1.0	1.0	1.0	False	False		concordant (2-field)						
HG02083	HPRC-EastAsian	HLA-B	HLA-B*40:01:02:40/HLA-B*57:01:01:01	HLA-B*40:01:02:40/HLA-B*57:01:01:01		1.0	1.0	1.0	1.0	False	False		concordant (2-field)						
HG02083	HPRC-EastAsian	HLA-C	HLA-C*07:02:01:15/HLA-C*06:02:01:01	HLA-C*06:02:01:01/HLA-C*07:02:01:15		1.0	1.0	1.0	1.0	False	False		concordant (2-field)						
HG02083	HPRC-EastAsian	HLA-DQA1	HLA-DQA1*06:01:01:02/HLA-DQA1*03:02:01:01	HLA-DQA1*03:02:01:01/HLA-DQA1*06:01:01:02		1.0	1.0	1.0	1.0	False	False		concordant (2-field)						
HG02083	HPRC-EastAsian	HLA-DQB1	HLA-DQB1*03:01:01:22/HLA-DQB1*03:03:02:02	HLA-DQB1*03:01:01:22/HLA-DQB1*03:03:02:02		1.0	1.0	1.0	1.0	False	False		concordant (2-field)						
HG02083	HPRC-EastAsian	HLA-DRB1	HLA-DRB1*12:02:01/HLA-DRB1*09:01:02	HLA-DRB1*09:01:02:03/HLA-DRB1*12:02:01:03		1.0	1.0	1.0	0.0	True	True		concordant (2-field)						
HG02109	HPRC-Rest	HLA-A	HLA-A*23:01:01:01/HLA-A*33:03:01:01	HLA-A*23:01:01:01/HLA-A*33:03:01:01		1.0	1.0	1.0	1.0	False	False		concordant (2-field)						
HG02109	HPRC-Rest	HLA-B	HLA-B*15:16:01:02/HLA-B*45:01:01:03	HLA-B*15:16:01:02/HLA-B*45:01:01:03		1.0	1.0	1.0	1.0	False	False		concordant (2-field)						
HG02109	HPRC-Rest	HLA-C	HLA-C*14:02:01:02/HLA-C*16:01:01:01	HLA-C*14:02:01:02/HLA-C*16:01:01:01		1.0	1.0	1.0	1.0	False	False		concordant (2-field)						
HG02109	HPRC-Rest	HLA-DQA1	HLA-DQA1*05:01:01/HLA-DQA1*05:05:01:15	HLA-DQA1*05:01:01:02/HLA-DQA1*05:05:01:15		1.0	1.0	1.0	0.0	True	True		concordant (2-field)						
HG02109	HPRC-Rest	HLA-DQB1	HLA-DQB1*02:180/HLA-DQB1*03:01:01:05	HLA-DQB1*02:180:01/HLA-DQB1*03:01:01:05		1.0	1.0	0.0	0.0	True	True		concordant (2-field)						
HG02109	HPRC-Rest	HLA-DRB1	HLA-DRB1*03:02:01/HLA-DRB1*08:06:01	HLA-DRB1*03:02:01:02/HLA-DRB1*08:06:01:02		1.0	1.0	1.0	0.0	True	True		concordant (2-field)						
HG02129	HPRC-EastAsian	HLA-A	HLA-A*33:03:01:01/HLA-A*24:02:01:01	HLA-A*24:02:01:01/HLA-A*33:03:01:01		1.0	1.0	1.0	1.0	False	False		concordant (2-field)						
HG02129	HPRC-EastAsian	HLA-B	HLA-B*58:01:01:03/HLA-B*38:02:01:01	HLA-B*38:02:01:01/HLA-B*58:01:01:03		1.0	1.0	1.0	1.0	False	False		concordant (2-field)						
HG02129	HPRC-EastAsian	HLA-C	HLA-C*03:02:02:05/HLA-C*07:02:01:01	HLA-C*03:02:02:05/HLA-C*07:02:01:01		1.0	1.0	1.0	1.0	False	False		concordant (2-field)						
HG02129	HPRC-EastAsian	HLA-DQA1	HLA-DQA1*01:02:01:23/HLA-DQA1*01:01:01	HLA-DQA1*01:01:01:07/HLA-DQA1*01:02:01:23		1.0	1.0	1.0	0.0	True	True		concordant (2-field)						
HG02129	HPRC-EastAsian	HLA-DQB1	HLA-DQB1*06:09:01:01/HLA-DQB1*05:01:24:01	HLA-DQB1*05:01:24:01/HLA-DQB1*06:09:01:01		1.0	1.0	1.0	1.0	False	False		concordant (2-field)						
HG02129	HPRC-EastAsian	HLA-DRB1	HLA-DRB1*13:02:01:03/HLA-DRB1*15:02:01	HLA-DRB1*13:02:01:03/HLA-DRB1*15:02:01:06		1.0	1.0	1.0	0.0	True	True		concordant (2-field)						
HG02132	HPRC-EastAsian	HLA-A	HLA-A*26:01:01:01/HLA-A*29:01:01:01	HLA-A*26:01:01:01/HLA-A*29:01:01:01		1.0	1.0	1.0	1.0	False	False		concordant (2-field)						
HG02132	HPRC-EastAsian	HLA-B	HLA-B*15:11:01/HLA-B*55:02:01:04	HLA-B*15:11:01:01/HLA-B*55:02:01:04		1.0	1.0	1.0	0.0	False	False		concordant (2-field)						
HG02132	HPRC-EastAsian	HLA-C	HLA-C*03:03:01:01/HLA-C*01:02:01:01	HLA-C*01:02:01:01/HLA-C*03:03:01:01		1.0	1.0	1.0	1.0	False	False		concordant (2-field)						
HG02132	HPRC-EastAsian	HLA-DQA1	HLA-DQA1*03:02:01:01/HLA-DQA1*03:03:01:03	HLA-DQA1*03:02:01:01/HLA-DQA1*03:03:01:03		1.0	1.0	1.0	1.0	False	False		concordant (2-field)						
HG02132	HPRC-EastAsian	HLA-DQB1	HLA-DQB1*03:03:02:03/HLA-DQB1*04:01:01:03	HLA-DQB1*03:03:02:03/HLA-DQB1*04:01:01:03		1.0	1.0	1.0	1.0	False	False		concordant (2-field)						
HG02132	HPRC-EastAsian	HLA-DRB1	HLA-DRB1*09:01:02/HLA-DRB1*04:05:01	HLA-DRB1*04:05:01:04/HLA-DRB1*09:01:02:03		1.0	1.0	1.0	0.0	True	True		concordant (2-field)						
HG02135	HPRC-EastAsian	HLA-A	HLA-A*24:02:01:01/HLA-A*02:03:01:01	HLA-A*02:03:01:01/HLA-A*24:02:01:01		1.0	1.0	1.0	1.0	False	False		concordant (2-field)						
HG02135	HPRC-EastAsian	HLA-B	HLA-B*15:01:01/HLA-B*15:01:01:01	HLA-B*15:01:01:01/HLA-B*15:01:01:01		1.0	1.0	1.0	0.0	True	False		concordant (2-field)						
HG02135	HPRC-EastAsian	HLA-C	HLA-C*03:03:01:01/HLA-C*01:02:01:08	HLA-C*01:02:01:08/HLA-C*03:03:01:01		1.0	1.0	1.0	1.0	False	False		concordant (2-field)						
HG02135	HPRC-EastAsian	HLA-DQA1	HLA-DQA1*01:02:01:03/HLA-DQA1*03:02:01:01	HLA-DQA1*01:02:01:03/HLA-DQA1*03:02:01:01		1.0	1.0	1.0	1.0	False	False		concordant (2-field)						
HG02135	HPRC-EastAsian	HLA-DQB1	HLA-DQB1*06:02:01:01/HLA-DQB1*03:03:02:02	HLA-DQB1*03:03:02:02/HLA-DQB1*06:02:01:01		1.0	1.0	1.0	1.0	False	False		concordant (2-field)						
HG02135	HPRC-EastAsian	HLA-DRB1	HLA-DRB1*15:02:01/HLA-DRB1*09:01:02:08	HLA-DRB1*09:01:02:08/HLA-DRB1*15:02:01:04		1.0	1.0	1.0	0.0	True	True		concordant (2-field)						
HG02145	HPRC-Rest	HLA-A	HLA-A*01:01:01:01/HLA-A*33:01:01:01	HLA-A*01:01:01:01/HLA-A*33:01:01:01		1.0	1.0	1.0	1.0	False	False		concordant (2-field)						
HG02145	HPRC-Rest	HLA-B	HLA-B*15:18:01/HLA-B*78:01:01:02	HLA-B*15:18:01:10/HLA-B*78:01:01:02		1.0	1.0	1.0	0.0	True	True		concordant (2-field)						
HG02145	HPRC-Rest	HLA-C	HLA-C*07:01:01:131/HLA-C*16:01:01:01	HLA-C*07:01:01:131/HLA-C*16:01:01:01		1.0	1.0	1.0	1.0	False	False		concordant (2-field)						
HG02145	HPRC-Rest	HLA-DQA1	HLA-DQA1*01:02:01:03/HLA-DQA1*01:03:01:10	HLA-DQA1*01:02:01:03/HLA-DQA1*01:03:01:10		1.0	1.0	1.0	1.0	False	False		concordant (2-field)						
HG02145	HPRC-Rest	HLA-DQB1	HLA-DQB1*06:02:01:01/HLA-DQB1*06:03:01:02	HLA-DQB1*06:02:01:01/HLA-DQB1*06:03:01:02		1.0	1.0	1.0	1.0	False	False		concordant (2-field)						
HG02145	HPRC-Rest	HLA-DRB1	HLA-DRB1*15:03:01:01/HLA-DRB1*13:01:01	HLA-DRB1*13:01:01:10/HLA-DRB1*15:03:01:01		1.0	1.0	1.0	0.0	True	True		concordant (2-field)						
HG02148	HPRC-Rest	HLA-A	HLA-A*02:01:01:01/HLA-A*30:02:01:01	HLA-A*02:01:01:01/HLA-A*30:02:01:01		1.0	1.0	1.0	1.0	False	False		concordant (2-field)						
HG02148	HPRC-Rest	HLA-B	HLA-B*51:01:01:05/HLA-B*18:01:01:01	HLA-B*18:01:01:01/HLA-B*51:01:01:05		1.0	1.0	1.0	1.0	False	False		concordant (2-field)						
HG02148	HPRC-Rest	HLA-C	HLA-C*15:02:01:01/HLA-C*05:01:01:01	HLA-C*05:01:01:01/HLA-C*15:02:01:01		1.0	1.0	1.0	1.0	False	False		concordant (2-field)						
HG02148	HPRC-Rest	HLA-DQA1	HLA-DQA1*05:03:01:01/HLA-DQA1*05:01:01:01	HLA-DQA1*05:01:01:01/HLA-DQA1*05:03:01:01		1.0	1.0	1.0	1.0	False	False		concordant (2-field)						
HG02148	HPRC-Rest	HLA-DQB1	HLA-DQB1*03:01:01:01/HLA-DQB1*02:01:01:01	HLA-DQB1*02:01:01:01/HLA-DQB1*03:01:01:01		1.0	1.0	1.0	1.0	False	False		concordant (2-field)						
HG02148	HPRC-Rest	HLA-DRB1	HLA-DRB1*14:02:01/HLA-DRB1*03:01:01:02	HLA-DRB1*03:01:01:02/HLA-DRB1*14:02:01:01		1.0	1.0	1.0	0.0	True	True		concordant (2-field)						
HG02155	HPRC-EastAsian	HLA-A	HLA-A*11:01:01/HLA-A*02:01:01:01	HLA-A*02:01:01:01/HLA-A*11:01:01:01		1.0	1.0	1.0	0.0	True	True		concordant (2-field)						
HG02155	HPRC-EastAsian	HLA-B	HLA-B*13:01:01:11/HLA-B*40:02:01:01	HLA-B*13:01:01:11/HLA-B*40:02:01:01		1.0	1.0	1.0	1.0	False	False		concordant (2-field)						
HG02155	HPRC-EastAsian	HLA-C	HLA-C*03:04:01:02/HLA-C*15:02:01:01	HLA-C*03:04:01:02/HLA-C*15:02:01:01		1.0	1.0	1.0	1.0	False	False		concordant (2-field)						
HG02155	HPRC-EastAsian	HLA-DQA1	HLA-DQA1*01:02:01:03/HLA-DQA1*01:02:01:03	HLA-DQA1*01:02:01:03/HLA-DQA1*01:02:01:03		1.0	1.0	1.0	1.0	False	False		concordant (2-field)						
HG02155	HPRC-EastAsian	HLA-DQB1	HLA-DQB1*06:01:01:01/HLA-DQB1*06:01:01:01	HLA-DQB1*06:01:01:01/HLA-DQB1*06:01:01:01		1.0	1.0	1.0	1.0	False	False		concordant (2-field)						
HG02155	HPRC-EastAsian	HLA-DRB1	HLA-DRB1*15:01:01/HLA-DRB1*15:01:01	HLA-DRB1*15:01:01:04/HLA-DRB1*15:01:01:04		1.0	1.0	1.0	0.0	True	True		concordant (2-field)						
HG02165	HPRC-EastAsian	HLA-A	HLA-A*11:02:01:01/HLA-A*02:07:01:01	HLA-A*02:07:01:01/HLA-A*11:02:01:01		1.0	1.0	1.0	1.0	False	False		concordant (2-field)						
HG02165	HPRC-EastAsian	HLA-B	HLA-B*27:04:01/HLA-B*46:01:01:01	HLA-B*27:04:01:01/HLA-B*46:01:01:01		1.0	1.0	1.0	0.0	False	False		concordant (2-field)						
HG02165	HPRC-EastAsian	HLA-C	HLA-C*12:02:02/HLA-C*01:02:01:01	HLA-C*01:02:01:01/HLA-C*12:02:02:27		1.0	1.0	1.0	0.0	True	False		concordant (2-field)						
HG02165	HPRC-EastAsian	HLA-DQA1	HLA-DQA1*01:04:01:01/HLA-DQA1*01:04:01:01	HLA-DQA1*01:04:01:01/HLA-DQA1*01:04:01:01		1.0	1.0	1.0	1.0	False	False		concordant (2-field)						
HG02165	HPRC-EastAsian	HLA-DQB1	HLA-DQB1*05:02:01:01/HLA-DQB1*05:02:01:01	HLA-DQB1*05:02:01:01/HLA-DQB1*05:02:01:01		1.0	1.0	1.0	1.0	False	False		concordant (2-field)						
HG02165	HPRC-EastAsian	HLA-DRB1	HLA-DRB1*14:54:01:10/HLA-DRB1*14:54:01:10	HLA-DRB1*14:54:01:10/HLA-DRB1*14:54:01:10		1.0	1.0	1.0	1.0	False	False		concordant (2-field)						
HG02178	HPRC-EastAsian	HLA-A	HLA-A*11:02:01:01/HLA-A*11:01:01:25	HLA-A*11:01:01:25/HLA-A*11:02:01:01		1.0	1.0	1.0	1.0	False	False		concordant (2-field)						
HG02178	HPRC-EastAsian	HLA-B	HLA-B*46:01:01:01/HLA-B*52:01:01:01	HLA-B*46:01:01:01/HLA-B*52:01:01:01		1.0	1.0	1.0	1.0	False	False		concordant (2-field)						
HG02178	HPRC-EastAsian	HLA-C	HLA-C*01:02:01:01/HLA-C*07:02:01:01	HLA-C*01:02:01:01/HLA-C*07:02:01:01		1.0	1.0	1.0	1.0	False	False		concordant (2-field)						
HG02178	HPRC-EastAsian	HLA-DQA1	HLA-DQA1*03:02:01:02/HLA-DQA1*01:01:01:07	HLA-DQA1*01:01:01:07/HLA-DQA1*03:02:01:02		1.0	1.0	1.0	1.0	False	False		concordant (2-field)						
HG02178	HPRC-EastAsian	HLA-DQB1	HLA-DQB1*03:03:02:02/HLA-DQB1*05:01:24:01	HLA-DQB1*03:03:02:02/HLA-DQB1*05:01:24:01		1.0	1.0	1.0	1.0	False	False		concordant (2-field)						
HG02178	HPRC-EastAsian	HLA-DRB1	HLA-DRB1*09:01:02/HLA-DRB1*15:02:01	HLA-DRB1*09:01:02:03/HLA-DRB1*15:02:01:05		1.0	1.0	1.0	0.0	True	True		concordant (2-field)						
HG02257	HPRC-Rest	HLA-A	HLA-A*32:01:01:01/HLA-A*68:01:01:02	HLA-A*32:01:01:01/HLA-A*68:01:01:02		1.0	1.0	1.0	1.0	False	False		concordant (2-field)						
HG02257	HPRC-Rest	HLA-B	HLA-B*41:01:01:01/HLA-B*42:01:01:01	HLA-B*41:01:01:01/HLA-B*42:01:01:01		1.0	1.0	1.0	1.0	False	False		concordant (2-field)						
HG02257	HPRC-Rest	HLA-C	HLA-C*07:01:01:09/HLA-C*17:01:01:02	HLA-C*07:01:01:09/HLA-C*17:01:01:02		1.0	1.0	1.0	1.0	False	False		concordant (2-field)						
HG02257	HPRC-Rest	HLA-DQA1	HLA-DQA1*05:05:01:01/HLA-DQA1*01:01:01:01	HLA-DQA1*01:01:01:01/HLA-DQA1*05:05:01:01		1.0	1.0	1.0	1.0	False	False		concordant (2-field)						
HG02257	HPRC-Rest	HLA-DQB1	HLA-DQB1*03:01:01:03/HLA-DQB1*05:01:01:03	HLA-DQB1*03:01:01:03/HLA-DQB1*05:01:01:03		1.0	1.0	1.0	1.0	False	False		concordant (2-field)						
HG02257	HPRC-Rest	HLA-DRB1	HLA-DRB1*13:05:01/HLA-DRB1*01:01:02	HLA-DRB1*01:01:02/HLA-DRB1*13:05:01:03		1.0	1.0	1.0	0.0	True	True		concordant (2-field)						
HG02258	HPRC-Rest	HLA-A	HLA-A*34:02:01:01/HLA-A*34:02:01:01	HLA-A*34:02:01:01/HLA-A*34:02:01:01		1.0	1.0	1.0	1.0	False	False		concordant (2-field)						
HG02258	HPRC-Rest	HLA-B	HLA-B*53:01:01:01/HLA-B*07:02:01	HLA-B*07:02:01:118/HLA-B*53:01:01:01		1.0	1.0	1.0	0.0	True	True		concordant (2-field)						
HG02258	HPRC-Rest	HLA-C	HLA-C*04:01:01:75/HLA-C*15:05:02:01	HLA-C*04:01:01:75/HLA-C*15:05:02:01		1.0	1.0	1.0	1.0	False	False		concordant (2-field)						
HG02258	HPRC-Rest	HLA-DQA1	HLA-DQA1*01:02:01:03/HLA-DQA1*01:02:01:03	HLA-DQA1*01:02:01:03/HLA-DQA1*01:02:01:03		1.0	1.0	1.0	1.0	False	False		concordant (2-field)						
HG02258	HPRC-Rest	HLA-DQB1	HLA-DQB1*06:02:01:01/HLA-DQB1*05:03:01:05	HLA-DQB1*05:03:01:05/HLA-DQB1*06:02:01:01		1.0	1.0	1.0	1.0	False	False		concordant (2-field)						
HG02258	HPRC-Rest	HLA-DRB1	HLA-DRB1*15:03:01:03/HLA-DRB1*15:03:01	HLA-DRB1*15:03:01:01/HLA-DRB1*15:03:01:03		1.0	1.0	1.0	0.0	True	True		concordant (2-field)						
HG02273	HPRC-Rest	HLA-A	HLA-A*02:01:01:01/HLA-A*02:01:01:01	HLA-A*02:01:01:01/HLA-A*02:01:01:01		1.0	1.0	1.0	1.0	False	False		concordant (2-field)						
HG02273	HPRC-Rest	HLA-B	HLA-B*15:04:01:02/HLA-B*15:04:01:02	HLA-B*15:04:01:02/HLA-B*15:04:01:02		1.0	1.0	1.0	1.0	False	False		concordant (2-field)						
HG02273	HPRC-Rest	HLA-C	HLA-C*01:02:01:01/HLA-C*01:02:01:01	HLA-C*01:02:01:01/HLA-C*01:02:01:01		1.0	1.0	1.0	1.0	False	False		concordant (2-field)						
HG02273	HPRC-Rest	HLA-DQA1	HLA-DQA1*03:01:01:01/HLA-DQA1*05:03:01:01	HLA-DQA1*03:01:01:01/HLA-DQA1*05:03:01:01		1.0	1.0	1.0	1.0	False	False		concordant (2-field)						
HG02273	HPRC-Rest	HLA-DQB1	HLA-DQB1*03:02:01:01/HLA-DQB1*03:01:01:01	HLA-DQB1*03:01:01:01/HLA-DQB1*03:02:01:01		1.0	1.0	1.0	1.0	False	False		concordant (2-field)						
HG02273	HPRC-Rest	HLA-DRB1	HLA-DRB1*04:03:01/HLA-DRB1*14:02:01	HLA-DRB1*04:03:01:03/HLA-DRB1*14:02:01:01		1.0	1.0	1.0	0.0	True	True		concordant (2-field)						
HG02280	HPRC-Rest	HLA-A	HLA-A*30:01:01:01/HLA-A*74:01:01:01	HLA-A*30:01:01:01/HLA-A*74:01:01:01		1.0	1.0	1.0	1.0	False	False		concordant (2-field)						
HG02280	HPRC-Rest	HLA-B	HLA-B*35:01:01:06/HLA-B*15:16:01:02	HLA-B*15:16:01:02/HLA-B*35:01:01:06		1.0	1.0	1.0	1.0	False	False		concordant (2-field)						
HG02280	HPRC-Rest	HLA-C	HLA-C*04:01:01:14/HLA-C*16:01:01:01	HLA-C*04:01:01:14/HLA-C*16:01:01:01		1.0	1.0	1.0	1.0	False	False		concordant (2-field)						
HG02280	HPRC-Rest	HLA-DQA1	HLA-DQA1*05:05:01:16/HLA-DQA1*01:01:02:01	HLA-DQA1*01:01:02:01/HLA-DQA1*05:05:01:16		1.0	1.0	1.0	1.0	False	False		concordant (2-field)						
HG02280	HPRC-Rest	HLA-DQB1	HLA-DQB1*03:01:01:03/HLA-DQB1*05:01:01:01	HLA-DQB1*03:01:01:03/HLA-DQB1*05:01:01:01		1.0	1.0	1.0	1.0	False	False		concordant (2-field)						
HG02280	HPRC-Rest	HLA-DRB1	HLA-DRB1*13:03:01/HLA-DRB1*01:02:01:01	HLA-DRB1*01:02:01:01/HLA-DRB1*13:03:01:01		1.0	1.0	1.0	0.0	True	True		concordant (2-field)						
HG02293	HPRC-Rest	HLA-A	HLA-A*68:17:01/HLA-A*02:01:01:01	HLA-A*02:01:01:01/HLA-A*68:17:01		1.0	1.0	1.0	1.0	False	False		concordant (2-field)						
HG02293	HPRC-Rest	HLA-B	HLA-B*39:06:01:01/HLA-B*15:05:01:01	HLA-B*15:05:01:01/HLA-B*39:06:01:01		1.0	1.0	1.0	1.0	False	False		concordant (2-field)						
HG02293	HPRC-Rest	HLA-C	HLA-C*07:02:01:01/HLA-C*01:02:01:01	HLA-C*01:02:01:01/HLA-C*07:02:01:01		1.0	1.0	1.0	1.0	False	False		concordant (2-field)						
HG02293	HPRC-Rest	HLA-DQA1	HLA-DQA1*03:02:01:01/HLA-DQA1*03:01:01:01	HLA-DQA1*03:01:01:01/HLA-DQA1*03:02:01:01		1.0	1.0	1.0	1.0	False	False		concordant (2-field)						
HG02293	HPRC-Rest	HLA-DQB1	HLA-DQB1*03:03:02:04/HLA-DQB1*03:02:01:01	HLA-DQB1*03:02:01:01/HLA-DQB1*03:03:02:04		1.0	1.0	1.0	1.0	False	False		concordant (2-field)						
HG02293	HPRC-Rest	HLA-DRB1	HLA-DRB1*09:01:02/HLA-DRB1*04:07:01	HLA-DRB1*04:07:01:02/HLA-DRB1*09:01:02:03		1.0	1.0	1.0	0.0	True	True		concordant (2-field)						
HG02300	HPRC-Rest	HLA-A	HLA-A*02:39/HLA-A*02:01:01:01	HLA-A*02:01:01:01/HLA-A*02:39		1.0	1.0	1.0	1.0	False	False		concordant (2-field)						
HG02300	HPRC-Rest	HLA-B	HLA-B*51:01:01:05/HLA-B*48:01:01:01	HLA-B*48:01:01:01/HLA-B*51:01:01:05		1.0	1.0	1.0	1.0	False	False		concordant (2-field)						
HG02300	HPRC-Rest	HLA-C	HLA-C*15:02:01:01/HLA-C*08:03:01:01	HLA-C*08:03:01:01/HLA-C*15:02:01:01		1.0	1.0	1.0	1.0	False	False		concordant (2-field)						
HG02300	HPRC-Rest	HLA-DQA1	HLA-DQA1*03:01:01:01/HLA-DQA1*03:02:01:01	HLA-DQA1*03:01:01:01/HLA-DQA1*03:02:01:01		1.0	1.0	1.0	1.0	False	False		concordant (2-field)						
HG02300	HPRC-Rest	HLA-DQB1	HLA-DQB1*03:02:01:01/HLA-DQB1*03:03:02:02	HLA-DQB1*03:02:01:01/HLA-DQB1*03:03:02:02		1.0	1.0	1.0	1.0	False	False		concordant (2-field)						
HG02300	HPRC-Rest	HLA-DRB1	HLA-DRB1*04:03:01/HLA-DRB1*09:01:02	HLA-DRB1*04:03:01:05/HLA-DRB1*09:01:02:03		1.0	1.0	1.0	0.0	True	True		concordant (2-field)						
HG02391	HPRC-EastAsian	HLA-A	HLA-A*11:01:01:01/HLA-A*11:02:01:01	HLA-A*11:01:01:01/HLA-A*11:02:01:01		1.0	1.0	1.0	1.0	False	False		concordant (2-field)						
HG02391	HPRC-EastAsian	HLA-B	HLA-B*13:01:01:01/HLA-B*40:01:02:04	HLA-B*13:01:01:01/HLA-B*40:01:02:04		1.0	1.0	1.0	1.0	False	False		concordant (2-field)						
HG02391	HPRC-EastAsian	HLA-C	HLA-C*03:04:01:02/HLA-C*07:02:01:01	HLA-C*03:04:01:02/HLA-C*07:02:01:01		1.0	1.0	1.0	1.0	False	False		concordant (2-field)						
HG02391	HPRC-EastAsian	HLA-DQA1	HLA-DQA1*01:02:02:01/HLA-DQA1*01:02:01:03	HLA-DQA1*01:02:01:03/HLA-DQA1*01:02:02:01		1.0	1.0	1.0	1.0	False	False		concordant (2-field)						
HG02391	HPRC-EastAsian	HLA-DQB1	HLA-DQB1*05:02:01:01/HLA-DQB1*05:02:01:01	HLA-DQB1*05:02:01:01/HLA-DQB1*05:02:01:01		1.0	1.0	1.0	1.0	False	False		concordant (2-field)						
HG02391	HPRC-EastAsian	HLA-DRB1	HLA-DRB1*16:02:01:05/HLA-DRB1*15:01:01:03	HLA-DRB1*15:01:01:03/HLA-DRB1*16:02:01:05		1.0	1.0	1.0	1.0	False	False		concordant (2-field)						
HG02392	HPRC-EastAsian	HLA-A	HLA-A*11:01:01:01/HLA-A*24:07:01:01	HLA-A*11:01:01:01/HLA-A*24:07:01:01		1.0	1.0	1.0	1.0	False	False		concordant (2-field)						
HG02392	HPRC-EastAsian	HLA-B	HLA-B*27:06:01:01/HLA-B*40:01:02:04	HLA-B*27:06:01:01/HLA-B*40:01:02:04		1.0	1.0	1.0	1.0	False	False		concordant (2-field)						
HG02392	HPRC-EastAsian	HLA-C	HLA-C*03:04:01:02/HLA-C*04:01:01:14	HLA-C*03:04:01:02/HLA-C*04:01:01:14		1.0	1.0	1.0	1.0	False	False		concordant (2-field)						
HG02392	HPRC-EastAsian	HLA-DQA1	HLA-DQA1*01:01:01:07/HLA-DQA1*01:02:02:01	HLA-DQA1*01:01:01:07/HLA-DQA1*01:02:02:01		1.0	1.0	1.0	1.0	False	False		concordant (2-field)						
HG02392	HPRC-EastAsian	HLA-DQB1	HLA-DQB1*05:01:24:01/HLA-DQB1*05:02:02	HLA-DQB1*05:01:24:01/HLA-DQB1*05:02:02		1.0	1.0	1.0	1.0	True	True		concordant (2-field)						
HG02392	HPRC-EastAsian	HLA-DRB1	HLA-DRB1*15:02:01/HLA-DRB1*15:01:01:03	HLA-DRB1*15:01:01:03/HLA-DRB1*15:02:01:05		1.0	1.0	1.0	0.0	True	True		concordant (2-field)						
HG02451	HPRC-Rest	HLA-A	HLA-A*23:01:01:01/HLA-A*74:01:01:01	HLA-A*23:01:01:01/HLA-A*74:01:01:01		1.0	1.0	1.0	1.0	False	False		concordant (2-field)						
HG02451	HPRC-Rest	HLA-B	HLA-B*15:03:01:02/HLA-B*35:01:01:06	HLA-B*15:03:01:02/HLA-B*35:01:01:06		1.0	1.0	1.0	1.0	False	False		concordant (2-field)						
HG02451	HPRC-Rest	HLA-C	HLA-C*02:10:01:01/HLA-C*04:01:01:14	HLA-C*02:10:01:01/HLA-C*04:01:01:14		1.0	1.0	1.0	1.0	False	False		concordant (2-field)						
HG02451	HPRC-Rest	HLA-DQA1	HLA-DQA1*01:02:01:03/HLA-DQA1*01:02:01:03	HLA-DQA1*01:02:01:03/HLA-DQA1*01:02:01:03		1.0	1.0	1.0	1.0	False	False		concordant (2-field)						
HG02451	HPRC-Rest	HLA-DQB1	HLA-DQB1*06:02:01:04/HLA-DQB1*06:02:01:01	HLA-DQB1*06:02:01:01/HLA-DQB1*06:02:01:04		1.0	1.0	1.0	1.0	False	False		concordant (2-field)						
HG02451	HPRC-Rest	HLA-DRB1	HLA-DRB1*11:01:02/HLA-DRB1*15:03:01:03	HLA-DRB1*11:01:02:03/HLA-DRB1*15:03:01:03		1.0	1.0	1.0	0.0	True	True		concordant (2-field)						
HG02486	HPRC-Rest	HLA-A	HLA-A*74:01:01:01/HLA-A*30:01:01:01	HLA-A*30:01:01:01/HLA-A*74:01:01:01		1.0	1.0	1.0	1.0	False	False		concordant (2-field)						
HG02486	HPRC-Rest	HLA-B	HLA-B*15:03:01:02/HLA-B*42:01:01:01	HLA-B*15:03:01:02/HLA-B*42:01:01:01		1.0	1.0	1.0	1.0	False	False		concordant (2-field)						
HG02486	HPRC-Rest	HLA-C	HLA-C*02:10:01:01/HLA-C*17:01:01:02	HLA-C*02:10:01:01/HLA-C*17:01:01:02		1.0	1.0	1.0	1.0	False	False		concordant (2-field)						
HG02486	HPRC-Rest	HLA-DQA1	HLA-DQA1*01:02:01:03/HLA-DQA1*04:01:01:05	HLA-DQA1*01:02:01:03/HLA-DQA1*04:01:01:05		1.0	1.0	1.0	1.0	False	False		concordant (2-field)						
HG02486	HPRC-Rest	HLA-DQB1	HLA-DQB1*06:02:01:01/HLA-DQB1*04:02:01:08	HLA-DQB1*04:02:01:08/HLA-DQB1*06:02:01:01		1.0	1.0	1.0	1.0	False	False		concordant (2-field)						
HG02486	HPRC-Rest	HLA-DRB1	HLA-DRB1*15:03:01:03/HLA-DRB1*03:02:01	HLA-DRB1*03:02:01:01/HLA-DRB1*15:03:01:03		1.0	1.0	1.0	0.0	True	True		concordant (2-field)						
HG02514	HPRC-EastAsian	HLA-A	HLA-A*33:03:01/HLA-A*11:01:01:01	HLA-A*11:01:01:01/HLA-A*33:03:01:01		1.0	1.0	1.0	0.0	True	True		concordant (2-field)						
HG02514	HPRC-EastAsian	HLA-B	HLA-B*44:03:02:04/HLA-B*15:02:01:01	HLA-B*15:02:01:01/HLA-B*44:03:02:04		1.0	1.0	1.0	1.0	False	False		concordant (2-field)						
HG02514	HPRC-EastAsian	HLA-C	HLA-C*07:06:01:01/HLA-C*08:01:01:01	HLA-C*07:06:01:01/HLA-C*08:01:01:01		1.0	1.0	1.0	1.0	False	False		concordant (2-field)						
HG02514	HPRC-EastAsian	HLA-DQA1	HLA-DQA1*02:01:01:01/HLA-DQA1*06:01:01:02	HLA-DQA1*02:01:01:01/HLA-DQA1*06:01:01:02		1.0	1.0	1.0	1.0	False	False		concordant (2-field)						
HG02514	HPRC-EastAsian	HLA-DQB1	HLA-DQB1*02:02:01:07/HLA-DQB1*03:01:01:22	HLA-DQB1*02:02:01:07/HLA-DQB1*03:01:01:22		1.0	1.0	1.0	1.0	False	False		concordant (2-field)						
HG02514	HPRC-EastAsian	HLA-DRB1	HLA-DRB1*07:01:01/HLA-DRB1*12:02:01	HLA-DRB1*07:01:01:26/HLA-DRB1*12:02:01:03		1.0	1.0	1.0	0.0	True	True		concordant (2-field)						
HG02523	HPRC-EastAsian	HLA-A	HLA-A*11:01:01:01/HLA-A*02:07:01:01	HLA-A*02:07:01:01/HLA-A*11:01:01:01		1.0	1.0	1.0	1.0	False	False		concordant (2-field)						
HG02523	HPRC-EastAsian	HLA-B	HLA-B*07:05:01:01/HLA-B*46:01:01:01	HLA-B*07:05:01:01/HLA-B*46:01:01:01		1.0	1.0	1.0	1.0	False	False		concordant (2-field)						
HG02523	HPRC-EastAsian	HLA-C	HLA-C*15:05:02:01/HLA-C*01:02:01:01	HLA-C*01:02:01:01/HLA-C*15:05:02:01		1.0	1.0	1.0	1.0	False	False		concordant (2-field)						
HG02523	HPRC-EastAsian	HLA-DQA1	HLA-DQA1*01:05:01:01/HLA-DQA1*03:02:01:02	HLA-DQA1*01:05:01:01/HLA-DQA1*03:02:01:02		1.0	1.0	1.0	1.0	False	False		concordant (2-field)						
HG02523	HPRC-EastAsian	HLA-DQB1	HLA-DQB1*05:01:01:02/HLA-DQB1*03:03:02:02	HLA-DQB1*03:03:02:02/HLA-DQB1*05:01:01:02		1.0	1.0	1.0	1.0	False	False		concordant (2-field)						
HG02523	HPRC-EastAsian	HLA-DRB1	HLA-DRB1*10:01:01:03/HLA-DRB1*09:01:02	HLA-DRB1*09:01:02:03/HLA-DRB1*10:01:01:03		1.0	1.0	1.0	0.0	True	True		concordant (2-field)						
HG02559	HPRC-Rest	HLA-A	HLA-A*01:01:01:01/HLA-A*66:01:01:01	HLA-A*01:01:01:01/HLA-A*66:01:01:01		1.0	1.0	1.0	1.0	False	False		concordant (2-field)						
HG02559	HPRC-Rest	HLA-B	HLA-B*15:01:01:01/HLA-B*51:01:01:10	HLA-B*15:01:01:01/HLA-B*51:01:01:10		1.0	1.0	1.0	1.0	False	False		concordant (2-field)						
HG02559	HPRC-Rest	HLA-C	HLA-C*03:04:01:01/HLA-C*18:02:01:01	HLA-C*03:04:01:01/HLA-C*18:02:01:01		1.0	1.0	1.0	1.0	False	False		concordant (2-field)						
HG02559	HPRC-Rest	HLA-DQA1	HLA-DQA1*03:01:01:01/HLA-DQA1*05:05:01	HLA-DQA1*03:01:01:01/HLA-DQA1*05:05:01:28		1.0	1.0	1.0	0.0	True	True		concordant (2-field)						
HG02559	HPRC-Rest	HLA-DQB1	HLA-DQB1*03:02:01:01/HLA-DQB1*03:01:01:03	HLA-DQB1*03:01:01:03/HLA-DQB1*03:02:01:01		1.0	1.0	1.0	1.0	False	False		concordant (2-field)						
HG02559	HPRC-Rest	HLA-DRB1	HLA-DRB1*04:01:01/HLA-DRB1*12:01:01	HLA-DRB1*04:01:01:01/HLA-DRB1*12:01:01:07		1.0	1.0	1.0	0.0	True	True		concordant (2-field)						
HG02572	HPRC-Rest	HLA-A	HLA-A*68:02:01:01/HLA-A*34:02:01:01	HLA-A*34:02:01:01/HLA-A*68:02:01:01		1.0	1.0	1.0	1.0	False	False		concordant (2-field)						
HG02572	HPRC-Rest	HLA-B	HLA-B*27:03/HLA-B*78:01:01	HLA-B*27:03:01:01/HLA-B*78:01:01:02		1.0	1.0	0.0	0.0	True	True		concordant (2-field)						
HG02572	HPRC-Rest	HLA-C	HLA-C*02:02:02:43/HLA-C*02:10:01:01	HLA-C*02:02:02:43/HLA-C*02:10:01:01		1.0	1.0	1.0	1.0	False	False		concordant (2-field)						
HG02572	HPRC-Rest	HLA-DQA1	HLA-DQA1*05:01:01/HLA-DQA1*01:02:01:14	HLA-DQA1*01:02:01:14/HLA-DQA1*05:01:01:16		1.0	1.0	1.0	0.0	True	False		concordant (2-field)						
HG02572	HPRC-Rest	HLA-DQB1	HLA-DQB1*02:01:01:01/HLA-DQB1*06:04:01:01	HLA-DQB1*02:01:01:01/HLA-DQB1*06:04:01:01		1.0	1.0	1.0	1.0	False	False		concordant (2-field)						
HG02572	HPRC-Rest	HLA-DRB1	HLA-DRB1*03:01:01/HLA-DRB1*13:02:01	HLA-DRB1*03:01:01:02/HLA-DRB1*13:02:01:07		1.0	1.0	1.0	0.0	True	True		concordant (2-field)						
HG02583	HPRC-Rest	HLA-A	HLA-A*30:01:01:01/HLA-A*26:01:01:01	HLA-A*26:01:01:01/HLA-A*30:01:01:01		1.0	1.0	1.0	1.0	False	False		concordant (2-field)						
HG02583	HPRC-Rest	HLA-B	HLA-B*42:02:01:02/HLA-B*41:02:01:01	HLA-B*41:02:01:01/HLA-B*42:02:01:02		1.0	1.0	1.0	1.0	False	False		concordant (2-field)						
HG02583	HPRC-Rest	HLA-C	HLA-C*17:01:01:02/HLA-C*17:01:01:30	HLA-C*17:01:01:02/HLA-C*17:01:01:02		1.0	1.0	1.0	0.0	False	True		concordant (2-field)						
HG02583	HPRC-Rest	HLA-DQA1	HLA-DQA1*01:05:01:02/HLA-DQA1*01:01:02:01	HLA-DQA1*01:01:02:01/HLA-DQA1*01:05:01:02		1.0	1.0	1.0	1.0	False	False		concordant (2-field)						
HG02583	HPRC-Rest	HLA-DQB1	HLA-DQB1*05:01:01/HLA-DQB1*05:01:01:01	HLA-DQB1*05:01:01:01/HLA-DQB1*05:01:01:37		1.0	1.0	1.0	0.0	True	False		concordant (2-field)						
HG02583	HPRC-Rest	HLA-DRB1	HLA-DRB1*10:01:01:03/HLA-DRB1*01:02:01:01	HLA-DRB1*01:02:01:01/HLA-DRB1*10:01:01:03		1.0	1.0	1.0	1.0	False	False		concordant (2-field)						
HG02602	HPRC-Rest	HLA-A	HLA-A*02:05:01:01/HLA-A*68:01:02:01	HLA-A*02:05:01:01/HLA-A*68:01:02:01		1.0	1.0	1.0	1.0	False	False		concordant (2-field)						
HG02602	HPRC-Rest	HLA-B	HLA-B*44:02:01:01/HLA-B*49:01:01:04	HLA-B*44:02:01:01/HLA-B*49:01:01:04		1.0	1.0	1.0	1.0	False	False		concordant (2-field)						
HG02602	HPRC-Rest	HLA-C	HLA-C*05:01:01:03/HLA-C*07:01:01:16	HLA-C*05:01:01:03/HLA-C*07:01:01:16		1.0	1.0	1.0	1.0	False	False		concordant (2-field)						
HG02602	HPRC-Rest	HLA-DQA1	HLA-DQA1*02:01:01:01/HLA-DQA1*01:04:02	HLA-DQA1*01:04:02:01/HLA-DQA1*02:01:01:01		1.0	1.0	1.0	0.0	True	True		concordant (2-field)						
HG02602	HPRC-Rest	HLA-DQB1	HLA-DQB1*03:03:02:01/HLA-DQB1*05:03:01:01	HLA-DQB1*03:03:02:01/HLA-DQB1*05:03:01:01		1.0	1.0	1.0	1.0	False	False		concordant (2-field)						
HG02602	HPRC-Rest	HLA-DRB1	HLA-DRB1*07:01:01:02/HLA-DRB1*14:04:01	HLA-DRB1*07:01:01:02/HLA-DRB1*14:04:01:01		1.0	1.0	1.0	0.0	True	True		concordant (2-field)						
HG02615	HPRC-Rest	HLA-A	HLA-A*30:01:01:10/HLA-A*23:01:01:01	HLA-A*23:01:01:01/HLA-A*30:01:01:10		1.0	1.0	1.0	1.0	False	False		concordant (2-field)						
HG02615	HPRC-Rest	HLA-B	HLA-B*52:01:02:02/HLA-B*44:03:01:01	HLA-B*44:03:01:01/HLA-B*52:01:02:02		1.0	1.0	1.0	1.0	False	False		concordant (2-field)						
HG02615	HPRC-Rest	HLA-C	HLA-C*16:01:01/HLA-C*06:02:01	HLA-C*06:02:01:01/HLA-C*16:01:01:01		1.0	1.0	1.0	0.0	True	True		concordant (2-field)						
HG02615	HPRC-Rest	HLA-DQA1	HLA-DQA1*01:02:01:14/HLA-DQA1*01:02:01:04	HLA-DQA1*01:02:01:04/HLA-DQA1*01:02:01:14		1.0	1.0	1.0	1.0	False	False		concordant (2-field)						
HG02615	HPRC-Rest	HLA-DQB1	HLA-DQB1*05:01:01:03/HLA-DQB1*06:04:01:01	HLA-DQB1*05:01:01:03/HLA-DQB1*06:04:01:01		1.0	1.0	1.0	1.0	False	False		concordant (2-field)						
HG02615	HPRC-Rest	HLA-DRB1	HLA-DRB1*13:02:01/HLA-DRB1*13:02:01	HLA-DRB1*13:02:01:03/HLA-DRB1*13:02:01:07		1.0	1.0	1.0	0.0	True	True		concordant (2-field)						
HG02622	HPRC-Rest	HLA-A	HLA-A*68:02:01:01/HLA-A*74:01:01:01	HLA-A*68:02:01:01/HLA-A*74:01:01:01		1.0	1.0	1.0	1.0	False	False		concordant (2-field)						
HG02622	HPRC-Rest	HLA-B	HLA-B*15:03:01:02/HLA-B*50:01:01:01	HLA-B*15:03:01:02/HLA-B*50:01:01:01		1.0	1.0	1.0	1.0	False	False		concordant (2-field)						
HG02622	HPRC-Rest	HLA-C	HLA-C*02:10:01:01/HLA-C*06:02:01:01	HLA-C*02:10:01:01/HLA-C*06:02:01:01		1.0	1.0	1.0	1.0	False	False		concordant (2-field)						
HG02622	HPRC-Rest	HLA-DQA1	HLA-DQA1*02:01:01/HLA-DQA1*03:03:01	HLA-DQA1*02:01:01:01/HLA-DQA1*03:03:01:01		1.0	1.0	1.0	0.0	True	True		concordant (2-field)						
HG02622	HPRC-Rest	HLA-DQB1	HLA-DQB1*02:02:01:01/HLA-DQB1*02:02:01	HLA-DQB1*02:02:01:01/HLA-DQB1*02:02:01:21		1.0	1.0	1.0	0.0	True	False		concordant (2-field)						
HG02622	HPRC-Rest	HLA-DRB1	HLA-DRB1*07:01:01/HLA-DRB1*09:01:02	HLA-DRB1*07:01:01:01/HLA-DRB1*09:01:02:07		1.0	1.0	1.0	0.0	True	True		concordant (2-field)						
HG02630	HPRC-Rest	HLA-A	HLA-A*02:01:01:01/HLA-A*03:01:01:05	HLA-A*02:01:01:01/HLA-A*03:01:01:05		1.0	1.0	1.0	1.0	False	False		concordant (2-field)						
HG02630	HPRC-Rest	HLA-B	HLA-B*41:02:01:01/HLA-B*53:01:01:01	HLA-B*41:02:01:01/HLA-B*53:01:01:01		1.0	1.0	1.0	1.0	False	False		concordant (2-field)						
HG02630	HPRC-Rest	HLA-C	HLA-C*17:01:01:30/HLA-C*04:01:01:75	HLA-C*04:01:01:75/HLA-C*17:01:01:30		1.0	1.0	1.0	1.0	False	False		concordant (2-field)						
HG02630	HPRC-Rest	HLA-DQA1	HLA-DQA1*03:03:01:01/HLA-DQA1*03:03:01:01	HLA-DQA1*03:03:01:01/HLA-DQA1*03:03:01:01		1.0	1.0	1.0	1.0	False	False		concordant (2-field)						
HG02630	HPRC-Rest	HLA-DQB1	HLA-DQB1*02:02:01:02/HLA-DQB1*02:02:01:02	HLA-DQB1*02:02:01:02/HLA-DQB1*02:02:01:02		1.0	1.0	1.0	1.0	False	False		concordant (2-field)						
HG02630	HPRC-Rest	HLA-DRB1	HLA-DRB1*09:01:02:07/HLA-DRB1*09:01:02	HLA-DRB1*09:01:02:07/HLA-DRB1*09:01:02:07		1.0	1.0	1.0	0.0	True	True		concordant (2-field)						
HG02647	HPRC-Rest	HLA-A	HLA-A*34:02:01:01/HLA-A*23:01:01:01	HLA-A*23:01:01:01/HLA-A*34:02:01:01		1.0	1.0	1.0	1.0	False	False		concordant (2-field)						
HG02647	HPRC-Rest	HLA-B	HLA-B*53:01:01:01/HLA-B*39:10:01	HLA-B*39:10:01/HLA-B*53:01:01:01		1.0	1.0	1.0	1.0	True	True		concordant (2-field)						
HG02647	HPRC-Rest	HLA-C	HLA-C*06:02:01/HLA-C*05:01:01:02	HLA-C*05:01:01:02/HLA-C*06:02:01:01		1.0	1.0	1.0	0.0	True	True		concordant (2-field)						
HG02647	HPRC-Rest	HLA-DQA1	HLA-DQA1*01:05:02:01/HLA-DQA1*02:01:01:01	HLA-DQA1*01:05:02:01/HLA-DQA1*02:01:01:01		1.0	1.0	1.0	1.0	False	False		concordant (2-field)						
HG02647	HPRC-Rest	HLA-DQB1	HLA-DQB1*05:03:01:01/HLA-DQB1*02:02:01:01	HLA-DQB1*02:02:01:01/HLA-DQB1*05:03:01:01		1.0	1.0	1.0	1.0	False	False		concordant (2-field)						
HG02647	HPRC-Rest	HLA-DRB1	HLA-DRB1*14:54:01/HLA-DRB1*07:01:01:01	HLA-DRB1*07:01:01:01/HLA-DRB1*14:54:01:08		1.0	1.0	1.0	0.0	True	True		concordant (2-field)						
HG02668	HPRC-Rest	HLA-A	HLA-A*30:02:01:01/HLA-A*68:01:01:02	HLA-A*30:02:01:01/HLA-A*68:01:01:02		1.0	1.0	1.0	1.0	False	False		concordant (2-field)						
HG02668	HPRC-Rest	HLA-B	HLA-B*52:01:02:02/HLA-B*15:03:01:02	HLA-B*15:03:01:02/HLA-B*52:01:02:02		1.0	1.0	1.0	1.0	False	False		concordant (2-field)						
HG02668	HPRC-Rest	HLA-C	HLA-C*01:02:01:01/HLA-C*02:10:01:01	HLA-C*01:02:01:01/HLA-C*02:10:01:01		1.0	1.0	1.0	1.0	False	False		concordant (2-field)						
HG02668	HPRC-Rest	HLA-DQA1	HLA-DQA1*05:05:01:35/HLA-DQA1*01:02:01:03	HLA-DQA1*01:02:01:03/HLA-DQA1*05:05:01:35		1.0	1.0	1.0	1.0	False	False		concordant (2-field)						
HG02668	HPRC-Rest	HLA-DQB1	HLA-DQB1*03:09/HLA-DQB1*06:02:01:04	HLA-DQB1*03:09/HLA-DQB1*06:02:01:04		1.0	1.0	1.0	1.0	False	False		concordant (2-field)						
HG02668	HPRC-Rest	HLA-DRB1	HLA-DRB1*13:03:01/HLA-DRB1*11:01:02	HLA-DRB1*11:01:02:03/HLA-DRB1*13:03:01:01		1.0	1.0	1.0	0.0	True	True		concordant (2-field)						
HG02698	HPRC-Rest	HLA-A	HLA-A*32:01:01:01/HLA-A*68:01:01:02	HLA-A*32:01:01:01/HLA-A*68:01:01:02		1.0	1.0	1.0	1.0	False	False		concordant (2-field)						
HG02698	HPRC-Rest	HLA-B	HLA-B*40:06:01:13/HLA-B*15:220:01:01	HLA-B*15:220:01:01/HLA-B*40:06:01:13		1.0	1.0	1.0	1.0	False	False		concordant (2-field)						
HG02698	HPRC-Rest	HLA-C	HLA-C*15:02:01:01/HLA-C*04:01:01	HLA-C*04:01:01:14/HLA-C*15:02:01:01		1.0	1.0	1.0	0.0	True	True		concordant (2-field)						
HG02698	HPRC-Rest	HLA-DQA1	HLA-DQA1*01:03:01:01/HLA-DQA1*01:02:01:17	HLA-DQA1*01:02:01:17/HLA-DQA1*01:03:01:01		1.0	1.0	1.0	1.0	False	False		concordant (2-field)						
HG02698	HPRC-Rest	HLA-DQB1	HLA-DQB1*06:01:01:01/HLA-DQB1*06:04:01:01	HLA-DQB1*06:01:01:01/HLA-DQB1*06:04:01:01		1.0	1.0	1.0	1.0	False	False		concordant (2-field)						
HG02698	HPRC-Rest	HLA-DRB1	HLA-DRB1*15:01:01:03/HLA-DRB1*13:02:01	HLA-DRB1*13:02:01:02/HLA-DRB1*15:01:01:03		1.0	1.0	1.0	0.0	True	True		concordant (2-field)						
HG02717	HPRC-Rest	HLA-A	HLA-A*66:01:01:01/HLA-A*30:02:01:01	HLA-A*30:02:01:01/HLA-A*66:01:01:01		1.0	1.0	1.0	1.0	False	False		concordant (2-field)						
HG02717	HPRC-Rest	HLA-B	HLA-B*45:01:01:03/HLA-B*15:03:01:01	HLA-B*15:03:01:01/HLA-B*45:01:01:03		1.0	1.0	1.0	1.0	False	False		concordant (2-field)						
HG02717	HPRC-Rest	HLA-C	HLA-C*16:01:01:01/HLA-C*04:01:01:14	HLA-C*04:01:01:14/HLA-C*16:01:01:01		1.0	1.0	1.0	1.0	False	False		concordant (2-field)						
HG02717	HPRC-Rest	HLA-DQA1	HLA-DQA1*05:01:01/HLA-DQA1*03:03:01	HLA-DQA1*03:03:01:01/HLA-DQA1*05:01:01:02		1.0	1.0	1.0	0.0	True	True		concordant (2-field)						
HG02717	HPRC-Rest	HLA-DQB1	HLA-DQB1*02/HLA-DQB1*02:02:01	HLA-DQB1*02:02:01:21/HLA-DQB1*02:180:02		1.0	0.0	0.0	0.0	True	True	0.0	both novel (no exact IPD-IMGT/HLA match)						
HG02717	HPRC-Rest	HLA-DRB1	HLA-DRB1*03:02:01/HLA-DRB1*09:01:02	HLA-DRB1*03:02:01:02/HLA-DRB1*09:01:02:07		1.0	1.0	1.0	0.0	True	True		concordant (2-field)						
HG02723	HPRC-Rest	HLA-A	HLA-A*26:01:01:13/HLA-A*33:01:01:01	HLA-A*26:01:01:13/HLA-A*33:01:01:01		1.0	1.0	1.0	1.0	False	False		concordant (2-field)						
HG02723	HPRC-Rest	HLA-B	HLA-B*08:01:01:01/HLA-B*49:01:01:01	HLA-B*08:01:01:01/HLA-B*49:01:01:01		1.0	1.0	1.0	1.0	False	False		concordant (2-field)						
HG02723	HPRC-Rest	HLA-C	HLA-C*03:04:01:13/HLA-C*07:01:01:16	HLA-C*03:04:01:13/HLA-C*07:01:01:16		1.0	1.0	1.0	1.0	False	False		concordant (2-field)						
HG02723	HPRC-Rest	HLA-DQA1	HLA-DQA1*05:05:01/HLA-DQA1*02:01:01	HLA-DQA1*02:01:01:01/HLA-DQA1*05:05:01:13		1.0	1.0	1.0	0.0	True	True		concordant (2-field)						
HG02723	HPRC-Rest	HLA-DQB1	HLA-DQB1*03:19:01:01/HLA-DQB1*02:02:01:01	HLA-DQB1*02:02:01:01/HLA-DQB1*03:19:01:01		1.0	1.0	1.0	1.0	False	False		concordant (2-field)						
HG02723	HPRC-Rest	HLA-DRB1	HLA-DRB1*13:04/HLA-DRB1*07:01:01	HLA-DRB1*07:01:01:01/HLA-DRB1*13:04		1.0	1.0	1.0	0.0	True	True		concordant (2-field)						
HG02735	HPRC-Rest	HLA-A	HLA-A*11:01:01:01/HLA-A*33:03:01:01	HLA-A*11:01:01:01/HLA-A*33:03:01:01		1.0	1.0	1.0	1.0	False	False		concordant (2-field)						
HG02735	HPRC-Rest	HLA-B	HLA-B*44:03:02/HLA-B*58:01:01:03	HLA-B*44:03:02:06/HLA-B*58:01:01:03		1.0	1.0	1.0	0.0	True	True		concordant (2-field)						
HG02735	HPRC-Rest	HLA-C	HLA-C*07:06:01:01/HLA-C*03:02:02:05	HLA-C*03:02:02:05/HLA-C*07:06:01:01		1.0	1.0	1.0	1.0	False	False		concordant (2-field)						
HG02735	HPRC-Rest	HLA-DQA1	HLA-DQA1*02:01:01:01/HLA-DQA1*05:01:01:03	HLA-DQA1*02:01:01:01/HLA-DQA1*05:01:01:01		1.0	1.0	1.0	0.0	False	True		concordant (2-field)						
HG02735	HPRC-Rest	HLA-DQB1	HLA-DQB1*02:02:01:01/HLA-DQB1*02:01:01:01	HLA-DQB1*02:01:01:01/HLA-DQB1*02:02:01:01		1.0	1.0	1.0	1.0	False	False		concordant (2-field)						
HG02735	HPRC-Rest	HLA-DRB1	HLA-DRB1*07:01:01/HLA-DRB1*03:01:01:03	HLA-DRB1*03:01:01:03/HLA-DRB1*07:01:01:26		1.0	1.0	1.0	0.0	True	True		concordant (2-field)						
HG02738	HPRC-Rest	HLA-A	HLA-A*26:01:01:01/HLA-A*23:01:01:01	HLA-A*23:01:01:01/HLA-A*26:01:01:01		1.0	1.0	1.0	1.0	False	False		concordant (2-field)						
HG02738	HPRC-Rest	HLA-B	HLA-B*08:01:01:02/HLA-B*50:01:01:01	HLA-B*08:01:01:02/HLA-B*50:01:01:01		1.0	1.0	1.0	1.0	False	False		concordant (2-field)						
HG02738	HPRC-Rest	HLA-C	HLA-C*07:02:01:01/HLA-C*06:02:01:02	HLA-C*06:02:01:02/HLA-C*07:02:01:01		1.0	1.0	1.0	1.0	False	False		concordant (2-field)						
HG02738	HPRC-Rest	HLA-DQA1	HLA-DQA1*05:01:01:03/HLA-DQA1*05:01:01:03	HLA-DQA1*05:01:01:01/HLA-DQA1*05:07		1.0	0.0	0.0	0.0	False	True	3.0	FuFiHLA artefact (consensus not present in the assembly)						
HG02738	HPRC-Rest	HLA-DQB1	HLA-DQB1*02:01:01:01/HLA-DQB1*02:01:01:01	HLA-DQB1*02:01:01:01/HLA-DQB1*02:01:01:01		1.0	1.0	1.0	1.0	False	False		concordant (2-field)						
HG02738	HPRC-Rest	HLA-DRB1	HLA-DRB1*03:01:01:03/HLA-DRB1*03:01:01:03	HLA-DRB1*03:01:01:03/HLA-DRB1*03:01:01:03		1.0	1.0	1.0	1.0	False	False		concordant (2-field)						
HG02809	HPRC-Rest	HLA-A	HLA-A*26:01:01:13/HLA-A*30:02:01:02	HLA-A*26:01:01:13/HLA-A*30:02:01:02		1.0	1.0	1.0	1.0	False	False		concordant (2-field)						
HG02809	HPRC-Rest	HLA-B	HLA-B*08:01:01:01/HLA-B*57:03:01	HLA-B*08:01:01:01/HLA-B*57:03:01:11		1.0	1.0	1.0	0.0	True	True		concordant (2-field)						
HG02809	HPRC-Rest	HLA-C	HLA-C*03:04:01:13/HLA-C*07:28	HLA-C*03:04:01:13/HLA-C*07:28		1.0	1.0	1.0	1.0	False	False		concordant (2-field)						
HG02809	HPRC-Rest	HLA-DQA1	HLA-DQA1*05:05:01/HLA-DQA1*03:03:01:01	HLA-DQA1*03:03:01:01/HLA-DQA1*05:05:01:13		1.0	1.0	1.0	0.0	True	True		concordant (2-field)						
HG02809	HPRC-Rest	HLA-DQB1	HLA-DQB1*03:19:01:01/HLA-DQB1*03:02:01:01	HLA-DQB1*03:02:01:01/HLA-DQB1*03:19:01:01		1.0	1.0	1.0	1.0	False	False		concordant (2-field)						
HG02809	HPRC-Rest	HLA-DRB1	HLA-DRB1*13:04/HLA-DRB1*04:01:01	HLA-DRB1*04:01:01:16/HLA-DRB1*13:04		1.0	1.0	1.0	0.0	True	True		concordant (2-field)						
HG02818	HPRC-Rest	HLA-A	HLA-A*33:03:01:01/HLA-A*02:01:01	HLA-A*02:01:01:01/HLA-A*33:03:01:01		1.0	1.0	1.0	0.0	True	False		concordant (2-field)						
HG02818	HPRC-Rest	HLA-B	HLA-B*58:01:01:03/HLA-B*53:01:01:01	HLA-B*53:01:01:01/HLA-B*58:01:01:03		1.0	1.0	1.0	1.0	False	False		concordant (2-field)						
HG02818	HPRC-Rest	HLA-C	HLA-C*03:02:02:05/HLA-C*04:01:01:75	HLA-C*03:02:02:05/HLA-C*04:01:01:75		1.0	1.0	1.0	1.0	False	False		concordant (2-field)						
HG02818	HPRC-Rest	HLA-DQA1	HLA-DQA1*01:03:01:10/HLA-DQA1*05:05:01:35	HLA-DQA1*01:03:01:10/HLA-DQA1*05:05:01:35		1.0	1.0	1.0	1.0	False	False		concordant (2-field)						
HG02818	HPRC-Rest	HLA-DQB1	HLA-DQB1*06:03:01:02/HLA-DQB1*03:19:01	HLA-DQB1*03:19:01:01/HLA-DQB1*06:03:01:02		1.0	1.0	1.0	0.0	True	True		concordant (2-field)						
HG02818	HPRC-Rest	HLA-DRB1	HLA-DRB1*13:01:01/HLA-DRB1*11:01:02	HLA-DRB1*11:01:02:04/HLA-DRB1*13:01:01:10		1.0	1.0	1.0	0.0	True	True		concordant (2-field)						
HG02841	HPRC-Rest	HLA-A	HLA-A*30:02:01:03/HLA-A*26:01:01:01	HLA-A*26:01:01:01/HLA-A*30:02:01:03		1.0	1.0	1.0	1.0	False	False		concordant (2-field)						
HG02841	HPRC-Rest	HLA-B	HLA-B*08:01:01:01/HLA-B*58:01:01:01	HLA-B*08:01:01:01/HLA-B*58:01:01:01		1.0	1.0	1.0	1.0	False	False		concordant (2-field)						
HG02841	HPRC-Rest	HLA-C	HLA-C*07:01:01:01/HLA-C*07:18:01:01	HLA-C*07:01:01:01/HLA-C*07:18:01:01		1.0	1.0	1.0	1.0	False	False		concordant (2-field)						
HG02841	HPRC-Rest	HLA-DQA1	HLA-DQA1*03:03:01:01/HLA-DQA1*03:03:01:01	HLA-DQA1*03:03:01:01/HLA-DQA1*03:03:01:01		1.0	1.0	1.0	1.0	False	False		concordant (2-field)						
HG02841	HPRC-Rest	HLA-DQB1	HLA-DQB1*03:02:01:01/HLA-DQB1*03:02:01:01	HLA-DQB1*03:02:01:01/HLA-DQB1*03:02:01:01		1.0	1.0	1.0	1.0	False	False		concordant (2-field)						
HG02841	HPRC-Rest	HLA-DRB1	HLA-DRB1*13:01:01/HLA-DRB1*04:05:01	HLA-DRB1*04:05:01:05/HLA-DRB1*13:01:01:10		1.0	1.0	1.0	0.0	True	True		concordant (2-field)						
HG02886	HPRC-Rest	HLA-A	HLA-A*30:02:01:02/HLA-A*31:01:02	HLA-A*30:02:01:02/HLA-A*31:01:02:01		1.0	1.0	1.0	0.0	True	True		concordant (2-field)						
HG02886	HPRC-Rest	HLA-B	HLA-B*51:01:01:10/HLA-B*35:01:01:06	HLA-B*35:01:01:06/HLA-B*51:01:01:10		1.0	1.0	1.0	1.0	False	False		concordant (2-field)						
HG02886	HPRC-Rest	HLA-C	HLA-C*16:01:01:01/HLA-C*04:01:01:14	HLA-C*04:01:01:14/HLA-C*16:01:01:01		1.0	1.0	1.0	1.0	False	False		concordant (2-field)						
HG02886	HPRC-Rest	HLA-DQA1	HLA-DQA1*04:01:01:05/HLA-DQA1*03:03:01:01	HLA-DQA1*03:03:01:01/HLA-DQA1*04:01:01:05		1.0	1.0	1.0	1.0	False	False		concordant (2-field)						
HG02886	HPRC-Rest	HLA-DQB1	HLA-DQB1*04:02:01:08/HLA-DQB1*02:02:01:02	HLA-DQB1*02:02:01:02/HLA-DQB1*04:02:01:08		1.0	1.0	1.0	1.0	False	False		concordant (2-field)						
HG02886	HPRC-Rest	HLA-DRB1	HLA-DRB1*03:02:01/HLA-DRB1*09:01:02	HLA-DRB1*03:02:01:01/HLA-DRB1*09:01:02:07		1.0	1.0	1.0	0.0	True	True		concordant (2-field)						
HG02922	HPRC-Rest	HLA-A	HLA-A*02:01:01:01/HLA-A*30:01:01:01	HLA-A*02:01:01:01/HLA-A*30:01:01:01		1.0	1.0	1.0	1.0	False	False		concordant (2-field)						
HG02922	HPRC-Rest	HLA-B	HLA-B*18:01:01/HLA-B*15:10:01:01	HLA-B*15:10:01:01/HLA-B*18:01:01:52		1.0	1.0	1.0	0.0	True	False		concordant (2-field)						
HG02922	HPRC-Rest	HLA-C	HLA-C*07:04:01:01/HLA-C*17:01:01:02	HLA-C*07:04:01:01/HLA-C*17:01:01:02		1.0	1.0	1.0	1.0	False	False		concordant (2-field)						
HG02922	HPRC-Rest	HLA-DQA1	HLA-DQA1*01:02:01:03/HLA-DQA1*04:01:02:02	HLA-DQA1*01:02:01:03/HLA-DQA1*04:01:02:02		1.0	1.0	1.0	1.0	False	False		concordant (2-field)						
HG02922	HPRC-Rest	HLA-DQB1	HLA-DQB1*06:02:01:06/HLA-DQB1*03:19:01:01	HLA-DQB1*03:19:01:01/HLA-DQB1*06:02:01:06		1.0	1.0	1.0	1.0	False	False		concordant (2-field)						
HG02922	HPRC-Rest	HLA-DRB1	HLA-DRB1*11:01:02:03/HLA-DRB1*08:04:01:01	HLA-DRB1*08:04:01:01/HLA-DRB1*11:01:02:03		1.0	1.0	1.0	1.0	False	False		concordant (2-field)						
HG02965	HPRC-Rest	HLA-A	HLA-A*30:01:01:01/HLA-A*02:01:01:01	HLA-A*02:01:01:01/HLA-A*30:01:01:01		1.0	1.0	1.0	1.0	False	False		concordant (2-field)						
HG02965	HPRC-Rest	HLA-B	HLA-B*35:01:01:05/HLA-B*35:01:01:05	HLA-B*35:01:01:05/HLA-B*35:01:01:05		1.0	1.0	1.0	1.0	False	False		concordant (2-field)						
HG02965	HPRC-Rest	HLA-C	HLA-C*16:01:01:01/HLA-C*16:01:01:01	HLA-C*16:01:01:01/HLA-C*16:01:01:01		1.0	1.0	1.0	1.0	False	False		concordant (2-field)						
HG02965	HPRC-Rest	HLA-DQA1	HLA-DQA1*04:01:01:05/HLA-DQA1*04:01:02:02	HLA-DQA1*04:01:01:05/HLA-DQA1*04:01:02:02		1.0	1.0	1.0	1.0	False	False		concordant (2-field)						
HG02965	HPRC-Rest	HLA-DQB1	HLA-DQB1*04:02:01:08/HLA-DQB1*03:19:01:01	HLA-DQB1*03:19:01:01/HLA-DQB1*04:02:01:08		1.0	1.0	1.0	1.0	False	False		concordant (2-field)						
HG02965	HPRC-Rest	HLA-DRB1	HLA-DRB1*03:02:01/HLA-DRB1*08:04:01:01	HLA-DRB1*03:02:01:01/HLA-DRB1*08:04:01:01		1.0	1.0	1.0	0.0	True	True		concordant (2-field)						
HG02976	HPRC-Rest	HLA-A	HLA-A*03:01:01:01/HLA-A*01:01:01:01	HLA-A*01:01:01:01/HLA-A*03:01:01:01		1.0	1.0	1.0	1.0	False	False		concordant (2-field)						
HG02976	HPRC-Rest	HLA-B	HLA-B*15:10:01:01/HLA-B*15:03:01:02	HLA-B*15:03:01:02/HLA-B*15:10:01:01		1.0	1.0	1.0	1.0	False	False		concordant (2-field)						
HG02976	HPRC-Rest	HLA-C	HLA-C*04:01:01:14/HLA-C*02:10:01:01	HLA-C*02:10:01:01/HLA-C*04:01:01:14		1.0	1.0	1.0	1.0	False	False		concordant (2-field)						
HG02976	HPRC-Rest	HLA-DQA1	HLA-DQA1*01:02:01:02/HLA-DQA1*01:02:01:03	HLA-DQA1*01:02:01:02/HLA-DQA1*01:02:01:03		1.0	1.0	1.0	1.0	False	False		concordant (2-field)						
HG02976	HPRC-Rest	HLA-DQB1	HLA-DQB1*06:02:01:01/HLA-DQB1*06:02:01:04	HLA-DQB1*06:02:01:01/HLA-DQB1*06:02:01:04		1.0	1.0	1.0	1.0	False	False		concordant (2-field)						
HG02976	HPRC-Rest	HLA-DRB1	HLA-DRB1*15:03:01:03/HLA-DRB1*11:10:01	HLA-DRB1*11:10:01/HLA-DRB1*15:03:01:03		1.0	1.0	1.0	1.0	True	True		concordant (2-field)						
HG02984	HPRC-Rest	HLA-A	HLA-A*02:01:01:01/HLA-A*02:02:01:02	HLA-A*02:01:01:01/HLA-A*02:02:01:02		1.0	1.0	1.0	1.0	False	False		concordant (2-field)						
HG02984	HPRC-Rest	HLA-B	HLA-B*58:01:01/HLA-B*58:01:01:01	HLA-B*58:01:01:01/HLA-B*58:01:01:03		1.0	1.0	1.0	0.0	True	False		concordant (2-field)						
HG02984	HPRC-Rest	HLA-C	HLA-C*07:18:01:01/HLA-C*07:18:01:01	HLA-C*07:18:01:01/HLA-C*07:18:01:01		1.0	1.0	1.0	1.0	False	False		concordant (2-field)						
HG02984	HPRC-Rest	HLA-DQA1	HLA-DQA1*01:02:01:03/HLA-DQA1*01:05:01:02	HLA-DQA1*01:02:01:03/HLA-DQA1*01:05:01:02		1.0	1.0	1.0	1.0	False	False		concordant (2-field)						
HG02984	HPRC-Rest	HLA-DQB1	HLA-DQB1*05:02:01/HLA-DQB1*05:01:01:02	HLA-DQB1*05:01:01:02/HLA-DQB1*05:02:01:08		1.0	1.0	1.0	0.0	True	True		concordant (2-field)						
HG02984	HPRC-Rest	HLA-DRB1	HLA-DRB1*11:01:02/HLA-DRB1*10:01:01	HLA-DRB1*10:01:01:03/HLA-DRB1*11:01:02:04		1.0	1.0	1.0	0.0	True	True		concordant (2-field)						
HG03017	HPRC-Rest	HLA-A	HLA-A*24:02:01:01/HLA-A*11:01:01:01	HLA-A*11:01:01:01/HLA-A*24:02:01:01		1.0	1.0	1.0	1.0	False	False		concordant (2-field)						
HG03017	HPRC-Rest	HLA-B	HLA-B*15:08:01:01/HLA-B*15:02:01:01	HLA-B*15:02:01:01/HLA-B*15:08:01:01		1.0	1.0	1.0	1.0	False	False		concordant (2-field)						
HG03017	HPRC-Rest	HLA-C	HLA-C*01:02:01:01/HLA-C*08:01:01:01	HLA-C*01:02:01:01/HLA-C*08:01:01:01		1.0	1.0	1.0	1.0	False	False		concordant (2-field)						
HG03017	HPRC-Rest	HLA-DQA1	HLA-DQA1*04:01:01:02/HLA-DQA1*01:02:01:03	HLA-DQA1*01:02:01:03/HLA-DQA1*04:01:01:02		1.0	1.0	1.0	1.0	False	False		concordant (2-field)						
HG03017	HPRC-Rest	HLA-DQB1	HLA-DQB1*04:02:01:04/HLA-DQB1*06:01:01:01	HLA-DQB1*04:02:01:04/HLA-DQB1*06:01:01:01		1.0	1.0	1.0	1.0	False	False		concordant (2-field)						
HG03017	HPRC-Rest	HLA-DRB1	HLA-DRB1*08:02:01/HLA-DRB1*15:01:01:03	HLA-DRB1*08:02:01:01/HLA-DRB1*15:01:01:03		1.0	1.0	1.0	0.0	True	True		concordant (2-field)						
HG03041	HPRC-Rest	HLA-A	HLA-A*33:03:01:03/HLA-A*02:01:01:01	HLA-A*02:01:01:01/HLA-A*33:03:01:03		1.0	1.0	1.0	1.0	False	False		concordant (2-field)						
HG03041	HPRC-Rest	HLA-B	HLA-B*53:01:01:01/HLA-B*53:01:01:01	HLA-B*53:01:01:01/HLA-B*53:01:01:01		1.0	1.0	1.0	1.0	False	False		concordant (2-field)						
HG03041	HPRC-Rest	HLA-C	HLA-C*04:01:01:75/HLA-C*04:01:01:75	HLA-C*04:01:01:75/HLA-C*04:01:01:75		1.0	1.0	1.0	1.0	False	False		concordant (2-field)						
HG03041	HPRC-Rest	HLA-DQA1	HLA-DQA1*04:01:02:02/HLA-DQA1*01:02:01:03	HLA-DQA1*01:02:01:03/HLA-DQA1*04:01:02:02		1.0	1.0	1.0	1.0	False	False		concordant (2-field)						
HG03041	HPRC-Rest	HLA-DQB1	HLA-DQB1*03:19:01:01/HLA-DQB1*06:02:01:01	HLA-DQB1*03:19:01:01/HLA-DQB1*06:02:01:01		1.0	1.0	1.0	1.0	False	False		concordant (2-field)						
HG03041	HPRC-Rest	HLA-DRB1	HLA-DRB1*08:04:01:01/HLA-DRB1*15:03:01:03	HLA-DRB1*08:04:01:01/HLA-DRB1*15:03:01:03		1.0	1.0	1.0	1.0	False	False		concordant (2-field)						
HG03050	HPRC-Rest	HLA-A	HLA-A*23:01:01:01/HLA-A*30:01:01:01	HLA-A*23:01:01:01/HLA-A*30:01:01:01		1.0	1.0	1.0	1.0	False	False		concordant (2-field)						
HG03050	HPRC-Rest	HLA-B	HLA-B*53:01:01:01/HLA-B*42:01:01:01	HLA-B*42:01:01:01/HLA-B*53:01:01:01		1.0	1.0	1.0	1.0	False	False		concordant (2-field)						
HG03050	HPRC-Rest	HLA-C	HLA-C*06:02:01/HLA-C*17:01:01:02	HLA-C*06:02:01:01/HLA-C*17:01:01:02		1.0	1.0	1.0	0.0	True	True		concordant (2-field)						
HG03050	HPRC-Rest	HLA-DQA1	HLA-DQA1*03:03:01:01/HLA-DQA1*04:01:01:05	HLA-DQA1*03:03:01:01/HLA-DQA1*04:01:01:05		1.0	1.0	1.0	1.0	False	False		concordant (2-field)						
HG03050	HPRC-Rest	HLA-DQB1	HLA-DQB1*02:02:01:02/HLA-DQB1*04:02:01:08	HLA-DQB1*02:02:01:02/HLA-DQB1*04:02:01:08		1.0	1.0	1.0	1.0	False	False		concordant (2-field)						
HG03050	HPRC-Rest	HLA-DRB1	HLA-DRB1*09:01:02/HLA-DRB1*03:02:01	HLA-DRB1*03:02:01:01/HLA-DRB1*09:01:02:07		1.0	1.0	1.0	0.0	True	True		concordant (2-field)						
HG03098	HPRC-Rest	HLA-A	HLA-A*30:01:01:01/HLA-A*02:02:01:01	HLA-A*02:02:01:01/HLA-A*30:01:01:01		1.0	1.0	1.0	1.0	False	False		concordant (2-field)						
HG03098	HPRC-Rest	HLA-B	HLA-B*42:01:01:01/HLA-B*27:03	HLA-B*27:03:01:01/HLA-B*42:01:01:01		1.0	1.0	0.0	0.0	False	False		concordant (2-field)						
HG03098	HPRC-Rest	HLA-C	HLA-C*17:01:01:02/HLA-C*02:02:02:43	HLA-C*02:02:02:43/HLA-C*17:01:01:02		1.0	1.0	1.0	1.0	False	False		concordant (2-field)						
HG03098	HPRC-Rest	HLA-DQA1	HLA-DQA1*03:03:01:01/HLA-DQA1*03:03:01:01	HLA-DQA1*03:03:01:01/HLA-DQA1*03:03:01:01		1.0	1.0	1.0	1.0	False	False		concordant (2-field)						
HG03098	HPRC-Rest	HLA-DQB1	HLA-DQB1*02:02:01:02/HLA-DQB1*03:02:01	HLA-DQB1*02:02:01:02/HLA-DQB1*03:02:01:01		1.0	1.0	1.0	0.0	True	True		concordant (2-field)						
HG03098	HPRC-Rest	HLA-DRB1	HLA-DRB1*09:01:02/HLA-DRB1*04:05:01	HLA-DRB1*04:05:01:07/HLA-DRB1*09:01:02:07		1.0	1.0	1.0	0.0	True	True		concordant (2-field)						
HG03130	HPRC-Rest	HLA-A	HLA-A*02:01:01:01/HLA-A*68:02:01:01	HLA-A*02:01:01:01/HLA-A*68:02:01:01		1.0	1.0	1.0	1.0	False	False		concordant (2-field)						
HG03130	HPRC-Rest	HLA-B	HLA-B*35:01:01:05/HLA-B*15:03:01	HLA-B*15:03:01:02/HLA-B*35:01:01:05		1.0	1.0	1.0	0.0	True	True		concordant (2-field)						
HG03130	HPRC-Rest	HLA-C	HLA-C*16:01:01:01/HLA-C*02:10:01:01	HLA-C*02:10:01:01/HLA-C*16:01:01:01		1.0	1.0	1.0	1.0	False	False		concordant (2-field)						
HG03130	HPRC-Rest	HLA-DQA1	HLA-DQA1*01:01:02:01/HLA-DQA1*03:03:01:15	HLA-DQA1*01:01:02:01/HLA-DQA1*03:03:01:15		1.0	1.0	1.0	1.0	False	False		concordant (2-field)						
HG03130	HPRC-Rest	HLA-DQB1	HLA-DQB1*05:01:01:01/HLA-DQB1*02:02:01:02	HLA-DQB1*02:02:01:02/HLA-DQB1*05:01:01:01		1.0	1.0	1.0	1.0	False	False		concordant (2-field)						
HG03130	HPRC-Rest	HLA-DRB1	HLA-DRB1*01:02:01:01/HLA-DRB1*13:03:01	HLA-DRB1*01:02:01:01/HLA-DRB1*13:03:01:03		1.0	1.0	1.0	0.0	True	True		concordant (2-field)						
HG03139	HPRC-Rest	HLA-A	HLA-A*34:02:01:01/HLA-A*02:01:01:01	HLA-A*02:01:01:01/HLA-A*34:02:01:01		1.0	1.0	1.0	1.0	False	False		concordant (2-field)						
HG03139	HPRC-Rest	HLA-B	HLA-B*42:01:01:01/HLA-B*51:01:01:10	HLA-B*42:01:01:01/HLA-B*51:01:01:10		1.0	1.0	1.0	1.0	False	False		concordant (2-field)						
HG03139	HPRC-Rest	HLA-C	HLA-C*17:01:01:02/HLA-C*16:01:01:01	HLA-C*16:01:01:01/HLA-C*17:01:01:02		1.0	1.0	1.0	1.0	False	False		concordant (2-field)						
HG03139	HPRC-Rest	HLA-DQA1	HLA-DQA1*04:01:02:02/HLA-DQA1*01:02:01:03	HLA-DQA1*01:02:01:03/HLA-DQA1*04:01:02:02		1.0	1.0	1.0	1.0	False	False		concordant (2-field)						
HG03139	HPRC-Rest	HLA-DQB1	HLA-DQB1*03:19:01:01/HLA-DQB1*06:02:01:01	HLA-DQB1*03:19:01:01/HLA-DQB1*06:02:01:01		1.0	1.0	1.0	1.0	False	False		concordant (2-field)						
HG03139	HPRC-Rest	HLA-DRB1	HLA-DRB1*08:04:01:01/HLA-DRB1*15:03:01:03	HLA-DRB1*08:04:01:01/HLA-DRB1*15:03:01:03		1.0	1.0	1.0	1.0	False	False		concordant (2-field)						
HG03195	HPRC-Rest	HLA-A	HLA-A*02:01:01:01/HLA-A*74:01:01:01	HLA-A*02:01:01:01/HLA-A*74:01:01:01		1.0	1.0	1.0	1.0	False	False		concordant (2-field)						
HG03195	HPRC-Rest	HLA-B	HLA-B*35:01:01:05/HLA-B*15:03:01:02	HLA-B*15:03:01:02/HLA-B*35:01:01:05		1.0	1.0	1.0	1.0	False	False		concordant (2-field)						
HG03195	HPRC-Rest	HLA-C	HLA-C*16:01:01:01/HLA-C*02:10:01:01	HLA-C*02:10:01:01/HLA-C*16:01:01:01		1.0	1.0	1.0	1.0	False	False		concordant (2-field)						
HG03195	HPRC-Rest	HLA-DQA1	HLA-DQA1*01:01:02:01/HLA-DQA1*01:02:01:02	HLA-DQA1*01:01:02:01/HLA-DQA1*01:02:01:02		1.0	1.0	1.0	1.0	False	False		concordant (2-field)						
HG03195	HPRC-Rest	HLA-DQB1	HLA-DQB1*05:01:01:01/HLA-DQB1*06:02:01:01	HLA-DQB1*05:01:01:01/HLA-DQB1*06:02:01:01		1.0	1.0	1.0	1.0	False	False		concordant (2-field)						
HG03195	HPRC-Rest	HLA-DRB1	HLA-DRB1*01:02:01:01/HLA-DRB1*15:03:01:01	HLA-DRB1*01:02:01:01/HLA-DRB1*15:03:01:01		1.0	1.0	1.0	1.0	False	False		concordant (2-field)						
HG03209	HPRC-Rest	HLA-A	HLA-A*30:02:01:01/HLA-A*01:01:01:01	HLA-A*01:01:01:01/HLA-A*30:02:01:01		1.0	1.0	1.0	1.0	False	False		concordant (2-field)						
HG03209	HPRC-Rest	HLA-B	HLA-B*27:03/HLA-B*50:01:01:01	HLA-B*27:03:01:01/HLA-B*50:01:01:01		1.0	1.0	0.0	0.0	False	False		concordant (2-field)						
HG03209	HPRC-Rest	HLA-C	HLA-C*07:18:01:01/HLA-C*06:02:01:01	HLA-C*06:02:01:01/HLA-C*07:18:01:01		1.0	1.0	1.0	1.0	False	False		concordant (2-field)						
HG03209	HPRC-Rest	HLA-DQA1	HLA-DQA1*03:03:01:01/HLA-DQA1*01:02:01:03	HLA-DQA1*01:02:01:03/HLA-DQA1*03:03:01:01		1.0	1.0	1.0	1.0	False	False		concordant (2-field)						
HG03209	HPRC-Rest	HLA-DQB1	HLA-DQB1*03:02:01/HLA-DQB1*06:02:01	HLA-DQB1*03:02:01:01/HLA-DQB1*06:02:01:04		1.0	1.0	1.0	0.0	True	True		concordant (2-field)						
HG03209	HPRC-Rest	HLA-DRB1	HLA-DRB1*04:05:01/HLA-DRB1*08:06:01:01	HLA-DRB1*04:05:01:07/HLA-DRB1*08:06:01:01		1.0	1.0	1.0	0.0	True	True		concordant (2-field)						
HG03225	HPRC-Rest	HLA-A	HLA-A*34:02:01:01/HLA-A*33:03:01:01	HLA-A*33:03:01:01/HLA-A*34:02:01:01		1.0	1.0	1.0	1.0	False	False		concordant (2-field)						
HG03225	HPRC-Rest	HLA-B	HLA-B*41:03:01/HLA-B*78:01:01:02	HLA-B*41:03:01/HLA-B*78:01:01:02		1.0	1.0	1.0	1.0	False	False		concordant (2-field)						
HG03225	HPRC-Rest	HLA-C	HLA-C*17:03:01:01/HLA-C*16:01:01:01	HLA-C*16:01:01:01/HLA-C*17:03:01:01		1.0	1.0	1.0	1.0	False	False		concordant (2-field)						
HG03225	HPRC-Rest	HLA-DQA1	HLA-DQA1*05:01:01:01/HLA-DQA1*01:01:02:01	HLA-DQA1*01:01:02:01/HLA-DQA1*05:01:01:01		1.0	1.0	1.0	1.0	False	False		concordant (2-field)						
HG03225	HPRC-Rest	HLA-DQB1	HLA-DQB1*02:01:01:01/HLA-DQB1*05:01:01:01	HLA-DQB1*02:01:01:01/HLA-DQB1*05:01:01:01		1.0	1.0	1.0	1.0	False	False		concordant (2-field)						
HG03225	HPRC-Rest	HLA-DRB1	HLA-DRB1*03:01:01/HLA-DRB1*01:02:01	HLA-DRB1*01:02:01:01/HLA-DRB1*03:01:01:02		1.0	1.0	1.0	0.0	True	True		concordant (2-field)						
HG03239	HPRC-Rest	HLA-A	HLA-A*24:07:01:01/HLA-A*26:01:01:01	HLA-A*24:07:01:01/HLA-A*26:01:01:01		1.0	1.0	1.0	1.0	False	False		concordant (2-field)						
HG03239	HPRC-Rest	HLA-B	HLA-B*52:01:01:01/HLA-B*44:03:02:04	HLA-B*44:03:02:04/HLA-B*52:01:01:01		1.0	1.0	1.0	1.0	False	False		concordant (2-field)						
HG03239	HPRC-Rest	HLA-C	HLA-C*12:02:02:01/HLA-C*07:06:01:01	HLA-C*07:06:01:01/HLA-C*12:02:02:01		1.0	1.0	1.0	1.0	False	False		concordant (2-field)						
HG03239	HPRC-Rest	HLA-DQA1	HLA-DQA1*03:01:01:01/HLA-DQA1*02:01:01:01	HLA-DQA1*02:01:01:01/HLA-DQA1*03:01:01:01		1.0	1.0	1.0	1.0	False	False		concordant (2-field)						
HG03239	HPRC-Rest	HLA-DQB1	HLA-DQB1*03:02:01:01/HLA-DQB1*02:02:01:01	HLA-DQB1*02:02:01:01/HLA-DQB1*03:02:01:01		1.0	1.0	1.0	1.0	False	False		concordant (2-field)						
HG03239	HPRC-Rest	HLA-DRB1	HLA-DRB1*04:03:01/HLA-DRB1*07:01:01	HLA-DRB1*04:03:01:03/HLA-DRB1*07:01:01:26		1.0	1.0	1.0	0.0	True	True		concordant (2-field)						
HG03270	HPRC-Rest	HLA-A	HLA-A*03:01:01:05/HLA-A*36:01:01:01	HLA-A*03:01:01:05/HLA-A*36:01:01:01		1.0	1.0	1.0	1.0	False	False		concordant (2-field)						
HG03270	HPRC-Rest	HLA-B	HLA-B*07:02:01:14/HLA-B*53:01:01:01	HLA-B*07:02:01:14/HLA-B*53:01:01:01		1.0	1.0	1.0	1.0	False	False		concordant (2-field)						
HG03270	HPRC-Rest	HLA-C	HLA-C*07:02:01:193/HLA-C*04:01:01:75	HLA-C*04:01:01:75/HLA-C*07:02:01:193		1.0	1.0	1.0	1.0	False	False		concordant (2-field)						
HG03270	HPRC-Rest	HLA-DQA1	HLA-DQA1*01:02:01/HLA-DQA1*01:02:01:03	HLA-DQA1*01:02:01:02/HLA-DQA1*01:02:01:03		1.0	1.0	1.0	0.0	True	True		concordant (2-field)						
HG03270	HPRC-Rest	HLA-DQB1	HLA-DQB1*06:02:01:01/HLA-DQB1*06:02:01:04	HLA-DQB1*06:02:01:01/HLA-DQB1*06:02:01:04		1.0	1.0	1.0	1.0	False	False		concordant (2-field)						
HG03270	HPRC-Rest	HLA-DRB1	HLA-DRB1*15:03:01:01/HLA-DRB1*11:01:02	HLA-DRB1*11:01:02:03/HLA-DRB1*15:03:01:01		1.0	1.0	1.0	0.0	True	True		concordant (2-field)						
HG03369	HPRC-Rest	HLA-A	HLA-A*03:01:01:01/HLA-A*30:01:01:01	HLA-A*03:01:01:01/HLA-A*30:01:01:01		1.0	1.0	1.0	1.0	False	False		concordant (2-field)						
HG03369	HPRC-Rest	HLA-B	HLA-B*35:01:01:06/HLA-B*52:01:02:02	HLA-B*35:01:01:06/HLA-B*52:01:02:02		1.0	1.0	1.0	1.0	False	False		concordant (2-field)						
HG03369	HPRC-Rest	HLA-C	HLA-C*04:01:01:14/HLA-C*16:01:01:01	HLA-C*04:01:01:14/HLA-C*16:01:01:01		1.0	1.0	1.0	1.0	False	False		concordant (2-field)						
HG03369	HPRC-Rest	HLA-DQA1	HLA-DQA1*01:02:01:04/HLA-DQA1*01:03:01:10	HLA-DQA1*01:02:01:04/HLA-DQA1*01:03:01:10		1.0	1.0	1.0	1.0	False	False		concordant (2-field)						
HG03369	HPRC-Rest	HLA-DQB1	HLA-DQB1*05:02:01:04/HLA-DQB1*05:01:01:16	HLA-DQB1*05:01:01:16/HLA-DQB1*05:02:01:04		1.0	1.0	1.0	1.0	False	False		concordant (2-field)						
HG03369	HPRC-Rest	HLA-DRB1	HLA-DRB1*13:02:01/HLA-DRB1*13:01:01	HLA-DRB1*13:01:01:10/HLA-DRB1*13:02:01:03		1.0	1.0	1.0	0.0	True	True		concordant (2-field)						
HG03453	HPRC-Rest	HLA-A	HLA-A*66:03:01:02/HLA-A*74:01:01:01	HLA-A*66:03:01:02/HLA-A*74:01:01:01		1.0	1.0	1.0	1.0	False	False		concordant (2-field)						
HG03453	HPRC-Rest	HLA-B	HLA-B*53:01:01:01/HLA-B*15:10:01:01	HLA-B*15:10:01:01/HLA-B*53:01:01:01		1.0	1.0	1.0	1.0	False	False		concordant (2-field)						
HG03453	HPRC-Rest	HLA-C	HLA-C*06:02:01/HLA-C*03:04:02:01	HLA-C*03:04:02:01/HLA-C*06:02:01:01		1.0	1.0	1.0	0.0	True	True		concordant (2-field)						
HG03453	HPRC-Rest	HLA-DQA1	HLA-DQA1*03:03:01/HLA-DQA1*05:01:01:01	HLA-DQA1*03:03:01:01/HLA-DQA1*05:01:01:01		1.0	1.0	1.0	0.0	True	True		concordant (2-field)						
HG03453	HPRC-Rest	HLA-DQB1	HLA-DQB1*02:02:01:02/HLA-DQB1*02:01:01:01	HLA-DQB1*02:01:01:01/HLA-DQB1*02:02:01:02		1.0	1.0	1.0	1.0	False	False		concordant (2-field)						
HG03453	HPRC-Rest	HLA-DRB1	HLA-DRB1*09:01:02/HLA-DRB1*03:01:01	HLA-DRB1*03:01:01:02/HLA-DRB1*09:01:02:07		1.0	1.0	1.0	0.0	True	True		concordant (2-field)						
HG03470	HPRC-Rest	HLA-A	HLA-A*34:02:01:01/HLA-A*23:01:01:01	HLA-A*23:01:01:01/HLA-A*34:02:01:01		1.0	1.0	1.0	1.0	False	False		concordant (2-field)						
HG03470	HPRC-Rest	HLA-B	HLA-B*44:10/HLA-B*53:01:01:01	HLA-B*44:10/HLA-B*53:01:01:01		1.0	1.0	1.0	1.0	False	False		concordant (2-field)						
HG03470	HPRC-Rest	HLA-C	HLA-C*04:01:01:14/HLA-C*06:02:01	HLA-C*04:01:01:14/HLA-C*06:02:01:01		1.0	1.0	1.0	0.0	True	True		concordant (2-field)						
HG03470	HPRC-Rest	HLA-DQA1	HLA-DQA1*02:01:01:01/HLA-DQA1*01:01:01:01	HLA-DQA1*01:01:01:01/HLA-DQA1*02:01:01:01		1.0	1.0	1.0	1.0	False	False		concordant (2-field)						
HG03470	HPRC-Rest	HLA-DQB1	HLA-DQB1*02:02:01:01/HLA-DQB1*05:01:01:03	HLA-DQB1*02:02:01:01/HLA-DQB1*05:01:01:03		1.0	1.0	1.0	1.0	False	False		concordant (2-field)						
HG03470	HPRC-Rest	HLA-DRB1	HLA-DRB1*07:01:01/HLA-DRB1*01:01:01	HLA-DRB1*01:01:01:01/HLA-DRB1*07:01:01:02		1.0	1.0	1.0	0.0	True	True		concordant (2-field)						
HG03471	HPRC-Rest	HLA-A	HLA-A*33:03:01:01/HLA-A*30:02:01:02	HLA-A*30:02:01:02/HLA-A*33:03:01:01		1.0	1.0	1.0	1.0	False	False		concordant (2-field)						
HG03471	HPRC-Rest	HLA-B	HLA-B*15:16:01:02/HLA-B*42:01:01:01	HLA-B*15:16:01:02/HLA-B*42:01:01:01		1.0	1.0	1.0	1.0	False	False		concordant (2-field)						
HG03471	HPRC-Rest	HLA-C	HLA-C*14:02:01:02/HLA-C*17:01:01:02	HLA-C*14:02:01:02/HLA-C*17:01:01:02		1.0	1.0	1.0	1.0	False	False		concordant (2-field)						
HG03471	HPRC-Rest	HLA-DQA1	HLA-DQA1*02:01:01:01/HLA-DQA1*04:01:01:05	HLA-DQA1*02:01:01:01/HLA-DQA1*04:01:01:05		1.0	1.0	1.0	1.0	False	False		concordant (2-field)						
HG03471	HPRC-Rest	HLA-DQB1	HLA-DQB1*02:02:01/HLA-DQB1*04:02:01:08	HLA-DQB1*02:02:01:01/HLA-DQB1*04:02:01:08		1.0	1.0	1.0	0.0	True	True		concordant (2-field)						
HG03471	HPRC-Rest	HLA-DRB1	HLA-DRB1*07:01:01/HLA-DRB1*03:02:01	HLA-DRB1*03:02:01:01/HLA-DRB1*07:01:01:01		1.0	1.0	1.0	0.0	True	True		concordant (2-field)						
HG03486	HPRC-Rest	HLA-A	HLA-A*02:01:01:01/HLA-A*74:01:01:01	HLA-A*02:01:01:01/HLA-A*74:01:01:01		1.0	1.0	1.0	1.0	False	False		concordant (2-field)						
HG03486	HPRC-Rest	HLA-B	HLA-B*35:01:01:05/HLA-B*15:03:01	HLA-B*15:03:01:02/HLA-B*35:01:01:05		1.0	1.0	1.0	0.0	True	True		concordant (2-field)						
HG03486	HPRC-Rest	HLA-C	HLA-C*16:01:01:01/HLA-C*02:10:01:01	HLA-C*02:10:01:01/HLA-C*16:01:01:01		1.0	1.0	1.0	1.0	False	False		concordant (2-field)						
HG03486	HPRC-Rest	HLA-DQA1	HLA-DQA1*04:01:01:05/HLA-DQA1*01:02:01:23	HLA-DQA1*01:02:01:23/HLA-DQA1*04:01:01:05		1.0	1.0	1.0	1.0	False	False		concordant (2-field)						
HG03486	HPRC-Rest	HLA-DQB1	HLA-DQB1*04:02:01:08/HLA-DQB1*06:09:01:01	HLA-DQB1*04:02:01:08/HLA-DQB1*06:09:01:01		1.0	1.0	1.0	1.0	False	False		concordant (2-field)						
HG03486	HPRC-Rest	HLA-DRB1	HLA-DRB1*03:02:01/HLA-DRB1*13:02:01:04	HLA-DRB1*03:02:01:01/HLA-DRB1*13:02:01:04		1.0	1.0	1.0	0.0	True	True		concordant (2-field)						
HG03516	HPRC-Rest	HLA-A	HLA-A*36:01:01:01/HLA-A*30:01:01:01	HLA-A*30:01:01:01/HLA-A*36:01:01:01		1.0	1.0	1.0	1.0	False	False		concordant (2-field)						
HG03516	HPRC-Rest	HLA-B	HLA-B*53:01:01:01/HLA-B*52:01:02:02	HLA-B*52:01:02:02/HLA-B*53:01:01:01		1.0	1.0	1.0	1.0	False	False		concordant (2-field)						
HG03516	HPRC-Rest	HLA-C	HLA-C*04:01:01:75/HLA-C*16:01:01:01	HLA-C*04:01:01:75/HLA-C*16:01:01:01		1.0	1.0	1.0	1.0	False	False		concordant (2-field)						
HG03516	HPRC-Rest	HLA-DQA1	HLA-DQA1*01:02:01:03/HLA-DQA1*01:03:01:10	HLA-DQA1*01:02:01:03/HLA-DQA1*01:03:01:10		1.0	1.0	1.0	1.0	False	False		concordant (2-field)						
HG03516	HPRC-Rest	HLA-DQB1	HLA-DQB1*06:02:01:04/HLA-DQB1*05:01:01:16	HLA-DQB1*05:01:01:16/HLA-DQB1*06:02:01:04		1.0	1.0	1.0	1.0	False	False		concordant (2-field)						
HG03516	HPRC-Rest	HLA-DRB1	HLA-DRB1*11:01:02/HLA-DRB1*13:01:01	HLA-DRB1*11:01:02:03/HLA-DRB1*13:01:01:10		1.0	1.0	1.0	0.0	True	True		concordant (2-field)						
HG03521	HPRC-Rest	HLA-A	HLA-A*74:01:01:01/HLA-A*74:01:01:01	HLA-A*74:01:01:01/HLA-A*74:01:01:01		1.0	1.0	1.0	1.0	False	False		concordant (2-field)						
HG03521	HPRC-Rest	HLA-B	HLA-B*39:10:01/HLA-B*57:03:01:02	HLA-B*39:10:01:02/HLA-B*57:03:01:02		1.0	1.0	1.0	0.0	True	False		concordant (2-field)						
HG03521	HPRC-Rest	HLA-C	HLA-C*12:03:01:01/HLA-C*07:01:02:01	HLA-C*07:01:02:01/HLA-C*12:03:01:01		1.0	1.0	1.0	1.0	False	False		concordant (2-field)						
HG03521	HPRC-Rest	HLA-DQA1	HLA-DQA1*01:03:01/HLA-DQA1*02:01:01:01	HLA-DQA1*01:03:01:10/HLA-DQA1*02:01:01:01		1.0	1.0	1.0	0.0	True	True		concordant (2-field)						
HG03521	HPRC-Rest	HLA-DQB1	HLA-DQB1*06:09:01:01/HLA-DQB1*02:02:01:01	HLA-DQB1*02:02:01:01/HLA-DQB1*06:09:01:01		1.0	1.0	1.0	1.0	False	False		concordant (2-field)						
HG03521	HPRC-Rest	HLA-DRB1	HLA-DRB1*13:01:01/HLA-DRB1*13:03:01	HLA-DRB1*13:01:01:01/HLA-DRB1*13:03:01:03		1.0	1.0	1.0	0.0	True	True		concordant (2-field)						
HG03540	HPRC-Rest	HLA-A	HLA-A*33:03:01:17/HLA-A*02:05:01:01	HLA-A*02:05:01:01/HLA-A*33:03:01:17		1.0	1.0	1.0	1.0	False	False		concordant (2-field)						
HG03540	HPRC-Rest	HLA-B	HLA-B*15:10:01:01/HLA-B*27:03	HLA-B*15:10:01:01/HLA-B*27:03:01:01		1.0	1.0	0.0	0.0	False	False		concordant (2-field)						
HG03540	HPRC-Rest	HLA-C	HLA-C*03:04:02:01/HLA-C*02:02:02:43	HLA-C*02:02:02:43/HLA-C*03:04:02:01		1.0	1.0	1.0	1.0	False	False		concordant (2-field)						
HG03540	HPRC-Rest	HLA-DQA1	HLA-DQA1*01:05:01:02/HLA-DQA1*04:01:02:02	HLA-DQA1*01:05:01:02/HLA-DQA1*04:01:02:02		1.0	1.0	1.0	1.0	False	False		concordant (2-field)						
HG03540	HPRC-Rest	HLA-DQB1	HLA-DQB1*05:01:01:02/HLA-DQB1*03:19:01:01	HLA-DQB1*03:19:01:01/HLA-DQB1*05:01:01:02		1.0	1.0	1.0	1.0	False	False		concordant (2-field)						
HG03540	HPRC-Rest	HLA-DRB1	HLA-DRB1*10:01:01:03/HLA-DRB1*08:04:01:01	HLA-DRB1*08:04:01:01/HLA-DRB1*10:01:01:03		1.0	1.0	1.0	1.0	False	False		concordant (2-field)						
HG03579	HPRC-Rest	HLA-A	HLA-A*23:01:01:01/HLA-A*33:01:01:01	HLA-A*23:01:01:01/HLA-A*33:01:01:01		1.0	1.0	1.0	1.0	False	False		concordant (2-field)						
HG03579	HPRC-Rest	HLA-B	HLA-B*14:02:01:03/HLA-B*50:01:01:01	HLA-B*14:02:01:03/HLA-B*50:01:01:01		1.0	1.0	1.0	1.0	False	False		concordant (2-field)						
HG03579	HPRC-Rest	HLA-C	HLA-C*08:02:01:15/HLA-C*06:02:01:01	HLA-C*06:02:01:01/HLA-C*08:02:01:15		1.0	1.0	1.0	1.0	False	False		concordant (2-field)						
HG03579	HPRC-Rest	HLA-DQA1	HLA-DQA1*04:01:01:05/HLA-DQA1*04:01:01:05	HLA-DQA1*04:01:01:05/HLA-DQA1*04:01:01:05		1.0	1.0	1.0	1.0	False	False		concordant (2-field)						
HG03579	HPRC-Rest	HLA-DQB1	HLA-DQB1*04:02:01:08/HLA-DQB1*04:02:01:08	HLA-DQB1*04:02:01:08/HLA-DQB1*04:02:01:08		1.0	1.0	1.0	1.0	False	False		concordant (2-field)						
HG03579	HPRC-Rest	HLA-DRB1	HLA-DRB1*03:02:01/HLA-DRB1*03:02:01	HLA-DRB1*03:02:01:01/HLA-DRB1*03:02:01:01		1.0	1.0	1.0	0.0	True	True		concordant (2-field)						
HG03583	HPRC-Rest	HLA-A	HLA-A*30:01:01:01/HLA-A*02:01:01:01	HLA-A*02:01:01:01/HLA-A*30:01:01:01		1.0	1.0	1.0	1.0	False	False		concordant (2-field)						
HG03583	HPRC-Rest	HLA-B	HLA-B*58:01:01:03/HLA-B*15:03:01:02	HLA-B*15:03:01:02/HLA-B*58:01:01:03		1.0	1.0	1.0	1.0	False	False		concordant (2-field)						
HG03583	HPRC-Rest	HLA-C	HLA-C*03:02:02:05/HLA-C*02:10:01:01	HLA-C*02:10:01:01/HLA-C*03:02:02:05		1.0	1.0	1.0	1.0	False	False		concordant (2-field)						
HG03583	HPRC-Rest	HLA-DQA1	HLA-DQA1*03:03:01:01/HLA-DQA1*01:02:02:01	HLA-DQA1*01:02:02:01/HLA-DQA1*03:03:01:01		1.0	1.0	1.0	1.0	False	False		concordant (2-field)						
HG03583	HPRC-Rest	HLA-DQB1	HLA-DQB1*02:02:01/HLA-DQB1*05:02:01:08	HLA-DQB1*02:02:01:02/HLA-DQB1*05:02:01:08		1.0	1.0	1.0	0.0	True	True		concordant (2-field)						
HG03583	HPRC-Rest	HLA-DRB1	HLA-DRB1*09:01:02/HLA-DRB1*08:04:01:01	HLA-DRB1*08:04:01:01/HLA-DRB1*09:01:02:07		1.0	1.0	1.0	0.0	True	True		concordant (2-field)						
HG03654	HPRC-Rest	HLA-A	HLA-A*11:01:01:01/HLA-A*26:01:01:01	HLA-A*11:01:01:01/HLA-A*26:01:01:01		1.0	1.0	1.0	1.0	False	False		concordant (2-field)						
HG03654	HPRC-Rest	HLA-B	HLA-B*35:03:01:01/HLA-B*08:01:01:02	HLA-B*08:01:01:02/HLA-B*35:03:01:01		1.0	1.0	1.0	1.0	False	False		concordant (2-field)						
HG03654	HPRC-Rest	HLA-C	HLA-C*12:03:01:01/HLA-C*07:02:01:01	HLA-C*07:02:01:01/HLA-C*12:03:01:01		1.0	1.0	1.0	1.0	False	False		concordant (2-field)						
HG03654	HPRC-Rest	HLA-DQA1	HLA-DQA1*01:04:01/HLA-DQA1*05:01:01:03	HLA-DQA1*01:04:01:02/HLA-DQA1*05:01:01:01		1.0	1.0	1.0	0.0	True	True		concordant (2-field)						
HG03654	HPRC-Rest	HLA-DQB1	HLA-DQB1*05:03:01:01/HLA-DQB1*02:01:01:01	HLA-DQB1*02:01:01:01/HLA-DQB1*05:03:01:01		1.0	1.0	1.0	1.0	False	False		concordant (2-field)						
HG03654	HPRC-Rest	HLA-DRB1	HLA-DRB1*14:54:01/HLA-DRB1*03:01:01:03	HLA-DRB1*03:01:01:03/HLA-DRB1*14:54:01:08		1.0	1.0	1.0	0.0	True	True		concordant (2-field)						
HG03669	HPRC-Rest	HLA-A	HLA-A*31:01:02:01/HLA-A*68:01:02:01	HLA-A*31:01:02:01/HLA-A*68:01:02:01		1.0	1.0	1.0	1.0	False	False		concordant (2-field)						
HG03669	HPRC-Rest	HLA-B	HLA-B*52:01:01:01/HLA-B*51:01:01:01	HLA-B*51:01:01:01/HLA-B*52:01:01:01		1.0	1.0	1.0	1.0	False	False		concordant (2-field)						
HG03669	HPRC-Rest	HLA-C	HLA-C*12:02:02:01/HLA-C*14:02:01:01	HLA-C*12:02:02:01/HLA-C*14:02:01:01		1.0	1.0	1.0	1.0	False	False		concordant (2-field)						
HG03669	HPRC-Rest	HLA-DQA1	HLA-DQA1*01:03:01:01/HLA-DQA1*03:01:01:01	HLA-DQA1*01:03:01:01/HLA-DQA1*03:01:01:01		1.0	1.0	1.0	1.0	False	False		concordant (2-field)						
HG03669	HPRC-Rest	HLA-DQB1	HLA-DQB1*06:01:01:01/HLA-DQB1*03:02:01:01	HLA-DQB1*03:02:01:01/HLA-DQB1*06:01:01:01		1.0	1.0	1.0	1.0	False	False		concordant (2-field)						
HG03669	HPRC-Rest	HLA-DRB1	HLA-DRB1*15:02:02/HLA-DRB1*04:02:01	HLA-DRB1*04:02:01/HLA-DRB1*15:02:02:01		1.0	1.0	1.0	0.0	True	True		concordant (2-field)						
HG03688	HPRC-Rest	HLA-A	HLA-A*68:01:02:01/HLA-A*02:11:01:01	HLA-A*02:11:01:01/HLA-A*68:01:02:01		1.0	1.0	1.0	1.0	False	False		concordant (2-field)						
HG03688	HPRC-Rest	HLA-B	HLA-B*35:01:01:05/HLA-B*52:01:01:01	HLA-B*35:01:01:05/HLA-B*52:01:01:01		1.0	1.0	1.0	1.0	False	False		concordant (2-field)						
HG03688	HPRC-Rest	HLA-C	HLA-C*04:01:01:178/HLA-C*05:01:01:02	HLA-C*04:01:01:178/HLA-C*05:01:01:02		1.0	1.0	1.0	1.0	False	False		concordant (2-field)						
HG03688	HPRC-Rest	HLA-DQA1	HLA-DQA1*03:01:01:01/HLA-DQA1*01:03:01:01	HLA-DQA1*01:03:01:01/HLA-DQA1*03:01:01:01		1.0	1.0	1.0	1.0	False	False		concordant (2-field)						
HG03688	HPRC-Rest	HLA-DQB1	HLA-DQB1*03:02:01:01/HLA-DQB1*06:01:01:01	HLA-DQB1*03:02:01:01/HLA-DQB1*06:01:01:01		1.0	1.0	1.0	1.0	False	False		concordant (2-field)						
HG03688	HPRC-Rest	HLA-DRB1	HLA-DRB1*04:03:01/HLA-DRB1*15:01:01:03	HLA-DRB1*04:03:01:03/HLA-DRB1*15:01:01:03		1.0	1.0	1.0	0.0	True	True		concordant (2-field)						
HG03704	HPRC-Rest	HLA-A	HLA-A*11:01:01:01/HLA-A*01:01:01:01	HLA-A*01:01:01:01/HLA-A*11:01:01:01		1.0	1.0	1.0	1.0	False	False		concordant (2-field)						
HG03704	HPRC-Rest	HLA-B	HLA-B*40:01:02:01/HLA-B*57:01:01:01	HLA-B*40:01:02:01/HLA-B*57:01:01:01		1.0	1.0	1.0	1.0	False	False		concordant (2-field)						
HG03704	HPRC-Rest	HLA-C	HLA-C*03:04:01:02/HLA-C*06:02:01:01	HLA-C*03:04:01:02/HLA-C*06:02:01:01		1.0	1.0	1.0	1.0	False	False		concordant (2-field)						
HG03704	HPRC-Rest	HLA-DQA1	HLA-DQA1*01:03:01:02/HLA-DQA1*02:01:01:01	HLA-DQA1*01:03:01:02/HLA-DQA1*02:01:01:01		1.0	1.0	1.0	1.0	False	False		concordant (2-field)						
HG03704	HPRC-Rest	HLA-DQB1	HLA-DQB1*06:03:01:01/HLA-DQB1*03:03:02:01	HLA-DQB1*03:03:02:01/HLA-DQB1*06:03:01:01		1.0	1.0	1.0	1.0	False	False		concordant (2-field)						
HG03704	HPRC-Rest	HLA-DRB1	HLA-DRB1*13:01:01/HLA-DRB1*07:01:01:02	HLA-DRB1*07:01:01:02/HLA-DRB1*13:01:01:01		1.0	1.0	1.0	0.0	True	True		concordant (2-field)						
HG03710	HPRC-Rest	HLA-A	HLA-A*01:01:01:01/HLA-A*31:01:02:01	HLA-A*01:01:01:01/HLA-A*31:01:02:01		1.0	1.0	1.0	1.0	False	False		concordant (2-field)						
HG03710	HPRC-Rest	HLA-B	HLA-B*51:01:01:10/HLA-B*40:01:02:01	HLA-B*40:01:02:01/HLA-B*51:01:01:10		1.0	1.0	1.0	1.0	False	False		concordant (2-field)						
HG03710	HPRC-Rest	HLA-C	HLA-C*16:02:01:01/HLA-C*03:04:01:01	HLA-C*03:04:01:01/HLA-C*16:02:01:01		1.0	1.0	1.0	1.0	False	False		concordant (2-field)						
HG03710	HPRC-Rest	HLA-DQA1	HLA-DQA1*02:01:01:01/HLA-DQA1*01:04:02	HLA-DQA1*01:04:02:01/HLA-DQA1*02:01:01:01		1.0	1.0	1.0	0.0	True	True		concordant (2-field)						
HG03710	HPRC-Rest	HLA-DQB1	HLA-DQB1*02:02:01:01/HLA-DQB1*05:03:01:01	HLA-DQB1*02:02:01:01/HLA-DQB1*05:03:01:01		1.0	1.0	1.0	1.0	False	False		concordant (2-field)						
HG03710	HPRC-Rest	HLA-DRB1	HLA-DRB1*07:01:01/HLA-DRB1*14:04:01	HLA-DRB1*07:01:01:04/HLA-DRB1*14:04:01:01		1.0	1.0	1.0	0.0	True	True		concordant (2-field)						
HG03742	HPRC-Rest	HLA-A	HLA-A*02:01:01:01/HLA-A*01:01:01:01	HLA-A*01:01:01:01/HLA-A*02:01:01:01		1.0	1.0	1.0	1.0	False	False		concordant (2-field)						
HG03742	HPRC-Rest	HLA-B	HLA-B*52:01:01:01/HLA-B*37:01:01:01	HLA-B*37:01:01:01/HLA-B*52:01:01:01		1.0	1.0	1.0	1.0	False	False		concordant (2-field)						
HG03742	HPRC-Rest	HLA-C	HLA-C*12:02:02:01/HLA-C*06:02:01:01	HLA-C*06:02:01:01/HLA-C*12:02:02:01		1.0	1.0	1.0	1.0	False	False		concordant (2-field)						
HG03742	HPRC-Rest	HLA-DQA1	HLA-DQA1*03:01:01:01/HLA-DQA1*01:05:01:01	HLA-DQA1*01:05:01:01/HLA-DQA1*03:01:01:01		1.0	1.0	1.0	1.0	False	False		concordant (2-field)						
HG03742	HPRC-Rest	HLA-DQB1	HLA-DQB1*03:02:01:01/HLA-DQB1*05:01:01:05	HLA-DQB1*03:02:01:01/HLA-DQB1*05:01:01:05		1.0	1.0	1.0	1.0	False	False		concordant (2-field)						
HG03742	HPRC-Rest	HLA-DRB1	HLA-DRB1*04:03:01/HLA-DRB1*10:01:01:03	HLA-DRB1*04:03:01:03/HLA-DRB1*10:01:01:03		1.0	1.0	1.0	0.0	True	True		concordant (2-field)						
HG03784	HPRC-Rest	HLA-A	HLA-A*02:09:01:01/HLA-A*02:11:01:01	HLA-A*02:09:01:01/HLA-A*02:11:01:01		1.0	1.0	1.0	1.0	False	False		concordant (2-field)						
HG03784	HPRC-Rest	HLA-B	HLA-B*35:01:01:05/HLA-B*35:03:01:01	HLA-B*35:01:01:05/HLA-B*35:03:01:01		1.0	1.0	1.0	1.0	False	False		concordant (2-field)						
HG03784	HPRC-Rest	HLA-C	HLA-C*03:04:01:02/HLA-C*04:01:01:14	HLA-C*03:04:01:02/HLA-C*04:01:01:14		1.0	1.0	1.0	1.0	False	False		concordant (2-field)						
HG03784	HPRC-Rest	HLA-DQA1	HLA-DQA1*05:05:01:03/HLA-DQA1*01:04:02	HLA-DQA1*01:04:02:01/HLA-DQA1*05:05:01:03		1.0	1.0	1.0	0.0	True	True		concordant (2-field)						
HG03784	HPRC-Rest	HLA-DQB1	HLA-DQB1*03:01:01:05/HLA-DQB1*05:03:01:01	HLA-DQB1*03:01:01:05/HLA-DQB1*05:03:01:01		1.0	1.0	1.0	1.0	False	False		concordant (2-field)						
HG03784	HPRC-Rest	HLA-DRB1	HLA-DRB1*12:01:01:03/HLA-DRB1*14:04:01	HLA-DRB1*12:01:01:03/HLA-DRB1*14:04:01:01		1.0	1.0	1.0	0.0	True	True		concordant (2-field)						
HG03804	HPRC-Rest	HLA-A	HLA-A*01:01:01:01/HLA-A*24:02:01:04	HLA-A*01:01:01:01/HLA-A*24:02:01:04		1.0	1.0	1.0	1.0	False	False		concordant (2-field)						
HG03804	HPRC-Rest	HLA-B	HLA-B*57:01:01:01/HLA-B*57:01:01:01	HLA-B*57:01:01:01/HLA-B*57:01:01:01		1.0	1.0	1.0	1.0	False	False		concordant (2-field)						
HG03804	HPRC-Rest	HLA-C	HLA-C*06:02:01:01/HLA-C*06:02:01:01	HLA-C*06:02:01:01/HLA-C*06:02:01:01		1.0	1.0	1.0	1.0	False	False		concordant (2-field)						
HG03804	HPRC-Rest	HLA-DQA1	HLA-DQA1*01:03:01:01/HLA-DQA1*01:02:01	HLA-DQA1*01:02:01:03/HLA-DQA1*01:03:01:01		1.0	1.0	1.0	0.0	True	True		concordant (2-field)						
HG03804	HPRC-Rest	HLA-DQB1	HLA-DQB1*06:01:01:01/HLA-DQB1*05:02:01:01	HLA-DQB1*05:02:01:01/HLA-DQB1*06:01:01:01		1.0	1.0	1.0	1.0	False	False		concordant (2-field)						
HG03804	HPRC-Rest	HLA-DRB1	HLA-DRB1*15:01:01:03/HLA-DRB1*15:04	HLA-DRB1*15:01:01:03/HLA-DRB1*15:04		1.0	1.0	1.0	1.0	True	True		concordant (2-field)						
HG03816	HPRC-Rest	HLA-A	HLA-A*11:01:01:01/HLA-A*30:01:01:01	HLA-A*11:01:01:01/HLA-A*30:01:01:01		1.0	1.0	1.0	1.0	False	False		concordant (2-field)						
HG03816	HPRC-Rest	HLA-B	HLA-B*44:03:02/HLA-B*27:05:02:05	HLA-B*27:05:02:05/HLA-B*44:03:02:04		1.0	1.0	1.0	0.0	True	True		concordant (2-field)						
HG03816	HPRC-Rest	HLA-C	HLA-C*05:01:01:02/HLA-C*01:02:01:01	HLA-C*01:02:01:01/HLA-C*05:01:01:02		1.0	1.0	1.0	1.0	False	False		concordant (2-field)						
HG03816	HPRC-Rest	HLA-DQA1	HLA-DQA1*02:01:01/HLA-DQA1*01:01:01:01	HLA-DQA1*01:01:01:01/HLA-DQA1*02:01:01:01		1.0	1.0	1.0	0.0	True	True		concordant (2-field)						
HG03816	HPRC-Rest	HLA-DQB1	HLA-DQB1*02:02:01:01/HLA-DQB1*05:01:01:03	HLA-DQB1*02:02:01:01/HLA-DQB1*05:01:01:03		1.0	1.0	1.0	1.0	False	False		concordant (2-field)						
HG03816	HPRC-Rest	HLA-DRB1	HLA-DRB1*07:01:01/HLA-DRB1*01:01:01:01	HLA-DRB1*01:01:01:01/HLA-DRB1*07:01:01:26		1.0	1.0	1.0	0.0	True	True		concordant (2-field)						
HG03831	HPRC-Rest	HLA-A	HLA-A*33:03:01:01/HLA-A*31:01:02:01	HLA-A*31:01:02:01/HLA-A*33:03:01:01		1.0	1.0	1.0	1.0	False	False		concordant (2-field)						
HG03831	HPRC-Rest	HLA-B	HLA-B*52:01:01:02/HLA-B*15:08:01:01	HLA-B*15:08:01:01/HLA-B*52:01:01:02		1.0	1.0	1.0	1.0	False	False		concordant (2-field)						
HG03831	HPRC-Rest	HLA-C	HLA-C*12:02:02:01/HLA-C*01:02:01:01	HLA-C*01:02:01:01/HLA-C*12:02:02:01		1.0	1.0	1.0	1.0	False	False		concordant (2-field)						
HG03831	HPRC-Rest	HLA-DQA1	HLA-DQA1*01:02:01:03/HLA-DQA1*01:03:01:01	HLA-DQA1*01:02:01:03/HLA-DQA1*01:03:01:01		1.0	1.0	1.0	1.0	False	False		concordant (2-field)						
HG03831	HPRC-Rest	HLA-DQB1	HLA-DQB1*05:02:01:01/HLA-DQB1*06:01:01:01	HLA-DQB1*05:02:01:01/HLA-DQB1*06:01:01:01		1.0	1.0	1.0	1.0	False	False		concordant (2-field)						
HG03831	HPRC-Rest	HLA-DRB1	HLA-DRB1*15:06:01/HLA-DRB1*15:02:02	HLA-DRB1*15:02:02:01/HLA-DRB1*15:06:01		1.0	1.0	1.0	0.0	True	True		concordant (2-field)						
HG03834	HPRC-Rest	HLA-A	HLA-A*30:01:01:01/HLA-A*02:11:01:01	HLA-A*02:11:01:01/HLA-A*30:01:01:01		1.0	1.0	1.0	1.0	False	False		concordant (2-field)						
HG03834	HPRC-Rest	HLA-B	HLA-B*13:02:01:01/HLA-B*37:01:01:01	HLA-B*13:02:01:01/HLA-B*37:01:01:01		1.0	1.0	1.0	1.0	False	False		concordant (2-field)						
HG03834	HPRC-Rest	HLA-C	HLA-C*06:02:01:01/HLA-C*06:02:01:01	HLA-C*06:02:01:01/HLA-C*06:02:01:01		1.0	1.0	1.0	1.0	False	False		concordant (2-field)						
HG03834	HPRC-Rest	HLA-DQA1	HLA-DQA1*02:01:01:01/HLA-DQA1*01:01:01:01	HLA-DQA1*01:01:01:01/HLA-DQA1*02:01:01:01		1.0	1.0	1.0	1.0	False	False		concordant (2-field)						
HG03834	HPRC-Rest	HLA-DQB1	HLA-DQB1*02:02:01:01/HLA-DQB1*05:01:01:03	HLA-DQB1*02:02:01:01/HLA-DQB1*05:01:01:03		1.0	1.0	1.0	1.0	False	False		concordant (2-field)						
HG03834	HPRC-Rest	HLA-DRB1	HLA-DRB1*07:01:01:01/HLA-DRB1*01:01:01:01	HLA-DRB1*01:01:01:01/HLA-DRB1*07:01:01:01		1.0	1.0	1.0	1.0	False	False		concordant (2-field)						
HG03874	HPRC-Rest	HLA-A	HLA-A*01:01:01:01/HLA-A*01:01:01:01	HLA-A*01:01:01:01/HLA-A*01:01:01:01		1.0	1.0	1.0	1.0	False	False		concordant (2-field)						
HG03874	HPRC-Rest	HLA-B	HLA-B*44:02:01:01/HLA-B*57:01:01:01	HLA-B*44:02:01:01/HLA-B*57:01:01:01		1.0	1.0	1.0	1.0	False	False		concordant (2-field)						
HG03874	HPRC-Rest	HLA-C	HLA-C*05:01:01:02/HLA-C*06:02:01:01	HLA-C*05:01:01:02/HLA-C*06:02:01:01		1.0	1.0	1.0	1.0	False	False		concordant (2-field)						
HG03874	HPRC-Rest	HLA-DQA1	HLA-DQA1*05:09:01/HLA-DQA1*02:01:01:01	HLA-DQA1*02:01:01:01/HLA-DQA1*05:09:01:01		1.0	1.0	1.0	0.0	True	True		concordant (2-field)						
HG03874	HPRC-Rest	HLA-DQB1	HLA-DQB1*03:01:01:03/HLA-DQB1*03:03:02:01	HLA-DQB1*03:01:01:03/HLA-DQB1*03:03:02:01		1.0	1.0	1.0	1.0	False	False		concordant (2-field)						
HG03874	HPRC-Rest	HLA-DRB1	HLA-DRB1*11:01:01/HLA-DRB1*07:01:01	HLA-DRB1*07:01:01:02/HLA-DRB1*11:01:01:01		1.0	1.0	1.0	0.0	True	True		concordant (2-field)						
HG03927	HPRC-Rest	HLA-A	HLA-A*24:02:01:01/HLA-A*31:01:02:01	HLA-A*24:02:01:01/HLA-A*31:01:02:01		1.0	1.0	1.0	1.0	False	False		concordant (2-field)						
HG03927	HPRC-Rest	HLA-B	HLA-B*52:01:01:01/HLA-B*15:08:01:01	HLA-B*15:08:01:01/HLA-B*52:01:01:01		1.0	1.0	1.0	1.0	False	False		concordant (2-field)						
HG03927	HPRC-Rest	HLA-C	HLA-C*12:02:02:01/HLA-C*01:02:01:01	HLA-C*01:02:01:01/HLA-C*12:02:02:01		1.0	1.0	1.0	1.0	False	False		concordant (2-field)						
HG03927	HPRC-Rest	HLA-DQA1	HLA-DQA1*01:04:02/HLA-DQA1*02:01:01:01	HLA-DQA1*01:04:02:01/HLA-DQA1*02:01:01:01		1.0	1.0	1.0	0.0	True	True		concordant (2-field)						
HG03927	HPRC-Rest	HLA-DQB1	HLA-DQB1*05:03:01:01/HLA-DQB1*03:03:02:01	HLA-DQB1*03:03:02:01/HLA-DQB1*05:03:01:01		1.0	1.0	1.0	1.0	False	False		concordant (2-field)						
HG03927	HPRC-Rest	HLA-DRB1	HLA-DRB1*14:04:01/HLA-DRB1*07:01:01	HLA-DRB1*07:01:01:02/HLA-DRB1*14:04:01:01		1.0	1.0	1.0	0.0	True	True		concordant (2-field)						
HG03942	HPRC-Rest	HLA-A	HLA-A*11:01:01:01/HLA-A*68:01:02:01	HLA-A*11:01:01:01/HLA-A*68:01:02:01		1.0	1.0	1.0	1.0	False	False		concordant (2-field)						
HG03942	HPRC-Rest	HLA-B	HLA-B*40:06:01:13/HLA-B*40:06:01:13	HLA-B*40:06:01:13/HLA-B*40:06:01:13		1.0	1.0	1.0	1.0	False	False		concordant (2-field)						
HG03942	HPRC-Rest	HLA-C	HLA-C*15:02:01:01/HLA-C*15:02:01:01	HLA-C*15:02:01:01/HLA-C*15:02:01:01		1.0	1.0	1.0	1.0	False	False		concordant (2-field)						
HG03942	HPRC-Rest	HLA-DQA1	HLA-DQA1*01:03:01:01/HLA-DQA1*01:03:01:01	HLA-DQA1*01:03:01:01/HLA-DQA1*01:03:01:01		1.0	1.0	1.0	1.0	False	False		concordant (2-field)						
HG03942	HPRC-Rest	HLA-DQB1	HLA-DQB1*06:01:01:01/HLA-DQB1*06:01:01:01	HLA-DQB1*06:01:01:01/HLA-DQB1*06:01:01:01		1.0	1.0	1.0	1.0	False	False		concordant (2-field)						
HG03942	HPRC-Rest	HLA-DRB1	HLA-DRB1*15:01:01:03/HLA-DRB1*15:01:01:03	HLA-DRB1*15:01:01:03/HLA-DRB1*15:01:01:03		1.0	1.0	1.0	1.0	False	False		concordant (2-field)						
HG04115	HPRC-Rest	HLA-A	HLA-A*11:01:01:01/HLA-A*74:02:01:02	HLA-A*11:01:01:01/HLA-A*74:02:01:02		1.0	1.0	1.0	1.0	False	False		concordant (2-field)						
HG04115	HPRC-Rest	HLA-B	HLA-B*40:06:01:13/HLA-B*57:01:01:01	HLA-B*40:06:01:13/HLA-B*57:01:01:01		1.0	1.0	1.0	1.0	False	False		concordant (2-field)						
HG04115	HPRC-Rest	HLA-C	HLA-C*15:02:01:01/HLA-C*06:02:01:01	HLA-C*06:02:01:01/HLA-C*15:02:01:01		1.0	1.0	1.0	1.0	False	False		concordant (2-field)						
HG04115	HPRC-Rest	HLA-DQA1	HLA-DQA1*01:05:01:01/HLA-DQA1*02:01:01:01	HLA-DQA1*01:05:01:01/HLA-DQA1*02:01:01:01		1.0	1.0	1.0	1.0	False	False		concordant (2-field)						
HG04115	HPRC-Rest	HLA-DQB1	HLA-DQB1*05:01:01:05/HLA-DQB1*03:03:02:01	HLA-DQB1*03:03:02:01/HLA-DQB1*05:01:01:05		1.0	1.0	1.0	1.0	False	False		concordant (2-field)						
HG04115	HPRC-Rest	HLA-DRB1	HLA-DRB1*10:01:01:03/HLA-DRB1*07:01:01	HLA-DRB1*07:01:01:02/HLA-DRB1*10:01:01:03		1.0	1.0	1.0	0.0	True	True		concordant (2-field)						
HG04157	HPRC-Rest	HLA-A	HLA-A*33:03:01:01/HLA-A*01:01:01:01	HLA-A*01:01:01:01/HLA-A*33:03:01:01		1.0	1.0	1.0	1.0	False	False		concordant (2-field)						
HG04157	HPRC-Rest	HLA-B	HLA-B*44:03:02:04/HLA-B*40:06:01	HLA-B*40:06:01:13/HLA-B*44:03:02:04		1.0	1.0	1.0	0.0	True	True		concordant (2-field)						
HG04157	HPRC-Rest	HLA-C	HLA-C*07:06:01:01/HLA-C*06:02:01:01	HLA-C*06:02:01:01/HLA-C*07:06:01:01		1.0	1.0	1.0	1.0	False	False		concordant (2-field)						
HG04157	HPRC-Rest	HLA-DQA1	HLA-DQA1*02:01:01:01/HLA-DQA1*01:03:01:01	HLA-DQA1*01:03:01:01/HLA-DQA1*02:01:01:01		1.0	1.0	1.0	1.0	False	False		concordant (2-field)						
HG04157	HPRC-Rest	HLA-DQB1	HLA-DQB1*02:02:01:01/HLA-DQB1*06:01:01:01	HLA-DQB1*02:02:01:01/HLA-DQB1*06:01:01:01		1.0	1.0	1.0	1.0	False	False		concordant (2-field)						
HG04157	HPRC-Rest	HLA-DRB1	HLA-DRB1*07:01:01/HLA-DRB1*15:02:01	HLA-DRB1*07:01:01:04/HLA-DRB1*15:02:01:02		1.0	1.0	1.0	0.0	True	True		concordant (2-field)						
HG04160	HPRC-Rest	HLA-A	HLA-A*29:01:01:01/HLA-A*31:01:02:01	HLA-A*29:01:01:01/HLA-A*31:01:02:01		1.0	1.0	1.0	1.0	False	False		concordant (2-field)						
HG04160	HPRC-Rest	HLA-B	HLA-B*07:05:01:01/HLA-B*15:08:01:01	HLA-B*07:05:01:01/HLA-B*15:08:01:01		1.0	1.0	1.0	1.0	False	False		concordant (2-field)						
HG04160	HPRC-Rest	HLA-C	HLA-C*15:05:02:01/HLA-C*01:02:01:01	HLA-C*01:02:01:01/HLA-C*15:05:02:01		1.0	1.0	1.0	1.0	False	False		concordant (2-field)						
HG04160	HPRC-Rest	HLA-DQA1	HLA-DQA1*01:05:01:01/HLA-DQA1*01:02:01	HLA-DQA1*01:02:01:03/HLA-DQA1*01:05:01:01		1.0	1.0	1.0	0.0	True	True		concordant (2-field)						
HG04160	HPRC-Rest	HLA-DQB1	HLA-DQB1*05:01:01:02/HLA-DQB1*05:02:01:01	HLA-DQB1*05:01:01:02/HLA-DQB1*05:02:01:01		1.0	1.0	1.0	1.0	False	False		concordant (2-field)						
HG04160	HPRC-Rest	HLA-DRB1	HLA-DRB1*10:01:01:03/HLA-DRB1*15:04	HLA-DRB1*10:01:01:03/HLA-DRB1*15:04		1.0	1.0	1.0	1.0	True	True		concordant (2-field)						
HG04184	HPRC-Rest	HLA-A	HLA-A*01:01:01:01/HLA-A*33:03:01:01	HLA-A*01:01:01:01/HLA-A*33:03:01:01		1.0	1.0	1.0	1.0	False	False		concordant (2-field)						
HG04184	HPRC-Rest	HLA-B	HLA-B*57:01:01:01/HLA-B*44:03:02:04	HLA-B*44:03:02:04/HLA-B*57:01:01:01		1.0	1.0	1.0	1.0	False	False		concordant (2-field)						
HG04184	HPRC-Rest	HLA-C	HLA-C*06:02:01:01/HLA-C*07:06:01:01	HLA-C*06:02:01:01/HLA-C*07:06:01:01		1.0	1.0	1.0	1.0	False	False		concordant (2-field)						
HG04184	HPRC-Rest	HLA-DQA1	HLA-DQA1*02:01:01:01/HLA-DQA1*02:01:01:01	HLA-DQA1*02:01:01:01/HLA-DQA1*02:01:01:01		1.0	1.0	1.0	1.0	False	False		concordant (2-field)						
HG04184	HPRC-Rest	HLA-DQB1	HLA-DQB1*03:03:02:01/HLA-DQB1*02:02:01:07	HLA-DQB1*02:02:01:07/HLA-DQB1*03:03:02:01		1.0	1.0	1.0	1.0	False	False		concordant (2-field)						
HG04184	HPRC-Rest	HLA-DRB1	HLA-DRB1*07:01:01:02/HLA-DRB1*07:01:01	HLA-DRB1*07:01:01:02/HLA-DRB1*07:01:01:26		1.0	1.0	1.0	0.0	True	True		concordant (2-field)						
HG04187	HPRC-Rest	HLA-A	HLA-A*33:03:01:01/HLA-A*32:01:01:01	HLA-A*32:01:01:01/HLA-A*33:03:01:01		1.0	1.0	1.0	1.0	False	False		concordant (2-field)						
HG04187	HPRC-Rest	HLA-B	HLA-B*08:01:01:02/HLA-B*35:03:01:01	HLA-B*08:01:01:02/HLA-B*35:03:01:01		1.0	1.0	1.0	1.0	False	False		concordant (2-field)						
HG04187	HPRC-Rest	HLA-C	HLA-C*07:02:01:01/HLA-C*04:01:01:178	HLA-C*04:01:01:178/HLA-C*07:02:01:01		1.0	1.0	1.0	1.0	False	False		concordant (2-field)						
HG04187	HPRC-Rest	HLA-DQA1	HLA-DQA1*05:01:01:03/HLA-DQA1*05:09:01:03	HLA-DQA1*05:01:01:01/HLA-DQA1*05:09:01:03		1.0	1.0	1.0	0.0	False	True		concordant (2-field)						
HG04187	HPRC-Rest	HLA-DQB1	HLA-DQB1*02:07:01/HLA-DQB1*03:01:01:03	HLA-DQB1*02:07:01/HLA-DQB1*03:01:01:03		1.0	1.0	1.0	1.0	False	False		concordant (2-field)						
HG04187	HPRC-Rest	HLA-DRB1	HLA-DRB1*03:01:01:03/HLA-DRB1*11:01:01	HLA-DRB1*03:01:01:03/HLA-DRB1*11:01:01:01		1.0	1.0	1.0	0.0	True	True		concordant (2-field)						
HG04199	HPRC-Rest	HLA-A	HLA-A*33:03:01:01/HLA-A*03:01:01:01	HLA-A*03:01:01:01/HLA-A*33:03:01:01		1.0	1.0	1.0	1.0	False	False		concordant (2-field)						
HG04199	HPRC-Rest	HLA-B	HLA-B*58:01:01:03/HLA-B*07:02:01:01	HLA-B*07:02:01:01/HLA-B*58:01:01:03		1.0	1.0	1.0	1.0	False	False		concordant (2-field)						
HG04199	HPRC-Rest	HLA-C	HLA-C*03:02:02:05/HLA-C*07:02:01:03	HLA-C*03:02:02:05/HLA-C*07:02:01:03		1.0	1.0	1.0	1.0	False	False		concordant (2-field)						
HG04199	HPRC-Rest	HLA-DQA1	HLA-DQA1*03:01:01:01/HLA-DQA1*01:01:01:01	HLA-DQA1*01:01:01:01/HLA-DQA1*03:01:01:01		1.0	1.0	1.0	1.0	False	False		concordant (2-field)						
HG04199	HPRC-Rest	HLA-DQB1	HLA-DQB1*03:02:01:01/HLA-DQB1*05:01:01:03	HLA-DQB1*03:02:01:01/HLA-DQB1*05:01:01:03		1.0	1.0	1.0	1.0	False	False		concordant (2-field)						
HG04199	HPRC-Rest	HLA-DRB1	HLA-DRB1*04:03:01/HLA-DRB1*01:01:01	HLA-DRB1*01:01:01:01/HLA-DRB1*04:03:01:03		1.0	1.0	1.0	0.0	True	True		concordant (2-field)						
HG04204	HPRC-Rest	HLA-A	HLA-A*24:02:01:05/HLA-A*01:01:01:01	HLA-A*01:01:01:01/HLA-A*24:02:01:05		1.0	1.0	1.0	1.0	False	False		concordant (2-field)						
HG04204	HPRC-Rest	HLA-B	HLA-B*56:01:01:04/HLA-B*44:03:02:04	HLA-B*44:03:02:04/HLA-B*56:01:01:04		1.0	1.0	1.0	1.0	False	False		concordant (2-field)						
HG04204	HPRC-Rest	HLA-C	HLA-C*03:03:01:37/HLA-C*07:06:01:01	HLA-C*03:03:01:37/HLA-C*07:06:01:01		1.0	1.0	1.0	1.0	False	False		concordant (2-field)						
HG04204	HPRC-Rest	HLA-DQA1	HLA-DQA1*01:03:01:01/HLA-DQA1*02:01:01:01	HLA-DQA1*01:03:01:01/HLA-DQA1*02:01:01:01		1.0	1.0	1.0	1.0	False	False		concordant (2-field)						
HG04204	HPRC-Rest	HLA-DQB1	HLA-DQB1*06:01:01:01/HLA-DQB1*02:02:01:01	HLA-DQB1*02:02:01:01/HLA-DQB1*06:01:01:01		1.0	1.0	1.0	1.0	False	False		concordant (2-field)						
HG04204	HPRC-Rest	HLA-DRB1	HLA-DRB1*15:02:01/HLA-DRB1*07:01:01	HLA-DRB1*07:01:01:26/HLA-DRB1*15:02:01:03		1.0	1.0	1.0	0.0	True	True		concordant (2-field)						
HG04228	HPRC-Rest	HLA-A	HLA-A*11:01:01:01/HLA-A*01:01:01:01	HLA-A*01:01:01:01/HLA-A*11:01:01:01		1.0	1.0	1.0	1.0	False	False		concordant (2-field)						
HG04228	HPRC-Rest	HLA-B	HLA-B*37:01:01:01/HLA-B*44:03:02:04	HLA-B*37:01:01:01/HLA-B*44:03:02:04		1.0	1.0	1.0	1.0	False	False		concordant (2-field)						
HG04228	HPRC-Rest	HLA-C	HLA-C*06:02:01:01/HLA-C*07:06:01:01	HLA-C*06:02:01:01/HLA-C*07:06:01:01		1.0	1.0	1.0	1.0	False	False		concordant (2-field)						
HG04228	HPRC-Rest	HLA-DQA1	HLA-DQA1*01:02:01:01/HLA-DQA1*01:02:01:01	HLA-DQA1*01:02:01:01/HLA-DQA1*01:02:01:01		1.0	1.0	1.0	1.0	False	False		concordant (2-field)						
HG04228	HPRC-Rest	HLA-DQB1	HLA-DQB1*06:02:01:01/HLA-DQB1*06:01:01:01	HLA-DQB1*06:01:01:01/HLA-DQB1*06:02:01:01		1.0	1.0	1.0	1.0	False	False		concordant (2-field)						
HG04228	HPRC-Rest	HLA-DRB1	HLA-DRB1*15:01:01:03/HLA-DRB1*15:01:01	HLA-DRB1*15:01:01:03/HLA-DRB1*15:01:01:03		1.0	1.0	1.0	0.0	True	True		concordant (2-field)						
HG06807	HPRC-Rest	HLA-A	HLA-A*30:02:01:03/HLA-A*33:03:01:01	HLA-A*30:02:01:03/HLA-A*33:03:01:01		1.0	1.0	1.0	1.0	False	False		concordant (2-field)						
HG06807	HPRC-Rest	HLA-B	HLA-B*15:03:01:02/HLA-B*44:03:01	HLA-B*15:03:01:02/HLA-B*44:03:01:03		1.0	1.0	1.0	0.0	True	True		concordant (2-field)						
HG06807	HPRC-Rest	HLA-C	HLA-C*02:10:01/HLA-C*14:02:01:02	HLA-C*02:10:01:01/HLA-C*14:02:01:02		1.0	1.0	1.0	0.0	True	True		concordant (2-field)						
HG06807	HPRC-Rest	HLA-DQA1	HLA-DQA1*01:02:01:03/HLA-DQA1*01:02:01:02	HLA-DQA1*01:02:01:02/HLA-DQA1*01:02:01:03		1.0	1.0	1.0	1.0	False	False		concordant (2-field)						
HG06807	HPRC-Rest	HLA-DQB1	HLA-DQB1*06:02:01:01/HLA-DQB1*06:02:01:01	HLA-DQB1*06:02:01:01/HLA-DQB1*06:02:01:01		1.0	1.0	1.0	1.0	False	False		concordant (2-field)						
HG06807	HPRC-Rest	HLA-DRB1	HLA-DRB1*15:03:01/HLA-DRB1*15:03:01:01	HLA-DRB1*15:03:01:01/HLA-DRB1*15:03:01:01		1.0	1.0	1.0	0.0	True	True		concordant (2-field)						
HIFI032007D	CPC-Chinese	HLA-A	HLA-A*02:06:01:01/HLA-A*02:355	HLA-A*02:06:01:01/HLA-A*02:355		1.0	1.0	1.0	1.0	True	True		concordant (2-field)						
HIFI032007D	CPC-Chinese	HLA-B	HLA-B*15:25:01:01/HLA-B*15:02:01:01	HLA-B*15:02:01:01/HLA-B*15:25:01:01		1.0	1.0	1.0	1.0	False	False		concordant (2-field)						
HIFI032007D	CPC-Chinese	HLA-C	HLA-C*07:02:01:01/HLA-C*08:01:01:01	HLA-C*07:02:01:01/HLA-C*08:01:01:01		1.0	1.0	1.0	1.0	False	False		concordant (2-field)						
HIFI032007D	CPC-Chinese	HLA-DQA1	HLA-DQA1*06:01:01:02/HLA-DQA1*06:01:01:02	HLA-DQA1*06:01:01:02/HLA-DQA1*06:01:01:02		1.0	1.0	1.0	1.0	False	False		concordant (2-field)						
HIFI032007D	CPC-Chinese	HLA-DQB1	HLA-DQB1*03:01:01:22/HLA-DQB1*03:01:01	HLA-DQB1*03:01:01:22/HLA-DQB1*03:01:01:71		1.0	1.0	1.0	0.0	True	False		concordant (2-field)						
HIFI032007D	CPC-Chinese	HLA-DRB1	HLA-DRB1*12:02:01/HLA-DRB1*12:02:01	HLA-DRB1*12:02:01:06/HLA-DRB1*12:02:01:06		1.0	1.0	1.0	0.0	True	True		concordant (2-field)						
HIFI032018D	CPC-Chinese	HLA-A	HLA-A*24:02:01:01/HLA-A*11:01:01:01	HLA-A*11:01:01:01/HLA-A*24:02:01:01		1.0	1.0	1.0	1.0	False	False		concordant (2-field)						
HIFI032018D	CPC-Chinese	HLA-B	HLA-B*55:22/HLA-B*55:02:01	HLA-B*55:02:01:02/HLA-B*55:22		1.0	1.0	1.0	0.0	True	True		concordant (2-field)						
HIFI032018D	CPC-Chinese	HLA-C	HLA-C*03:04:01:02/HLA-C*01:02:01:01	HLA-C*01:02:01:01/HLA-C*03:04:01:02		1.0	1.0	1.0	1.0	False	False		concordant (2-field)						
HIFI032018D	CPC-Chinese	HLA-DQA1	HLA-DQA1*06/HLA-DQA1*03:03:01:03	HLA-DQA1*03:03:01:03/HLA-DQA1*06:01:01:02		1.0	0.0	0.0	0.0	True	True	0.0	both novel (no exact IPD-IMGT/HLA match)						
HIFI032018D	CPC-Chinese	HLA-DQB1	HLA-DQB1*03:01:01/HLA-DQB1*04:01:01	HLA-DQB1*03:01:01:71/HLA-DQB1*04:01:01:03		1.0	1.0	1.0	0.0	True	True		concordant (2-field)						
HIFI032018D	CPC-Chinese	HLA-DRB1	HLA-DRB1*12:02:01/HLA-DRB1*04:05:01	HLA-DRB1*04:05:01:04/HLA-DRB1*12:02:01:03		1.0	1.0	1.0	0.0	True	True		concordant (2-field)						
HIFI032069D	CPC-Chinese	HLA-A	HLA-A*11:01:01:07/HLA-A*02:03:01:01	HLA-A*02:03:01:01/HLA-A*11:01:01:07		1.0	1.0	1.0	1.0	False	False		concordant (2-field)						
HIFI032069D	CPC-Chinese	HLA-B	HLA-B*18:02:01/HLA-B*48:01:01:01	HLA-B*18:02:01/HLA-B*48:01:01:01		1.0	1.0	1.0	1.0	False	False		concordant (2-field)						
HIFI032069D	CPC-Chinese	HLA-C	HLA-C*07:04:01:01/HLA-C*08:01:01:01	HLA-C*07:04:01:01/HLA-C*08:01:01:01		1.0	1.0	1.0	1.0	False	False		concordant (2-field)						
HIFI032069D	CPC-Chinese	HLA-DQA1	HLA-DQA1*06:01:01:02/HLA-DQA1*01:01:01:07	HLA-DQA1*01:01:01:07/HLA-DQA1*06:01:01:02		1.0	1.0	1.0	1.0	False	False		concordant (2-field)						
HIFI032069D	CPC-Chinese	HLA-DQB1	HLA-DQB1*03:01:01/HLA-DQB1*05:02:01:01	HLA-DQB1*03:01:01:22/HLA-DQB1*05:02:01:01		1.0	1.0	1.0	0.0	True	True		concordant (2-field)						
HIFI032069D	CPC-Chinese	HLA-DRB1	HLA-DRB1*12:02:01/HLA-DRB1*15:02:01	HLA-DRB1*12:02:01:08/HLA-DRB1*15:02:01:03		1.0	1.0	1.0	0.0	True	True		concordant (2-field)						
HIFI032097D	CPC-Chinese	HLA-A	HLA-A*33:03:01:01/HLA-A*26	HLA-A*26:16/HLA-A*33:03:01:01		1.0	0.0	0.0	0.0	True	True	0.0	both novel (no exact IPD-IMGT/HLA match)						
HIFI032097D	CPC-Chinese	HLA-B	HLA-B*44:03:01:10/HLA-B*13:01:01:11	HLA-B*13:01:01:11/HLA-B*44:03:01:10		1.0	1.0	1.0	1.0	False	False		concordant (2-field)						
HIFI032097D	CPC-Chinese	HLA-C	HLA-C*14:03:01:01/HLA-C*03:04:01:02	HLA-C*03:04:01:02/HLA-C*14:03:01:01		1.0	1.0	1.0	1.0	False	False		concordant (2-field)						
HIFI032097D	CPC-Chinese	HLA-DQA1	HLA-DQA1*01:02:01:08/HLA-DQA1*01:02:01:03	HLA-DQA1*01:02:01:03/HLA-DQA1*01:02:01:08		1.0	1.0	1.0	1.0	False	False		concordant (2-field)						
HIFI032097D	CPC-Chinese	HLA-DQB1	HLA-DQB1*06:04:01:01/HLA-DQB1*06:01:01:01	HLA-DQB1*06:01:01:01/HLA-DQB1*06:04:01:01		1.0	1.0	1.0	1.0	False	False		concordant (2-field)						
HIFI032097D	CPC-Chinese	HLA-DRB1	HLA-DRB1*13:02:01/HLA-DRB1*15:01:01	HLA-DRB1*13:02:01:02/HLA-DRB1*15:01:01:04		1.0	1.0	1.0	0.0	True	True		concordant (2-field)						
HIFI032103D	CPC-Chinese	HLA-A	HLA-A*26:01:01/HLA-A*29:01:01:01	HLA-A*26:01:01:01/HLA-A*29:01:01:01		1.0	1.0	1.0	0.0	True	True		concordant (2-field)						
HIFI032103D	CPC-Chinese	HLA-B	HLA-B*35:01:01:05/HLA-B*07:05:01:01	HLA-B*07:05:01:01/HLA-B*35:01:01:05		1.0	1.0	1.0	1.0	False	False		concordant (2-field)						
HIFI032103D	CPC-Chinese	HLA-C	HLA-C*04:01:01:75/HLA-C*15:05:02:01	HLA-C*04:01:01:75/HLA-C*15:05:02:01		1.0	1.0	1.0	1.0	False	False		concordant (2-field)						
HIFI032103D	CPC-Chinese	HLA-DQA1	HLA-DQA1*01:05:01:01/HLA-DQA1*03:03:01:06	HLA-DQA1*01:05:01:01/HLA-DQA1*03:03:01:06		1.0	1.0	1.0	1.0	False	False		concordant (2-field)						
HIFI032103D	CPC-Chinese	HLA-DQB1	HLA-DQB1*05:01:01:02/HLA-DQB1*04:02:01:09	HLA-DQB1*04:02:01:09/HLA-DQB1*05:01:01:02		1.0	1.0	1.0	1.0	False	False		concordant (2-field)						
HIFI032103D	CPC-Chinese	HLA-DRB1	HLA-DRB1*10/HLA-DRB1*04:10:01	HLA-DRB1*04:10:01/HLA-DRB1*10:01:01:03		1.0	0.0	0.0	0.0	True	True	0.0	both novel (no exact IPD-IMGT/HLA match)						
HIFI032161D	CPC-Chinese	HLA-A	HLA-A*11:01:01:01/HLA-A*11:01:01:25	HLA-A*11:01:01:01/HLA-A*11:01:01:25		1.0	1.0	1.0	1.0	False	False		concordant (2-field)						
HIFI032161D	CPC-Chinese	HLA-B	HLA-B*51:02:01/HLA-B*52:01:01:01	HLA-B*51:02:01:01/HLA-B*52:01:01:01		1.0	1.0	1.0	0.0	True	False		concordant (2-field)						
HIFI032161D	CPC-Chinese	HLA-C	HLA-C*03:04:01:12/HLA-C*12:02:02:01	HLA-C*03:04:01:12/HLA-C*12:02:02:01		1.0	1.0	1.0	1.0	False	False		concordant (2-field)						
HIFI032161D	CPC-Chinese	HLA-DQA1	HLA-DQA1*06:01:01:02/HLA-DQA1*01:02:02:01	HLA-DQA1*01:02:02:01/HLA-DQA1*06:01:01:02		1.0	1.0	1.0	1.0	False	False		concordant (2-field)						
HIFI032161D	CPC-Chinese	HLA-DQB1	HLA-DQB1*05:02:01:01	HLA-DQB1*03:01:01:71/HLA-DQB1*05:02:01:01						False	False		discordant						
HIFI032161D	CPC-Chinese	HLA-DRB1	HLA-DRB1*12:02:01/HLA-DRB1*12:02:01	HLA-DRB1*12:02:01:05/HLA-DRB1*12:02:01:05		1.0	1.0	1.0	0.0	True	True		concordant (2-field)						
HIFI032164D	CPC-Chinese	HLA-A	HLA-A*11:01:01:01/HLA-A*26:01:01:01	HLA-A*11:01:01:01/HLA-A*26:01:01:01		1.0	1.0	1.0	1.0	False	False		concordant (2-field)						
HIFI032164D	CPC-Chinese	HLA-B	HLA-B*27:05:02:05/HLA-B*46:01:01:01	HLA-B*27:05:02:05/HLA-B*46:01:01:01		1.0	1.0	1.0	1.0	False	False		concordant (2-field)						
HIFI032164D	CPC-Chinese	HLA-C	HLA-C*01:02:01:01/HLA-C*01:03:01	HLA-C*01:02:01:01/HLA-C*01:03:01		1.0	1.0	1.0	1.0	False	False		concordant (2-field)						
HIFI032164D	CPC-Chinese	HLA-DQA1	HLA-DQA1*01:01:01:01/HLA-DQA1*05:05:01	HLA-DQA1*01:01:01:01/HLA-DQA1*05:05:01:02		1.0	1.0	1.0	0.0	True	True		concordant (2-field)						
HIFI032164D	CPC-Chinese	HLA-DQB1	HLA-DQB1*05:01:01:03/HLA-DQB1*03:01:01:03	HLA-DQB1*03:01:01:03/HLA-DQB1*05:01:01:03		1.0	1.0	1.0	1.0	False	False		concordant (2-field)						
HIFI032164D	CPC-Chinese	HLA-DRB1	HLA-DRB1*01:01:01:01/HLA-DRB1*11:01:01	HLA-DRB1*01:01:01:01/HLA-DRB1*11:01:01:03		1.0	1.0	1.0	0.0	True	True		concordant (2-field)						
HIFI032167D	CPC-Chinese	HLA-A	HLA-A*11:01:01:01/HLA-A*02:07:01:01	HLA-A*02:07:01:01/HLA-A*11:01:01:01		1.0	1.0	1.0	1.0	False	False		concordant (2-field)						
HIFI032167D	CPC-Chinese	HLA-B	HLA-B*15:02:01:01/HLA-B*46:01:01:01	HLA-B*15:02:01:01/HLA-B*46:01:01:01		1.0	1.0	1.0	1.0	False	False		concordant (2-field)						
HIFI032167D	CPC-Chinese	HLA-C	HLA-C*08:01:01:01/HLA-C*01:02:01:01	HLA-C*01:02:01:01/HLA-C*08:01:01:01		1.0	1.0	1.0	1.0	False	False		concordant (2-field)						
HIFI032167D	CPC-Chinese	HLA-DQA1	HLA-DQA1*06:01:01:02/HLA-DQA1*06:01:01:02	HLA-DQA1*06:01:01:02/HLA-DQA1*06:01:01:02		1.0	1.0	1.0	1.0	False	False		concordant (2-field)						
HIFI032167D	CPC-Chinese	HLA-DQB1	HLA-DQB1*03:01:01:22/HLA-DQB1*03:01:01:22	HLA-DQB1*03:01:01:22/HLA-DQB1*03:01:01:22		1.0	1.0	1.0	1.0	False	False		concordant (2-field)						
HIFI032167D	CPC-Chinese	HLA-DRB1	HLA-DRB1*12:02:01/HLA-DRB1*12:02:01	HLA-DRB1*12:02:01:10/HLA-DRB1*12:02:01:10		1.0	1.0	1.0	0.0	True	True		concordant (2-field)						
HIFI032182D	CPC-Chinese	HLA-A	HLA-A*11:01:01:01/HLA-A*02:03:01:01	HLA-A*02:03:01:01/HLA-A*11:01:01:01		1.0	1.0	1.0	1.0	False	False		concordant (2-field)						
HIFI032182D	CPC-Chinese	HLA-B	HLA-B*40:01:02/HLA-B*15:32:01	HLA-B*15:32:01/HLA-B*40:01:02:04		1.0	1.0	1.0	0.0	True	True		concordant (2-field)						
HIFI032182D	CPC-Chinese	HLA-C	HLA-C*04:03:01:01/HLA-C*12:03:01	HLA-C*04:03:01:01/HLA-C*12:03:01:71		1.0	1.0	1.0	0.0	True	True		concordant (2-field)						
HIFI032182D	CPC-Chinese	HLA-DQA1	HLA-DQA1*01:02:01/HLA-DQA1*01:02:01:03	HLA-DQA1*01:02:01:01/HLA-DQA1*01:02:01:03		1.0	1.0	1.0	0.0	True	True		concordant (2-field)						
HIFI032182D	CPC-Chinese	HLA-DQB1	HLA-DQB1*05:02:01:01/HLA-DQB1*06:02:01:01	HLA-DQB1*05:02:01:01/HLA-DQB1*06:02:01:01		1.0	1.0	1.0	1.0	False	False		concordant (2-field)						
HIFI032182D	CPC-Chinese	HLA-DRB1	HLA-DRB1*15:88/HLA-DRB1*15:01:01:03	HLA-DRB1*15:01:01:03/HLA-DRB1*15:88		1.0	1.0	1.0	1.0	True	True		concordant (2-field)						
HIFI032289D	CPC-Chinese	HLA-A	HLA-A*02:06:01:01/HLA-A*02:01:01:01	HLA-A*02:01:01:01/HLA-A*02:06:01:01		1.0	1.0	1.0	1.0	False	False		concordant (2-field)						
HIFI032289D	CPC-Chinese	HLA-B	HLA-B*55:02:01:04/HLA-B*44:02:01:01	HLA-B*44:02:01:01/HLA-B*55:02:01:04		1.0	1.0	1.0	1.0	False	False		concordant (2-field)						
HIFI032289D	CPC-Chinese	HLA-C	HLA-C*01:02:01:01/HLA-C*05:01:01:02	HLA-C*01:02:01:01/HLA-C*05:01:01:02		1.0	1.0	1.0	1.0	False	False		concordant (2-field)						
HIFI032289D	CPC-Chinese	HLA-DQA1	HLA-DQA1*03:03:01:03/HLA-DQA1*03:01:01:01	HLA-DQA1*03:01:01:01/HLA-DQA1*03:03:01:03		1.0	1.0	1.0	1.0	False	False		concordant (2-field)						
HIFI032289D	CPC-Chinese	HLA-DQB1	HLA-DQB1*04:01:01:03/HLA-DQB1*03:02:01:01	HLA-DQB1*03:02:01:01/HLA-DQB1*04:01:01:03		1.0	1.0	1.0	1.0	False	False		concordant (2-field)						
HIFI032289D	CPC-Chinese	HLA-DRB1	HLA-DRB1*04:05:01/HLA-DRB1*04:06:01	HLA-DRB1*04:05:01:04/HLA-DRB1*04:06:01		1.0	1.0	1.0	0.0	True	True		concordant (2-field)						
HIFI032292D	CPC-Chinese	HLA-A	HLA-A*24:07:01:01/HLA-A*11:01:01:01	HLA-A*11:01:01:01/HLA-A*24:07:01:01		1.0	1.0	1.0	1.0	False	False		concordant (2-field)						
HIFI032292D	CPC-Chinese	HLA-B	HLA-B*56:01:01:04/HLA-B*15:02:01:01	HLA-B*15:02:01:01/HLA-B*56:01:01:04		1.0	1.0	1.0	1.0	False	False		concordant (2-field)						
HIFI032292D	CPC-Chinese	HLA-C	HLA-C*01:02:01:01/HLA-C*08:01:01:01	HLA-C*01:02:01:01/HLA-C*08:01:01:01		1.0	1.0	1.0	1.0	False	False		concordant (2-field)						
HIFI032292D	CPC-Chinese	HLA-DQA1	HLA-DQA1*06:01:01:02/HLA-DQA1*06:01:01:02	HLA-DQA1*06:01:01:02/HLA-DQA1*06:01:01:02		1.0	1.0	1.0	1.0	False	False		concordant (2-field)						
HIFI032292D	CPC-Chinese	HLA-DQB1	HLA-DQB1*03:01:01:22/HLA-DQB1*03:01:01:22	HLA-DQB1*03:01:01:22/HLA-DQB1*03:01:01:22		1.0	1.0	1.0	1.0	False	False		concordant (2-field)						
HIFI032292D	CPC-Chinese	HLA-DRB1	HLA-DRB1*12:02:01/HLA-DRB1*12:02:01	HLA-DRB1*12:02:01:11/HLA-DRB1*12:02:01:11		1.0	1.0	1.0	0.0	True	True		concordant (2-field)						
HIFI032302D	CPC-Chinese	HLA-A	HLA-A*33:03:01:01/HLA-A*11	HLA-A*11:353/HLA-A*33:03:01:01		1.0	0.0	0.0	0.0	True	True	3.0	FuFiHLA artefact (consensus not present in the assembly)						
HIFI032302D	CPC-Chinese	HLA-B	HLA-B*46:01:01:01/HLA-B*58:01:01:03	HLA-B*46:01:01:01/HLA-B*58:01:01:03		1.0	1.0	1.0	1.0	False	False		concordant (2-field)						
HIFI032302D	CPC-Chinese	HLA-C	HLA-C*01:02:01:01/HLA-C*03:02:02:05	HLA-C*01:02:01:01/HLA-C*03:02:02:05		1.0	1.0	1.0	1.0	False	False		concordant (2-field)						
HIFI032302D	CPC-Chinese	HLA-DQA1	HLA-DQA1*01:03:01:07/HLA-DQA1*05:01:01:03	HLA-DQA1*01:03:01:07/HLA-DQA1*05:01:01:01		1.0	1.0	1.0	0.0	False	True		concordant (2-field)						
HIFI032302D	CPC-Chinese	HLA-DQB1	HLA-DQB1*06:01:01:01/HLA-DQB1*02:01:01:01	HLA-DQB1*02:01:01:01/HLA-DQB1*06:01:01:01		1.0	1.0	1.0	1.0	False	False		concordant (2-field)						
HIFI032302D	CPC-Chinese	HLA-DRB1	HLA-DRB1*08:03/HLA-DRB1*03:01:01:03	HLA-DRB1*03:01:01:03/HLA-DRB1*08:03:02:02		1.0	1.0	0.0	0.0	True	True		concordant (2-field)						
HIFI032306D	CPC-Chinese	HLA-A	HLA-A*26:18/HLA-A*26:01:01:01	HLA-A*26:01:01:01/HLA-A*26:18		1.0	1.0	1.0	1.0	False	False		concordant (2-field)						
HIFI032306D	CPC-Chinese	HLA-B	HLA-B*40:01:02:04/HLA-B*27:05:02:05	HLA-B*27:05:02:05/HLA-B*40:01:02:04		1.0	1.0	1.0	1.0	False	False		concordant (2-field)						
HIFI032306D	CPC-Chinese	HLA-C	HLA-C*03:04:01:02/HLA-C*02:02:02:01	HLA-C*02:02:02:01/HLA-C*03:04:01:02		1.0	1.0	1.0	1.0	False	False		concordant (2-field)						
HIFI032306D	CPC-Chinese	HLA-DQA1	HLA-DQA1*01:02:01:03/HLA-DQA1*03:01:01:01	HLA-DQA1*01:02:01:03/HLA-DQA1*03:01:01:01		1.0	1.0	1.0	1.0	False	False		concordant (2-field)						
HIFI032306D	CPC-Chinese	HLA-DQB1	HLA-DQB1*06:02:01:01/HLA-DQB1*03:02:01:02	HLA-DQB1*03:02:01:02/HLA-DQB1*06:02:01:01		1.0	1.0	1.0	1.0	False	False		concordant (2-field)						
HIFI032306D	CPC-Chinese	HLA-DRB1	HLA-DRB1*15:01:01:03/HLA-DRB1*04:04:01	HLA-DRB1*04:04:01:04/HLA-DRB1*15:01:01:03		1.0	1.0	1.0	0.0	True	True		concordant (2-field)						
HIFI032335D	CPC-Chinese	HLA-A	HLA-A*24:02:01:01	HLA-A*24:02:01:01/HLA-A*24:02:01:01						False	False	0.0	discordant						
HIFI032335D	CPC-Chinese	HLA-B	HLA-B*51:02:01:02/HLA-B*48:01:01:01	HLA-B*48:01:01:01/HLA-B*51:02:01:02		1.0	1.0	1.0	1.0	False	False		concordant (2-field)						
HIFI032335D	CPC-Chinese	HLA-C	HLA-C*15:02:01:01/HLA-C*08:01:01:01	HLA-C*08:01:01:01/HLA-C*15:02:01:01		1.0	1.0	1.0	1.0	False	False		concordant (2-field)						
HIFI032335D	CPC-Chinese	HLA-DQA1	HLA-DQA1*02:01:01:01/HLA-DQA1*05:03:01:02	HLA-DQA1*02:01:01:01/HLA-DQA1*05:03:01:02		1.0	1.0	1.0	1.0	False	False		concordant (2-field)						
HIFI032335D	CPC-Chinese	HLA-DQB1	HLA-DQB1*02:02:01:01/HLA-DQB1*03:01:01:01	HLA-DQB1*02:02:01:01/HLA-DQB1*03:01:01:01		1.0	1.0	1.0	1.0	False	False		concordant (2-field)						
HIFI032335D	CPC-Chinese	HLA-DRB1	HLA-DRB1*07:01:01:01/HLA-DRB1*14	HLA-DRB1*07:01:01:01/HLA-DRB1*14:02:01:02		1.0	0.0	0.0	0.0	True	True	0.0	both novel (no exact IPD-IMGT/HLA match)						
HIFI032349D	CPC-Chinese	HLA-A	HLA-A*03:01:01:01/HLA-A*02:01:01:01	HLA-A*02:01:01:01/HLA-A*03:01:01:01		1.0	1.0	1.0	1.0	False	False		concordant (2-field)						
HIFI032349D	CPC-Chinese	HLA-B	HLA-B*07:02:01:01/HLA-B*35:01:01:02	HLA-B*07:02:01:01/HLA-B*35:01:01:02		1.0	1.0	1.0	1.0	False	False		concordant (2-field)						
HIFI032349D	CPC-Chinese	HLA-C	HLA-C*07:02:01:03/HLA-C*03:03:01:01	HLA-C*03:03:01:01/HLA-C*07:02:01:03		1.0	1.0	1.0	1.0	False	False		concordant (2-field)						
HIFI032349D	CPC-Chinese	HLA-DQA1	HLA-DQA1*03:03:01:03/HLA-DQA1*05:05:01	HLA-DQA1*03:03:01:03/HLA-DQA1*05:05:01:37		1.0	1.0	1.0	0.0	True	True		concordant (2-field)						
HIFI032349D	CPC-Chinese	HLA-DQB1	HLA-DQB1*04:01:01:03/HLA-DQB1*03:01:01:03	HLA-DQB1*03:01:01:03/HLA-DQB1*04:01:01:03		1.0	1.0	1.0	1.0	False	False		concordant (2-field)						
HIFI032349D	CPC-Chinese	HLA-DRB1	HLA-DRB1*04:05:01/HLA-DRB1*11:01:01	HLA-DRB1*04:05:01:04/HLA-DRB1*11:01:01:01		1.0	1.0	1.0	0.0	True	True		concordant (2-field)						
HIFI032373D	CPC-Chinese	HLA-A	HLA-A*02:07:01:01/HLA-A*24:02:01:01	HLA-A*02:07:01:01/HLA-A*24:02:01:01		1.0	1.0	1.0	1.0	False	False		concordant (2-field)						
HIFI032373D	CPC-Chinese	HLA-B	HLA-B*46:01:01:01/HLA-B*40:01:02:04	HLA-B*40:01:02:04/HLA-B*46:01:01:01		1.0	1.0	1.0	1.0	False	False		concordant (2-field)						
HIFI032373D	CPC-Chinese	HLA-C	HLA-C*01:02:01:01/HLA-C*03:04:01:12	HLA-C*01:02:01:01/HLA-C*03:04:01:12		1.0	1.0	1.0	1.0	False	False		concordant (2-field)						
HIFI032373D	CPC-Chinese	HLA-DQA1	HLA-DQA1*01:04:01:01/HLA-DQA1*01:02:01:03	HLA-DQA1*01:02:01:03/HLA-DQA1*01:04:01:01		1.0	1.0	1.0	1.0	False	False		concordant (2-field)						
HIFI032373D	CPC-Chinese	HLA-DQB1	HLA-DQB1*05:02:01:01/HLA-DQB1*05:02:01:01	HLA-DQB1*05:02:01:01/HLA-DQB1*05:02:01:01		1.0	1.0	1.0	1.0	False	False		concordant (2-field)						
HIFI032373D	CPC-Chinese	HLA-DRB1	HLA-DRB1*14:54:01:10/HLA-DRB1*15:01:01	HLA-DRB1*14:54:01:10/HLA-DRB1*15:01:01:23		1.0	1.0	1.0	0.0	True	True		concordant (2-field)						
HIFI032420D	CPC-Chinese	HLA-A	HLA-A*24:02:01:01/HLA-A*11:01:01:01	HLA-A*11:01:01:01/HLA-A*24:02:01:01		1.0	1.0	1.0	1.0	False	False		concordant (2-field)						
HIFI032420D	CPC-Chinese	HLA-B	HLA-B*56:01:01:01/HLA-B*59:01:01:02	HLA-B*56:01:01:01/HLA-B*59:01:01:02		1.0	1.0	1.0	1.0	False	False		concordant (2-field)						
HIFI032420D	CPC-Chinese	HLA-C	HLA-C*07:02:70/HLA-C*01:02:01:01	HLA-C*01:02:01:01/HLA-C*07:02:01:01		1.0	1.0	0.0	0.0	True	True		concordant (2-field)						
HIFI032420D	CPC-Chinese	HLA-DQA1	HLA-DQA1*03:02:01:01/HLA-DQA1*03:03:01:03	HLA-DQA1*03:02:01:01/HLA-DQA1*03:03:01:03		1.0	1.0	1.0	1.0	False	False		concordant (2-field)						
HIFI032420D	CPC-Chinese	HLA-DQB1	HLA-DQB1*03:03:02:03/HLA-DQB1*04:01:01:03	HLA-DQB1*03:03:02:03/HLA-DQB1*04:01:01:03		1.0	1.0	1.0	1.0	False	False		concordant (2-field)						
HIFI032420D	CPC-Chinese	HLA-DRB1	HLA-DRB1*09:01:02/HLA-DRB1*04:05:01	HLA-DRB1*04:05:01:04/HLA-DRB1*09:01:02:03		1.0	1.0	1.0	0.0	True	True		concordant (2-field)						
HIFI032422D	CPC-Chinese	HLA-A	HLA-A*24/HLA-A*11:02:01:01	HLA-A*11:02:01:01/HLA-A*24:608		1.0	0.0	0.0	0.0	True	True	0.0	both novel (no exact IPD-IMGT/HLA match)						
HIFI032422D	CPC-Chinese	HLA-B	HLA-B*15:11:01/HLA-B*15:01:01:01	HLA-B*15:01:01:01/HLA-B*15:11:01:01		1.0	1.0	1.0	0.0	False	False		concordant (2-field)						
HIFI032422D	CPC-Chinese	HLA-C	HLA-C*04:01:01:75/HLA-C*03:03:01:01	HLA-C*03:03:01:01/HLA-C*04:01:01:75		1.0	1.0	1.0	1.0	False	False		concordant (2-field)						
HIFI032422D	CPC-Chinese	HLA-DQA1	HLA-DQA1*05:03:01:02/HLA-DQA1*05:01:08	HLA-DQA1*05:01:08:01/HLA-DQA1*05:03:01:02		1.0	1.0	1.0	0.0	True	True		concordant (2-field)						
HIFI032422D	CPC-Chinese	HLA-DQB1	HLA-DQB1*03:01:01:10/HLA-DQB1*03:01:01:01	HLA-DQB1*03:01:01:01/HLA-DQB1*03:01:01:10		1.0	1.0	1.0	1.0	False	False		concordant (2-field)						
HIFI032422D	CPC-Chinese	HLA-DRB1	HLA-DRB1*14:03:01/HLA-DRB1*12:01:01:08	HLA-DRB1*12:01:01:08/HLA-DRB1*14:03:01		1.0	1.0	1.0	1.0	True	True		concordant (2-field)						
HIFI032429D	CPC-Chinese	HLA-A	HLA-A*11:01:01:07/HLA-A*11:01:01:01	HLA-A*11:01:01:01/HLA-A*11:01:01:07		1.0	1.0	1.0	1.0	False	False		concordant (2-field)						
HIFI032429D	CPC-Chinese	HLA-B	HLA-B*40:01:02/HLA-B*13:01:01:02	HLA-B*13:01:01:02/HLA-B*40:01:02:04		1.0	1.0	1.0	0.0	True	True		concordant (2-field)						
HIFI032429D	CPC-Chinese	HLA-C	HLA-C*12:02:02/HLA-C*03:04:01:02	HLA-C*03:04:01:02/HLA-C*12:02:02:27		1.0	1.0	1.0	0.0	True	False		concordant (2-field)						
HIFI032429D	CPC-Chinese	HLA-DQA1	HLA-DQA1*01:01:01:07/HLA-DQA1*06:01:01:02	HLA-DQA1*01:01:01:07/HLA-DQA1*06:01:01:02		1.0	1.0	1.0	1.0	False	False		concordant (2-field)						
HIFI032429D	CPC-Chinese	HLA-DQB1	HLA-DQB1*05:02:01:01/HLA-DQB1*03:01:01	HLA-DQB1*03:01:01:71/HLA-DQB1*05:02:01:01		1.0	1.0	1.0	0.0	True	False		concordant (2-field)						
HIFI032429D	CPC-Chinese	HLA-DRB1	HLA-DRB1*15/HLA-DRB1*12:02:01	HLA-DRB1*12:02:01:03/HLA-DRB1*15:02:01:03		1.0	0.0	0.0	0.0	True	True	0.0	both novel (no exact IPD-IMGT/HLA match)						
HIFI032440D	CPC-Chinese	HLA-A	HLA-A*11:01:01:01/HLA-A*24:15	HLA-A*11:01:01:01/HLA-A*24:15		1.0	1.0	1.0	1.0	True	True		concordant (2-field)						
HIFI032440D	CPC-Chinese	HLA-B	HLA-B*56:01:01:04/HLA-B*38:02:01:01	HLA-B*38:02:01:01/HLA-B*56:01:01:04		1.0	1.0	1.0	1.0	False	False		concordant (2-field)						
HIFI032440D	CPC-Chinese	HLA-C	HLA-C*01:02:01:01/HLA-C*07:02:01:01	HLA-C*01:02:01:01/HLA-C*07:02:01:01		1.0	1.0	1.0	1.0	False	False		concordant (2-field)						
HIFI032440D	CPC-Chinese	HLA-DQA1	HLA-DQA1*01:02:02/HLA-DQA1*01:03:01:07	HLA-DQA1*01:02:02:01/HLA-DQA1*01:03:01:07		1.0	1.0	1.0	0.0	True	True		concordant (2-field)						
HIFI032440D	CPC-Chinese	HLA-DQB1	HLA-DQB1*05:02:01:01/HLA-DQB1*06:01:01:01	HLA-DQB1*05:02:01:01/HLA-DQB1*06:01:01:01		1.0	1.0	1.0	1.0	False	False		concordant (2-field)						
HIFI032440D	CPC-Chinese	HLA-DRB1	HLA-DRB1*12:02:01/HLA-DRB1*08:03:02	HLA-DRB1*08:03:02:02/HLA-DRB1*12:02:01:03		1.0	1.0	1.0	0.0	True	True		concordant (2-field)						
HIFI032450D	CPC-Chinese	HLA-A	HLA-A*11:01:01:01/HLA-A*02:01:01:01	HLA-A*02:01:01:01/HLA-A*11:01:01:01		1.0	1.0	1.0	1.0	False	False		concordant (2-field)						
HIFI032450D	CPC-Chinese	HLA-B	HLA-B*40:01:02/HLA-B*56:01:01:04	HLA-B*40:01:02:04/HLA-B*56:01:01:04		1.0	1.0	1.0	0.0	True	True		concordant (2-field)						
HIFI032450D	CPC-Chinese	HLA-C	HLA-C*03:04:01:12/HLA-C*07:02:01:01	HLA-C*03:04:01:12/HLA-C*07:02:01:01		1.0	1.0	1.0	1.0	False	False		concordant (2-field)						
HIFI032450D	CPC-Chinese	HLA-DQA1	HLA-DQA1*05:08:01/HLA-DQA1*01:02:01:03	HLA-DQA1*01:02:01:03/HLA-DQA1*05:08:01		1.0	1.0	1.0	1.0	True	True		concordant (2-field)						
HIFI032450D	CPC-Chinese	HLA-DQB1	HLA-DQB1*03:01:01:01/HLA-DQB1*06:01:01:01	HLA-DQB1*03:01:01:01/HLA-DQB1*06:01:01:01		1.0	1.0	1.0	1.0	False	False		concordant (2-field)						
HIFI032450D	CPC-Chinese	HLA-DRB1	HLA-DRB1*12:01:01/HLA-DRB1*15	HLA-DRB1*12:01:01:05/HLA-DRB1*15:199		1.0	0.0	0.0	0.0	True	True	0.0	both novel (no exact IPD-IMGT/HLA match)						
HIFI032453D	CPC-Chinese	HLA-A	HLA-A*02:01:01:01/HLA-A*24	HLA-A*02:01:01:01/HLA-A*24:608		1.0	0.0	0.0	0.0	True	True	0.0	both novel (no exact IPD-IMGT/HLA match)						
HIFI032453D	CPC-Chinese	HLA-B	HLA-B*07:10/HLA-B*27:04:01	HLA-B*07:10:01/HLA-B*27:04:01:01		1.0	1.0	0.0	0.0	False	False		concordant (2-field)						
HIFI032453D	CPC-Chinese	HLA-C	HLA-C*07:02:01:03/HLA-C*14:02:01:01	HLA-C*07:02:01:03/HLA-C*14:02:01:01		1.0	1.0	1.0	1.0	False	False		concordant (2-field)						
HIFI032453D	CPC-Chinese	HLA-DQA1	HLA-DQA1*05:01:01:03/HLA-DQA1*06:01:01:02	HLA-DQA1*05:01:01:01/HLA-DQA1*06:01:01:02		1.0	1.0	1.0	0.0	False	True		concordant (2-field)						
HIFI032453D	CPC-Chinese	HLA-DQB1	HLA-DQB1*02:01:01:01/HLA-DQB1*03:01:01:22	HLA-DQB1*02:01:01:01/HLA-DQB1*03:01:01:22		1.0	1.0	1.0	1.0	False	False		concordant (2-field)						
HIFI032453D	CPC-Chinese	HLA-DRB1	HLA-DRB1*03:01:01:03/HLA-DRB1*12:02:01	HLA-DRB1*03:01:01:03/HLA-DRB1*12:02:01:06		1.0	1.0	1.0	0.0	True	True		concordant (2-field)						
HIFI032454D	CPC-Chinese	HLA-A	HLA-A*23:01:01:01/HLA-A*24:02:01:01	HLA-A*23:01:01:01/HLA-A*24:02:01:01		1.0	1.0	1.0	1.0	False	False		concordant (2-field)						
HIFI032454D	CPC-Chinese	HLA-B	HLA-B*13:01:01/HLA-B*45:01:01:01	HLA-B*13:01:01:05/HLA-B*45:01:01:01		1.0	1.0	1.0	0.0	True	True		concordant (2-field)						
HIFI032454D	CPC-Chinese	HLA-C	HLA-C*03/HLA-C*06:02:01:03	HLA-C*03:251/HLA-C*06:02:01:03		1.0	0.0	0.0	0.0	True	True	0.0	both novel (no exact IPD-IMGT/HLA match)						
HIFI032454D	CPC-Chinese	HLA-DQA1	HLA-DQA1*06:01:01:02/HLA-DQA1*05:01:01:03	HLA-DQA1*05:01:01:01/HLA-DQA1*06:01:01:02		1.0	1.0	1.0	0.0	False	True		concordant (2-field)						
HIFI032454D	CPC-Chinese	HLA-DQB1	HLA-DQB1*03:01:01/HLA-DQB1*02:01:01:01	HLA-DQB1*02:01:01:01/HLA-DQB1*03:01:01:71		1.0	1.0	1.0	0.0	True	False		concordant (2-field)						
HIFI032454D	CPC-Chinese	HLA-DRB1	HLA-DRB1*12/HLA-DRB1*03:01:01:03	HLA-DRB1*03:01:01:03/HLA-DRB1*12:02:01:05		1.0	0.0	0.0	0.0	True	True	0.0	both novel (no exact IPD-IMGT/HLA match)						
HIFI032462D	CPC-Chinese	HLA-A	HLA-A*26:01:01:01/HLA-A*24:02:01:01	HLA-A*24:02:01:01/HLA-A*26:01:01:01		1.0	1.0	1.0	1.0	False	False		concordant (2-field)						
HIFI032462D	CPC-Chinese	HLA-B	HLA-B*15:01:01:01/HLA-B*38:02:01:01	HLA-B*15:01:01:01/HLA-B*38:02:01:01		1.0	1.0	1.0	1.0	False	False		concordant (2-field)						
HIFI032462D	CPC-Chinese	HLA-C	HLA-C*04:01:01:14/HLA-C*07:02:01:01	HLA-C*04:01:01:14/HLA-C*07:02:01:01		1.0	1.0	1.0	1.0	False	False		concordant (2-field)						
HIFI032462D	CPC-Chinese	HLA-DQA1	HLA-DQA1*03:01:01:01/HLA-DQA1*01:04:01:01	HLA-DQA1*01:04:01:01/HLA-DQA1*03:01:01:01		1.0	1.0	1.0	1.0	False	False		concordant (2-field)						
HIFI032462D	CPC-Chinese	HLA-DQB1	HLA-DQB1*03:02:01:01/HLA-DQB1*05:02:01:01	HLA-DQB1*03:02:01:01/HLA-DQB1*05:02:01:01		1.0	1.0	1.0	1.0	False	False		concordant (2-field)						
HIFI032462D	CPC-Chinese	HLA-DRB1	HLA-DRB1*04:06:01/HLA-DRB1*14	HLA-DRB1*04:06:01/HLA-DRB1*14:08		1.0	0.0	0.0	0.0	True	True	0.0	both novel (no exact IPD-IMGT/HLA match)						
HIFI032473D	CPC-Chinese	HLA-A	HLA-A*02:03:01:01/HLA-A*11:02:01:01	HLA-A*02:03:01:01/HLA-A*11:02:01:01		1.0	1.0	1.0	1.0	False	False		concordant (2-field)						
HIFI032473D	CPC-Chinese	HLA-B	HLA-B*38:02:01:01/HLA-B*13:01:01:11	HLA-B*13:01:01:11/HLA-B*38:02:01:01		1.0	1.0	1.0	1.0	False	False		concordant (2-field)						
HIFI032473D	CPC-Chinese	HLA-C	HLA-C*07:02:01:01/HLA-C*03:04:01:02	HLA-C*03:04:01:02/HLA-C*07:02:01:01		1.0	1.0	1.0	1.0	False	False		concordant (2-field)						
HIFI032473D	CPC-Chinese	HLA-DQA1	HLA-DQA1*03:02:01/HLA-DQA1*01:02:01	HLA-DQA1*01:02:01:03/HLA-DQA1*03:02:01:01		1.0	1.0	1.0	0.0	True	True		concordant (2-field)						
HIFI032473D	CPC-Chinese	HLA-DQB1	HLA-DQB1*03:17:01/HLA-DQB1*06:01:01:01	HLA-DQB1*03:17:01/HLA-DQB1*06:01:01:01		1.0	1.0	1.0	1.0	True	True		concordant (2-field)						
HIFI032473D	CPC-Chinese	HLA-DRB1	HLA-DRB1*09:01:02/HLA-DRB1*15:204	HLA-DRB1*09:01:02:03/HLA-DRB1*15:01:01:01		1.0	0.0	0.0	0.0	True	True	0.0	both novel (no exact IPD-IMGT/HLA match)						
HIFI032487D	CPC-Chinese	HLA-A	HLA-A*33/HLA-A*02:03:01:01	HLA-A*02:03:01:01/HLA-A*33:274		1.0	0.0	0.0	0.0	True	True	0.0	both novel (no exact IPD-IMGT/HLA match)						
HIFI032487D	CPC-Chinese	HLA-B	HLA-B*58:01:01:03/HLA-B*38:02:01:01	HLA-B*38:02:01:01/HLA-B*58:01:01:03		1.0	1.0	1.0	1.0	False	False		concordant (2-field)						
HIFI032487D	CPC-Chinese	HLA-C	HLA-C*03:02:02:05/HLA-C*07:02:01:01	HLA-C*03:02:02:05/HLA-C*07:02:01:01		1.0	1.0	1.0	1.0	False	False		concordant (2-field)						
HIFI032487D	CPC-Chinese	HLA-DQA1	HLA-DQA1*05:01:01:03/HLA-DQA1*01:03:01:07	HLA-DQA1*01:03:01:07/HLA-DQA1*05:01:01:01		1.0	1.0	1.0	0.0	False	True		concordant (2-field)						
HIFI032487D	CPC-Chinese	HLA-DQB1	HLA-DQB1*02:01:01:01/HLA-DQB1*06:01:01:01	HLA-DQB1*02:01:01:01/HLA-DQB1*06:01:01:01		1.0	1.0	1.0	1.0	False	False		concordant (2-field)						
HIFI032487D	CPC-Chinese	HLA-DRB1	HLA-DRB1*03:01:01/HLA-DRB1*08:03:02	HLA-DRB1*03:01:01:03/HLA-DRB1*08:03:02:02		1.0	1.0	1.0	0.0	True	True		concordant (2-field)						
HIFI032501D	CPC-Chinese	HLA-A	HLA-A*02:06:01:01/HLA-A*31:01:02:01	HLA-A*02:06:01:01/HLA-A*31:01:02:01		1.0	1.0	1.0	1.0	False	False		concordant (2-field)						
HIFI032501D	CPC-Chinese	HLA-B	HLA-B*40:02:01:01/HLA-B*46:01:01:01	HLA-B*40:02:01:01/HLA-B*46:01:01:01		1.0	1.0	1.0	1.0	False	False		concordant (2-field)						
HIFI032501D	CPC-Chinese	HLA-C	HLA-C*03:04:01:02/HLA-C*01:02:01:01	HLA-C*01:02:01:01/HLA-C*03:04:01:02		1.0	1.0	1.0	1.0	False	False		concordant (2-field)						
HIFI032501D	CPC-Chinese	HLA-DQA1	HLA-DQA1*03:03:01:03/HLA-DQA1*05:03:01:02	HLA-DQA1*03:03:01:03/HLA-DQA1*05:03:01:02		1.0	1.0	1.0	1.0	False	False		concordant (2-field)						
HIFI032501D	CPC-Chinese	HLA-DQB1	HLA-DQB1*04/HLA-DQB1*03:01:01:10	HLA-DQB1*03:01:01:10/HLA-DQB1*04:01:01:03		1.0	0.0	0.0	0.0	True	True	0.0	both novel (no exact IPD-IMGT/HLA match)						
HIFI032501D	CPC-Chinese	HLA-DRB1	HLA-DRB1*04:05:01/HLA-DRB1*14:03:01	HLA-DRB1*04:05:01:04/HLA-DRB1*14:03:01		1.0	1.0	1.0	0.0	True	True		concordant (2-field)						
HIFI032510D	CPC-Chinese	HLA-A	HLA-A*02:03:01:01/HLA-A*02:03:01:01	HLA-A*02:03:01:01/HLA-A*02:03:01:01		1.0	1.0	1.0	1.0	False	False		concordant (2-field)						
HIFI032510D	CPC-Chinese	HLA-B	HLA-B*13:01:01:11/HLA-B*27:04:01	HLA-B*13:01:01:11/HLA-B*27:04:01:01		1.0	1.0	1.0	0.0	False	False		concordant (2-field)						
HIFI032510D	CPC-Chinese	HLA-C	HLA-C*03:04:01:02/HLA-C*12:02:02	HLA-C*03:04:01:02/HLA-C*12:02:02:27		1.0	1.0	1.0	0.0	True	False		concordant (2-field)						
HIFI032510D	CPC-Chinese	HLA-DQA1	HLA-DQA1*01:02:01:03/HLA-DQA1*06:01:01:02	HLA-DQA1*01:02:01:03/HLA-DQA1*06:01:01:02		1.0	1.0	1.0	1.0	False	False		concordant (2-field)						
HIFI032510D	CPC-Chinese	HLA-DQB1	HLA-DQB1*06:10/HLA-DQB1*03:01:01:22	HLA-DQB1*03:01:01:22/HLA-DQB1*06:10		1.0	1.0	1.0	1.0	False	False		concordant (2-field)						
HIFI032510D	CPC-Chinese	HLA-DRB1	HLA-DRB1*15:01:01:03/HLA-DRB1*12:02:01	HLA-DRB1*12:02:01:11/HLA-DRB1*15:01:01:03		1.0	1.0	1.0	0.0	True	True		concordant (2-field)						
HIFI032513D	CPC-Chinese	HLA-A	HLA-A*02:03:01:01/HLA-A*11:01:01:01	HLA-A*02:03:01:01/HLA-A*11:01:01:01		1.0	1.0	1.0	1.0	False	False		concordant (2-field)						
HIFI032513D	CPC-Chinese	HLA-B	HLA-B*40:01:02:04/HLA-B*15:25:01:01	HLA-B*15:25:01:01/HLA-B*40:01:02:04		1.0	1.0	1.0	1.0	False	False		concordant (2-field)						
HIFI032513D	CPC-Chinese	HLA-C	HLA-C*03:04:01:02/HLA-C*04:03:01:01	HLA-C*03:04:01:02/HLA-C*04:03:01:01		1.0	1.0	1.0	1.0	False	False		concordant (2-field)						
HIFI032513D	CPC-Chinese	HLA-DQA1	HLA-DQA1*03:03:01:03/HLA-DQA1*01:01:01	HLA-DQA1*01:01:01:07/HLA-DQA1*03:03:01:03		1.0	1.0	1.0	0.0	True	True		concordant (2-field)						
HIFI032513D	CPC-Chinese	HLA-DQB1	HLA-DQB1*04:01:01:03/HLA-DQB1*05:01:24:01	HLA-DQB1*04:01:01:03/HLA-DQB1*05:01:24:01		1.0	1.0	1.0	1.0	False	False		concordant (2-field)						
HIFI032513D	CPC-Chinese	HLA-DRB1	HLA-DRB1*04:05:01/HLA-DRB1*15:02:01	HLA-DRB1*04:05:01:04/HLA-DRB1*15:02:01:06		1.0	1.0	1.0	0.0	True	True		concordant (2-field)						
HIFI032529D	CPC-Chinese	HLA-A	HLA-A*11:01:01:01/HLA-A*11:01:01:07	HLA-A*11:01:01:01/HLA-A*11:01:01:07		1.0	1.0	1.0	1.0	False	False		concordant (2-field)						
HIFI032529D	CPC-Chinese	HLA-B	HLA-B*15:32:01/HLA-B*56:01:01:04	HLA-B*15:32:01/HLA-B*56:01:01:04		1.0	1.0	1.0	1.0	False	False		concordant (2-field)						
HIFI032529D	CPC-Chinese	HLA-C	HLA-C*12:03:01/HLA-C*01:02:01:01	HLA-C*01:02:01:01/HLA-C*12:03:01:71		1.0	1.0	1.0	0.0	True	False		concordant (2-field)						
HIFI032529D	CPC-Chinese	HLA-DQA1	HLA-DQA1*01:01:01:07/HLA-DQA1*01:02:01	HLA-DQA1*01:01:01:07/HLA-DQA1*01:02:01:03		1.0	1.0	1.0	0.0	True	True		concordant (2-field)						
HIFI032529D	CPC-Chinese	HLA-DQB1	HLA-DQB1*05:02:01:01/HLA-DQB1*05:02:01:01	HLA-DQB1*05:02:01:01/HLA-DQB1*05:02:01:01		1.0	1.0	1.0	1.0	False	False		concordant (2-field)						
HIFI032529D	CPC-Chinese	HLA-DRB1	HLA-DRB1*15:02:01/HLA-DRB1*15:04	HLA-DRB1*15:02:01:03/HLA-DRB1*15:04		1.0	1.0	1.0	0.0	True	True		concordant (2-field)						
HIFI032566D	CPC-Chinese	HLA-A	HLA-A*02:06:01:04/HLA-A*24:02:01	HLA-A*02:06:01:04/HLA-A*24:02:01:01		1.0	1.0	1.0	0.0	True	True		concordant (2-field)						
HIFI032566D	CPC-Chinese	HLA-B	HLA-B*40:02:01:01/HLA-B*15:01:01:01	HLA-B*15:01:01:01/HLA-B*40:02:01:01		1.0	1.0	1.0	1.0	False	False		concordant (2-field)						
HIFI032566D	CPC-Chinese	HLA-C	HLA-C*15:02:01:01/HLA-C*04:01:01	HLA-C*04:01:01:14/HLA-C*15:02:01:01		1.0	1.0	1.0	0.0	True	True		concordant (2-field)						
HIFI032566D	CPC-Chinese	HLA-DQA1	HLA-DQA1*05:01:01:03/HLA-DQA1*05:08:01	HLA-DQA1*05:01:01:01/HLA-DQA1*05:08:01		1.0	1.0	1.0	0.0	False	True		concordant (2-field)						
HIFI032566D	CPC-Chinese	HLA-DQB1	HLA-DQB1*02:01:01:01/HLA-DQB1*03:01:01:01	HLA-DQB1*02:01:01:01/HLA-DQB1*03:01:01:01		1.0	1.0	1.0	1.0	False	False		concordant (2-field)						
HIFI032566D	CPC-Chinese	HLA-DRB1	HLA-DRB1*03:01:01:03/HLA-DRB1*12:01:01	HLA-DRB1*03:01:01:03/HLA-DRB1*12:01:01:05		1.0	1.0	1.0	0.0	True	True		concordant (2-field)						
HIFI032567D	CPC-Chinese	HLA-A	HLA-A*02:01:01:01/HLA-A*31:01:02:01	HLA-A*02:01:01:01/HLA-A*31:01:02:01		1.0	1.0	1.0	1.0	False	False		concordant (2-field)						
HIFI032567D	CPC-Chinese	HLA-B	HLA-B*15:01:01:01/HLA-B*13:02:01:01	HLA-B*13:02:01:01/HLA-B*15:01:01:01		1.0	1.0	1.0	1.0	False	False		concordant (2-field)						
HIFI032567D	CPC-Chinese	HLA-C	HLA-C*01:02:01:01/HLA-C*06:02:01:01	HLA-C*01:02:01:01/HLA-C*06:02:01:01		1.0	1.0	1.0	1.0	False	False		concordant (2-field)						
HIFI032567D	CPC-Chinese	HLA-DQA1	HLA-DQA1*05:05:01:09/HLA-DQA1*02:01:01:01	HLA-DQA1*02:01:01:01/HLA-DQA1*05:05:01:09		1.0	1.0	1.0	1.0	False	False		concordant (2-field)						
HIFI032567D	CPC-Chinese	HLA-DQB1	HLA-DQB1*03:01:01:03/HLA-DQB1*02:02:01:01	HLA-DQB1*02:02:01:01/HLA-DQB1*03:01:01:03		1.0	1.0	1.0	1.0	False	False		concordant (2-field)						
HIFI032567D	CPC-Chinese	HLA-DRB1	HLA-DRB1*11/HLA-DRB1*07:01:01:01	HLA-DRB1*07:01:01:01/HLA-DRB1*11:01:08		1.0	0.0	0.0	0.0	True	True	0.0	both novel (no exact IPD-IMGT/HLA match)						
HIFI032585D	CPC-Chinese	HLA-A	HLA-A*02:01:01:01/HLA-A*11:01:01:01	HLA-A*02:01:01:01/HLA-A*11:01:01:01		1.0	1.0	1.0	1.0	False	False		concordant (2-field)						
HIFI032585D	CPC-Chinese	HLA-B	HLA-B*55:02:01:04/HLA-B*13:01:01:11	HLA-B*13:01:01:11/HLA-B*55:02:01:04		1.0	1.0	1.0	1.0	False	False		concordant (2-field)						
HIFI032585D	CPC-Chinese	HLA-C	HLA-C*03:03:01/HLA-C*03:04:01:02	HLA-C*03:03:01:01/HLA-C*03:04:01:02		1.0	1.0	1.0	0.0	True	True		concordant (2-field)						
HIFI032585D	CPC-Chinese	HLA-DQA1	HLA-DQA1*05:82/HLA-DQA1*01:02:01:03	HLA-DQA1*01:02:01:03/HLA-DQA1*05:82		1.0	1.0	1.0	1.0	True	False		concordant (2-field)						
HIFI032585D	CPC-Chinese	HLA-DQB1	HLA-DQB1*03:01:01:01/HLA-DQB1*06:01:01:01	HLA-DQB1*03:01:01:01/HLA-DQB1*06:01:01:01		1.0	1.0	1.0	1.0	False	False		concordant (2-field)						
HIFI032585D	CPC-Chinese	HLA-DRB1	HLA-DRB1*12:01:01/HLA-DRB1*15:01:01:04	HLA-DRB1*12:01:01:05/HLA-DRB1*15:01:01:04		1.0	1.0	1.0	0.0	True	True		concordant (2-field)						
HIFI032586D	CPC-Chinese	HLA-A	HLA-A*11:01:01:01/HLA-A*11:01:01:01	HLA-A*11:01:01:01/HLA-A*11:01:01:01		1.0	1.0	1.0	1.0	False	False		concordant (2-field)						
HIFI032586D	CPC-Chinese	HLA-B	HLA-B*54:01:01:01/HLA-B*40:01:02:11	HLA-B*40:01:02:11/HLA-B*54:01:01:01		1.0	1.0	1.0	1.0	False	False		concordant (2-field)						
HIFI032586D	CPC-Chinese	HLA-C	HLA-C*01:02:01:05/HLA-C*03:04:01:12	HLA-C*01:02:01:05/HLA-C*03:04:01:12		1.0	1.0	1.0	1.0	False	False		concordant (2-field)						
HIFI032586D	CPC-Chinese	HLA-DQA1	HLA-DQA1*03:03:01:03/HLA-DQA1*01:03:01:07	HLA-DQA1*01:03:01:07/HLA-DQA1*03:03:01:03		1.0	1.0	1.0	1.0	False	False		concordant (2-field)						
HIFI032586D	CPC-Chinese	HLA-DQB1	HLA-DQB1*04:01:01:03/HLA-DQB1*06:01:01:01	HLA-DQB1*04:01:01:03/HLA-DQB1*06:01:01:01		1.0	1.0	1.0	1.0	False	False		concordant (2-field)						
HIFI032586D	CPC-Chinese	HLA-DRB1	HLA-DRB1*04:05:01/HLA-DRB1*08:03:02:02	HLA-DRB1*04:05:01:04/HLA-DRB1*08:03:02:02		1.0	1.0	1.0	0.0	True	True		concordant (2-field)						
HIFI032591D	CPC-Chinese	HLA-A	HLA-A*02:01:01:01/HLA-A*24:02:01	HLA-A*02:01:01:01/HLA-A*24:02:01:27		1.0	1.0	1.0	0.0	True	True		concordant (2-field)						
HIFI032591D	CPC-Chinese	HLA-B	HLA-B*39:01:01/HLA-B*46:01:01:01	HLA-B*39:01:01:03/HLA-B*46:01:01:01		1.0	1.0	1.0	0.0	True	True		concordant (2-field)						
HIFI032591D	CPC-Chinese	HLA-C	HLA-C*07:02:01:15/HLA-C*01:02:01:01	HLA-C*01:02:01:01/HLA-C*07:02:01:15		1.0	1.0	1.0	1.0	False	False		concordant (2-field)						
HIFI032591D	CPC-Chinese	HLA-DQA1	HLA-DQA1*03:02:01:02/HLA-DQA1*01:03:01:07	HLA-DQA1*01:03:01:07/HLA-DQA1*03:02:01:02		1.0	1.0	1.0	1.0	False	False		concordant (2-field)						
HIFI032591D	CPC-Chinese	HLA-DQB1	HLA-DQB1*03:03:02:02/HLA-DQB1*06:01:01:01	HLA-DQB1*03:03:02:02/HLA-DQB1*06:01:01:01		1.0	1.0	1.0	1.0	False	False		concordant (2-field)						
HIFI032591D	CPC-Chinese	HLA-DRB1	HLA-DRB1*09:01:02/HLA-DRB1*08:03:02	HLA-DRB1*08:03:02:02/HLA-DRB1*09:01:02:03		1.0	1.0	1.0	0.0	True	True		concordant (2-field)						
HIFI032604D	CPC-Chinese	HLA-A	HLA-A*02:06:01:02/HLA-A*11:01:01:01	HLA-A*02:06:01:02/HLA-A*11:01:01:01		1.0	1.0	1.0	1.0	False	False		concordant (2-field)						
HIFI032604D	CPC-Chinese	HLA-B	HLA-B*51:01:01:01/HLA-B*15:02:01:01	HLA-B*15:02:01:01/HLA-B*51:01:01:01		1.0	1.0	1.0	1.0	False	False		concordant (2-field)						
HIFI032604D	CPC-Chinese	HLA-C	HLA-C*08:250/HLA-C*08:01:01:01	HLA-C*08:01:01:01/HLA-C*08:01:01:01		1.0	0.0	0.0	0.0	True	False	0.0	FuFiHLA exact allele, Immuannot novel (newer IPD-IMGT/HLA release)						
HIFI032604D	CPC-Chinese	HLA-DQA1	HLA-DQA1*03:02:01:01/HLA-DQA1*06:01:01:02	HLA-DQA1*03:02:01:01/HLA-DQA1*06:01:01:02		1.0	1.0	1.0	1.0	False	False		concordant (2-field)						
HIFI032604D	CPC-Chinese	HLA-DQB1	HLA-DQB1*03:03:02:03/HLA-DQB1*03:01:01:22	HLA-DQB1*03:01:01:22/HLA-DQB1*03:03:02:03		1.0	1.0	1.0	1.0	False	False		concordant (2-field)						
HIFI032604D	CPC-Chinese	HLA-DRB1	HLA-DRB1*09:01:02/HLA-DRB1*12	HLA-DRB1*09:01:02:03/HLA-DRB1*12:02:01:11		1.0	0.0	0.0	0.0	True	True	0.0	both novel (no exact IPD-IMGT/HLA match)						
HIFI032607D	CPC-Chinese	HLA-A	HLA-A*30:01:01:01/HLA-A*03:01:01:01	HLA-A*03:01:01:01/HLA-A*30:01:01:01		1.0	1.0	1.0	1.0	False	False		concordant (2-field)						
HIFI032607D	CPC-Chinese	HLA-B	HLA-B*13:02:01:01/HLA-B*44:02:01:01	HLA-B*13:02:01:01/HLA-B*44:02:01:01		1.0	1.0	1.0	1.0	False	False		concordant (2-field)						
HIFI032607D	CPC-Chinese	HLA-C	HLA-C*06:02:01:01/HLA-C*05:01:01:02	HLA-C*05:01:01:02/HLA-C*06:02:01:01		1.0	1.0	1.0	1.0	False	False		concordant (2-field)						
HIFI032607D	CPC-Chinese	HLA-DQA1	HLA-DQA1*03:02:01/HLA-DQA1*01:03:01:02	HLA-DQA1*01:03:01:02/HLA-DQA1*03:02:01:01		1.0	1.0	1.0	0.0	True	True		concordant (2-field)						
HIFI032607D	CPC-Chinese	HLA-DQB1	HLA-DQB1*03:03:02:02/HLA-DQB1*06:03:01:01	HLA-DQB1*03:03:02:02/HLA-DQB1*06:03:01:01		1.0	1.0	1.0	1.0	False	False		concordant (2-field)						
HIFI032607D	CPC-Chinese	HLA-DRB1	HLA-DRB1*09:01:02:03/HLA-DRB1*13	HLA-DRB1*09:01:02:03/HLA-DRB1*13:01:01:01		1.0	0.0	0.0	0.0	True	True	0.0	both novel (no exact IPD-IMGT/HLA match)						
HIFI032662D	CPC-Chinese	HLA-A	HLA-A*31:01:02:01/HLA-A*11:01:01:01	HLA-A*11:01:01:01/HLA-A*31:01:02:01		1.0	1.0	1.0	1.0	False	False		concordant (2-field)						
HIFI032662D	CPC-Chinese	HLA-B	HLA-B*51:01:01:01/HLA-B*40:01:02	HLA-B*40:01:02:04/HLA-B*51:01:01:01		1.0	1.0	1.0	0.0	True	True		concordant (2-field)						
HIFI032662D	CPC-Chinese	HLA-C	HLA-C*14:02:01:01/HLA-C*03:04:01	HLA-C*03:04:01:12/HLA-C*14:02:01:01		1.0	1.0	1.0	0.0	True	True		concordant (2-field)						
HIFI032662D	CPC-Chinese	HLA-DQA1	HLA-DQA1*05:05:01/HLA-DQA1*04:01:01:02	HLA-DQA1*04:01:01:02/HLA-DQA1*05:05:01:32		1.0	1.0	1.0	0.0	True	True		concordant (2-field)						
HIFI032662D	CPC-Chinese	HLA-DQB1	HLA-DQB1*03:03:02:02/HLA-DQB1*04:02:01	HLA-DQB1*03:03:02:02/HLA-DQB1*04:02:01:04		1.0	1.0	1.0	0.0	True	True		concordant (2-field)						
HIFI032662D	CPC-Chinese	HLA-DRB1	HLA-DRB1*11:01:01/HLA-DRB1*08:02:01	HLA-DRB1*08:02:01:01/HLA-DRB1*11:01:01:04		1.0	1.0	1.0	0.0	True	True		concordant (2-field)						
HIFI032668D	CPC-Chinese	HLA-A	HLA-A*30:01:01:01/HLA-A*24:02:01:01	HLA-A*24:02:01:01/HLA-A*30:01:01:01		1.0	1.0	1.0	1.0	False	False		concordant (2-field)						
HIFI032668D	CPC-Chinese	HLA-B	HLA-B*07:02:01:01/HLA-B*46:01:01:01	HLA-B*07:02:01:01/HLA-B*46:01:01:01		1.0	1.0	1.0	1.0	False	False		concordant (2-field)						
HIFI032668D	CPC-Chinese	HLA-C	HLA-C*07:02:01:03/HLA-C*01:02:01:01	HLA-C*01:02:01:01/HLA-C*07:02:01:03		1.0	1.0	1.0	1.0	False	False		concordant (2-field)						
HIFI032668D	CPC-Chinese	HLA-DQA1	HLA-DQA1*03:02:01:01/HLA-DQA1*01:02:01:10	HLA-DQA1*01:02:01:10/HLA-DQA1*03:02:01:01		1.0	1.0	1.0	1.0	False	False		concordant (2-field)						
HIFI032668D	CPC-Chinese	HLA-DQB1	HLA-DQB1*03:03:02:03/HLA-DQB1*06:02:01:01	HLA-DQB1*03:03:02:03/HLA-DQB1*06:02:01:01		1.0	1.0	1.0	1.0	False	False		concordant (2-field)						
HIFI032668D	CPC-Chinese	HLA-DRB1	HLA-DRB1*09:01:02/HLA-DRB1*15:01:01:03	HLA-DRB1*09:01:02:03/HLA-DRB1*15:01:01:03		1.0	1.0	1.0	0.0	True	True		concordant (2-field)						
HIFI032682D	CPC-Chinese	HLA-A	HLA-A*11:01:01:01/HLA-A*11:01:01:01	HLA-A*11:01:01:01/HLA-A*11:01:01:01		1.0	1.0	1.0	1.0	False	False		concordant (2-field)						
HIFI032682D	CPC-Chinese	HLA-B	HLA-B*15:02:01/HLA-B*35:03:01:01	HLA-B*15:02:01:01/HLA-B*35:03:01:01		1.0	1.0	1.0	0.0	True	True		concordant (2-field)						
HIFI032682D	CPC-Chinese	HLA-C	HLA-C*08:01:01:01/HLA-C*04:01:01:14	HLA-C*04:01:01:14/HLA-C*08:01:01:01		1.0	1.0	1.0	1.0	False	False		concordant (2-field)						
HIFI032682D	CPC-Chinese	HLA-DQA1	HLA-DQA1*06:01:01:02/HLA-DQA1*01:02:01:23	HLA-DQA1*01:02:01:23/HLA-DQA1*06:01:01:02		1.0	1.0	1.0	1.0	False	False		concordant (2-field)						
HIFI032682D	CPC-Chinese	HLA-DQB1	HLA-DQB1*03:01:01:22/HLA-DQB1*06:09:01:01	HLA-DQB1*03:01:01:22/HLA-DQB1*06:09:01:01		1.0	1.0	1.0	1.0	False	False		concordant (2-field)						
HIFI032682D	CPC-Chinese	HLA-DRB1	HLA-DRB1*12:02:01/HLA-DRB1*13:02:01:03	HLA-DRB1*12:02:01:03/HLA-DRB1*13:02:01:03		1.0	1.0	1.0	0.0	True	True		concordant (2-field)						
HIFI032685D	CPC-Chinese	HLA-A	HLA-A*11:01:01:01/HLA-A*24	HLA-A*11:01:01:01/HLA-A*24:608		1.0	0.0	0.0	0.0	True	True	75.0	FuFiHLA artefact (consensus not present in the assembly)						
HIFI032685D	CPC-Chinese	HLA-B	HLA-B*15:02:01:01/HLA-B*40:02:01:01	HLA-B*15:02:01:01/HLA-B*40:02:01:01		1.0	1.0	1.0	1.0	False	False		concordant (2-field)						
HIFI032685D	CPC-Chinese	HLA-C	HLA-C*08:01:01:01/HLA-C*03:04:01:02	HLA-C*03:04:01:02/HLA-C*08:01:01:01		1.0	1.0	1.0	1.0	False	False		concordant (2-field)						
HIFI032685D	CPC-Chinese	HLA-DQA1	HLA-DQA1*05:03:01:02/HLA-DQA1*03:01:01:01	HLA-DQA1*03:01:01:01/HLA-DQA1*05:03:01:02		1.0	1.0	1.0	1.0	False	False		concordant (2-field)						
HIFI032685D	CPC-Chinese	HLA-DQB1	HLA-DQB1*03:01:01:01/HLA-DQB1*03:02:01:01	HLA-DQB1*03:01:01:01/HLA-DQB1*03:02:01:01		1.0	1.0	1.0	1.0	False	False		concordant (2-field)						
HIFI032685D	CPC-Chinese	HLA-DRB1	HLA-DRB1*13:12:01/HLA-DRB1*08:02:01	HLA-DRB1*08:02:01:01/HLA-DRB1*13:12:01		1.0	1.0	1.0	0.0	True	True		concordant (2-field)						
HIFI032692D	CPC-Chinese	HLA-A	HLA-A*02:01:01/HLA-A*30:01:01:01	HLA-A*02:01:01:01/HLA-A*30:01:01:01		1.0	1.0	1.0	0.0	True	True		concordant (2-field)						
HIFI032692D	CPC-Chinese	HLA-B	HLA-B*40:01:02:10/HLA-B*13:02:01:01	HLA-B*13:02:01:01/HLA-B*40:01:02:10		1.0	1.0	1.0	1.0	False	False		concordant (2-field)						
HIFI032692D	CPC-Chinese	HLA-C	HLA-C*03:04:01:01/HLA-C*06:02:01:01	HLA-C*03:04:01:01/HLA-C*06:02:01:01		1.0	1.0	1.0	1.0	False	False		concordant (2-field)						
HIFI032692D	CPC-Chinese	HLA-DQA1	HLA-DQA1*05:03:01:02/HLA-DQA1*02:01:01:02	HLA-DQA1*02:01:01:02/HLA-DQA1*05:03:01:02		1.0	1.0	1.0	1.0	False	False		concordant (2-field)						
HIFI032692D	CPC-Chinese	HLA-DQB1	HLA-DQB1*03:01:01:01/HLA-DQB1*02:02:01:01	HLA-DQB1*02:02:01:01/HLA-DQB1*03:01:01:01		1.0	1.0	1.0	1.0	False	False		concordant (2-field)						
HIFI032692D	CPC-Chinese	HLA-DRB1	HLA-DRB1*13/HLA-DRB1*07:01:01	HLA-DRB1*07:01:01:04/HLA-DRB1*13:19		1.0	0.0	0.0	0.0	True	True	0.0	both novel (no exact IPD-IMGT/HLA match)						
HIFI032693D	CPC-Chinese	HLA-A	HLA-A*02/HLA-A*31:01:02:01	HLA-A*02:1193/HLA-A*31:01:02:01		1.0	0.0	0.0	0.0	True	True	0.0	both novel (no exact IPD-IMGT/HLA match)						
HIFI032693D	CPC-Chinese	HLA-B	HLA-B*15:12:01/HLA-B*35:01:01:85	HLA-B*15:12:01/HLA-B*35:01:01:85		1.0	1.0	1.0	1.0	False	False		concordant (2-field)						
HIFI032693D	CPC-Chinese	HLA-C	HLA-C*03:03:01:01/HLA-C*04:01:01:79	HLA-C*03:03:01:01/HLA-C*04:01:01:79		1.0	1.0	1.0	1.0	False	False		concordant (2-field)						
HIFI032693D	CPC-Chinese	HLA-DQA1	HLA-DQA1*05:05:01:09/HLA-DQA1*06:01:01:02	HLA-DQA1*05:05:01:09/HLA-DQA1*06:01:01:02		1.0	1.0	1.0	1.0	False	False		concordant (2-field)						
HIFI032693D	CPC-Chinese	HLA-DQB1	HLA-DQB1*03:03:02:02/HLA-DQB1*03:01:01:22	HLA-DQB1*03:01:01:22/HLA-DQB1*03:03:02:02		1.0	1.0	1.0	1.0	False	False		concordant (2-field)						
HIFI032693D	CPC-Chinese	HLA-DRB1	HLA-DRB1*11:01:01/HLA-DRB1*12:02:01	HLA-DRB1*11:01:01:04/HLA-DRB1*12:02:01:03		1.0	1.0	1.0	0.0	True	True		concordant (2-field)						
HIFI032698D	CPC-Chinese	HLA-A	HLA-A*31:01:02:01/HLA-A*02:06:01:01	HLA-A*02:06:01:01/HLA-A*31:01:02:01		1.0	1.0	1.0	1.0	False	False		concordant (2-field)						
HIFI032698D	CPC-Chinese	HLA-B	HLA-B*35:01:01:05/HLA-B*40:02:01:01	HLA-B*35:01:01:05/HLA-B*40:02:01:01		1.0	1.0	1.0	1.0	False	False		concordant (2-field)						
HIFI032698D	CPC-Chinese	HLA-C	HLA-C*04:01:01:79/HLA-C*03:04:01:02	HLA-C*03:04:01:02/HLA-C*04:01:01:79		1.0	1.0	1.0	1.0	False	False		concordant (2-field)						
HIFI032698D	CPC-Chinese	HLA-DQA1	HLA-DQA1*05:03:01:02/HLA-DQA1*01:04:01:02	HLA-DQA1*01:04:01:02/HLA-DQA1*05:03:01:02		1.0	1.0	1.0	1.0	False	False		concordant (2-field)						
HIFI032698D	CPC-Chinese	HLA-DQB1	HLA-DQB1*03:01:01:10/HLA-DQB1*05:02:01:01	HLA-DQB1*03:01:01:10/HLA-DQB1*05:02:01:01		1.0	1.0	1.0	1.0	False	False		concordant (2-field)						
HIFI032698D	CPC-Chinese	HLA-DRB1	HLA-DRB1*14:03:01/HLA-DRB1*14:54:01	HLA-DRB1*14:03:01/HLA-DRB1*14:54:01:06		1.0	1.0	1.0	0.0	True	True		concordant (2-field)						
HIFI032706D	CPC-Chinese	HLA-A	HLA-A*24:02:01:01/HLA-A*02:05:01:01	HLA-A*02:05:01:01/HLA-A*24:02:01:01		1.0	1.0	1.0	1.0	False	False		concordant (2-field)						
HIFI032706D	CPC-Chinese	HLA-B	HLA-B*40:02:01:01/HLA-B*15:220:01:01	HLA-B*15:220:01:01/HLA-B*40:02:01:01		1.0	1.0	1.0	1.0	False	False		concordant (2-field)						
HIFI032706D	CPC-Chinese	HLA-C	HLA-C*03:04:01/HLA-C*12:03:01:01	HLA-C*03:04:01:02/HLA-C*12:03:01:01		1.0	1.0	1.0	0.0	True	True		concordant (2-field)						
HIFI032706D	CPC-Chinese	HLA-DQA1	HLA-DQA1*04:01:01:02/HLA-DQA1*04:01:02:01	HLA-DQA1*04:01:01:02/HLA-DQA1*04:01:02:01		1.0	1.0	1.0	1.0	False	False		concordant (2-field)						
HIFI032706D	CPC-Chinese	HLA-DQB1	HLA-DQB1*04:02:01:04/HLA-DQB1*04:02:01:08	HLA-DQB1*04:02:01:04/HLA-DQB1*04:02:01:08		1.0	1.0	1.0	1.0	False	False		concordant (2-field)						
HIFI032706D	CPC-Chinese	HLA-DRB1	HLA-DRB1*08:02:01:01/HLA-DRB1*08:04:01	HLA-DRB1*08:02:01:01/HLA-DRB1*08:04:01:03		1.0	1.0	1.0	0.0	True	True		concordant (2-field)						
HIFI032711D	CPC-Chinese	HLA-A	HLA-A*11:01:01:01/HLA-A*11:01:01:01	HLA-A*11:01:01:01/HLA-A*11:01:01:01		1.0	1.0	1.0	1.0	False	False		concordant (2-field)						
HIFI032711D	CPC-Chinese	HLA-B	HLA-B*52:01:01:01/HLA-B*15:02:01:01	HLA-B*15:02:01:01/HLA-B*52:01:01:01		1.0	1.0	1.0	1.0	False	False		concordant (2-field)						
HIFI032711D	CPC-Chinese	HLA-C	HLA-C*07:02:01:01/HLA-C*08:01:01:01	HLA-C*07:02:01:01/HLA-C*08:01:01:01		1.0	1.0	1.0	1.0	False	False		concordant (2-field)						
HIFI032711D	CPC-Chinese	HLA-DQA1	HLA-DQA1*01:04:02/HLA-DQA1*06:01:01:02	HLA-DQA1*01:04:02:01/HLA-DQA1*06:01:01:02		1.0	1.0	1.0	0.0	True	True		concordant (2-field)						
HIFI032711D	CPC-Chinese	HLA-DQB1	HLA-DQB1*05:03:01:01/HLA-DQB1*03:01:01:22	HLA-DQB1*03:01:01:22/HLA-DQB1*05:03:01:01		1.0	1.0	1.0	1.0	False	False		concordant (2-field)						
HIFI032711D	CPC-Chinese	HLA-DRB1	HLA-DRB1*14:04:01/HLA-DRB1*12:02:01	HLA-DRB1*12:02:01:09/HLA-DRB1*14:04:01:03		1.0	1.0	1.0	0.0	True	True		concordant (2-field)						
HIFI032731D	CPC-Chinese	HLA-A	HLA-A*11:01:01:01/HLA-A*11:03:01:01	HLA-A*11:01:01:01/HLA-A*11:03:01:01		1.0	1.0	1.0	1.0	False	False		concordant (2-field)						
HIFI032731D	CPC-Chinese	HLA-B	HLA-B*55:02:01:04/HLA-B*15:02:01:01	HLA-B*15:02:01:01/HLA-B*55:02:01:04		1.0	1.0	1.0	1.0	False	False		concordant (2-field)						
HIFI032731D	CPC-Chinese	HLA-C	HLA-C*01:02:01/HLA-C*08:01:01:01	HLA-C*01:02:01:76/HLA-C*08:01:01:01		1.0	1.0	1.0	0.0	True	False		concordant (2-field)						
HIFI032731D	CPC-Chinese	HLA-DQA1	HLA-DQA1*01:02:01	HLA-DQA1*01:02:01:03/HLA-DQA1*06:01:01:02						True	True	4460.0	FuFiHLA artefact (consensus not present in the assembly)						
HIFI032731D	CPC-Chinese	HLA-DQB1	HLA-DQB1*05:02:01:01/HLA-DQB1*03:01:01:22	HLA-DQB1*03:01:01:22/HLA-DQB1*05:02:01:01		1.0	1.0	1.0	1.0	False	False		concordant (2-field)						
HIFI032731D	CPC-Chinese	HLA-DRB1	HLA-DRB1*15:04/HLA-DRB1*12:02:01	HLA-DRB1*12:02:01:01/HLA-DRB1*15:04		1.0	1.0	1.0	0.0	True	True		concordant (2-field)						
KOREF1	KPanRef-Korean	HLA-A	HLA-A*02:07:01:01/HLA-A*33:03:01:01	HLA-A*02:07:01:01/HLA-A*33:03:01:01		1.0	1.0	1.0	1.0	False	False		concordant (2-field)						
KOREF1	KPanRef-Korean	HLA-B	HLA-B*46:01:01:01/HLA-B*44:03:01:10	HLA-B*44:03:01:10/HLA-B*46:01:01:01		1.0	1.0	1.0	1.0	False	False		concordant (2-field)						
KOREF1	KPanRef-Korean	HLA-C	HLA-C*01:03:01/HLA-C*14:03:01:01	HLA-C*01:03:01/HLA-C*14:03:01:01		1.0	1.0	1.0	1.0	False	False		concordant (2-field)						
KOREF1	KPanRef-Korean	HLA-DQA1	HLA-DQA1*03:02:01:02/HLA-DQA1*01:02:01:08	HLA-DQA1*01:02:01:08/HLA-DQA1*03:02:01:02		1.0	1.0	1.0	1.0	False	False		concordant (2-field)						
KOREF1	KPanRef-Korean	HLA-DQB1	HLA-DQB1*03:03:02:02/HLA-DQB1*06:04:01:01	HLA-DQB1*03:03:02:02/HLA-DQB1*06:04:01:01		1.0	1.0	1.0	1.0	False	False		concordant (2-field)						
KOREF1	KPanRef-Korean	HLA-DRB1	HLA-DRB1*09:01:02/HLA-DRB1*13:02:01	HLA-DRB1*09:01:02:03/HLA-DRB1*13:02:01:02		1.0	1.0	1.0	0.0	True	True		concordant (2-field)						
KOREF2	KPanRef-Korean	HLA-A	HLA-A*33:03:01:01/HLA-A*26:01:01:01	HLA-A*26:01:01:01/HLA-A*33:03:01:01		1.0	1.0	1.0	1.0	False	False		concordant (2-field)						
KOREF2	KPanRef-Korean	HLA-B	HLA-B*58:01:01:03/HLA-B*40:01:02:04	HLA-B*40:01:02:04/HLA-B*58:01:01:03		1.0	1.0	1.0	1.0	False	False		concordant (2-field)						
KOREF2	KPanRef-Korean	HLA-C	HLA-C*03:02:02:05/HLA-C*15:02:01:01	HLA-C*03:02:02:05/HLA-C*15:02:01:01		1.0	1.0	1.0	1.0	False	False		concordant (2-field)						
KOREF2	KPanRef-Korean	HLA-DQA1	HLA-DQA1*01:02:01:23/HLA-DQA1*05:05:01:02	HLA-DQA1*01:02:01:23/HLA-DQA1*05:05:01:02		1.0	1.0	1.0	1.0	False	False		concordant (2-field)						
KOREF2	KPanRef-Korean	HLA-DQB1	HLA-DQB1*06:09:01:01/HLA-DQB1*03:01:01:03	HLA-DQB1*03:01:01:03/HLA-DQB1*06:09:01:01		1.0	1.0	1.0	1.0	False	False		concordant (2-field)						
KOREF2	KPanRef-Korean	HLA-DRB1	HLA-DRB1*13:02:01:03/HLA-DRB1*11:01:01	HLA-DRB1*11:01:01:01/HLA-DRB1*13:02:01:03		1.0	1.0	1.0	0.0	True	True		concordant (2-field)						
KPanRef-071	KPanRef-Korean	HLA-A	HLA-A*02/HLA-A*33:03:01:01	HLA-A*02:07:01:01/HLA-A*33:03:01:01		1.0	0.0	0.0	0.0	True	True	0.0	both novel (no exact IPD-IMGT/HLA match)						
KPanRef-071	KPanRef-Korean	HLA-B	HLA-B*46:01:01:01/HLA-B*58:01:01:03	HLA-B*46:01:01:01/HLA-B*58:01:01:03		1.0	1.0	1.0	1.0	False	False		concordant (2-field)						
KPanRef-071	KPanRef-Korean	HLA-C	HLA-C*01:02:01:01/HLA-C*03:02:02:05	HLA-C*01:02:01:01/HLA-C*03:02:02:05		1.0	1.0	1.0	1.0	False	False		concordant (2-field)						
KPanRef-071	KPanRef-Korean	HLA-DQA1	HLA-DQA1*01:03:01:07/HLA-DQA1*01:02:01:01	HLA-DQA1*01:02:01:01/HLA-DQA1*01:03:01:07		1.0	1.0	1.0	1.0	False	False		concordant (2-field)						
KPanRef-071	KPanRef-Korean	HLA-DQB1	HLA-DQB1*06:01:01:01/HLA-DQB1*06:02:01:01	HLA-DQB1*06:01:01:01/HLA-DQB1*06:02:01:01		1.0	1.0	1.0	1.0	False	False		concordant (2-field)						
KPanRef-071	KPanRef-Korean	HLA-DRB1	HLA-DRB1*08:03:02:02/HLA-DRB1*15:01:01	HLA-DRB1*08:03:02:02/HLA-DRB1*15:01:01:03		1.0	1.0	1.0	0.0	True	True		concordant (2-field)						
KPanRef-072	KPanRef-Korean	HLA-A	HLA-A*30:01:01:01/HLA-A*02:07:01:01	HLA-A*02:07:01:01/HLA-A*30:01:01:01		1.0	1.0	1.0	1.0	False	False		concordant (2-field)						
KPanRef-072	KPanRef-Korean	HLA-B	HLA-B*13:02:01:01/HLA-B*46:01:01:01	HLA-B*13:02:01:01/HLA-B*46:01:01:01		1.0	1.0	1.0	1.0	False	False		concordant (2-field)						
KPanRef-072	KPanRef-Korean	HLA-C	HLA-C*06:02:01:01/HLA-C*01:03:01	HLA-C*01:03:01/HLA-C*06:02:01:01		1.0	1.0	1.0	1.0	False	False		concordant (2-field)						
KPanRef-072	KPanRef-Korean	HLA-DQA1	HLA-DQA1*02:01:01:01/HLA-DQA1*03:02:01:02	HLA-DQA1*02:01:01:01/HLA-DQA1*03:02:01:02		1.0	1.0	1.0	1.0	False	False		concordant (2-field)						
KPanRef-072	KPanRef-Korean	HLA-DQB1	HLA-DQB1*02:02:01/HLA-DQB1*03:03:02:02	HLA-DQB1*02:02:01:01/HLA-DQB1*03:03:02:02		1.0	1.0	1.0	0.0	True	True		concordant (2-field)						
KPanRef-072	KPanRef-Korean	HLA-DRB1	HLA-DRB1*07:01:01:01/HLA-DRB1*09:01:02	HLA-DRB1*07:01:01:01/HLA-DRB1*09:01:02:03		1.0	1.0	1.0	0.0	True	True		concordant (2-field)						
KPanRef-073	KPanRef-Korean	HLA-A	HLA-A*01:01:01:01/HLA-A*02:01:01:01	HLA-A*01:01:01:01/HLA-A*02:01:01:01		1.0	1.0	1.0	1.0	False	False		concordant (2-field)						
KPanRef-073	KPanRef-Korean	HLA-B	HLA-B*37:01:01:01/HLA-B*40:02:01:01	HLA-B*37:01:01:01/HLA-B*40:02:01:01		1.0	1.0	1.0	1.0	False	False		concordant (2-field)						
KPanRef-073	KPanRef-Korean	HLA-C	HLA-C*06:02:01:01/HLA-C*03:04:01:02	HLA-C*03:04:01:02/HLA-C*06:02:01:01		1.0	1.0	1.0	1.0	False	False		concordant (2-field)						
KPanRef-073	KPanRef-Korean	HLA-DQA1	HLA-DQA1*01:05:01:01/HLA-DQA1*05:05:01:09	HLA-DQA1*01:05:01:01/HLA-DQA1*05:05:01:09		1.0	1.0	1.0	1.0	False	False		concordant (2-field)						
KPanRef-073	KPanRef-Korean	HLA-DQB1	HLA-DQB1*05:01:01:05/HLA-DQB1*03:01:01:03	HLA-DQB1*03:01:01:03/HLA-DQB1*05:01:01:05		1.0	1.0	1.0	1.0	False	False		concordant (2-field)						
KPanRef-073	KPanRef-Korean	HLA-DRB1	HLA-DRB1*10:01:01:03/HLA-DRB1*11:01:01	HLA-DRB1*10:01:01:03/HLA-DRB1*11:01:01:01		1.0	1.0	1.0	0.0	True	True		concordant (2-field)						
KPanRef-074	KPanRef-Korean	HLA-A	HLA-A*24:02:01:01/HLA-A*26:01:01:01	HLA-A*24:02:01:01/HLA-A*26:01:01:01		1.0	1.0	1.0	1.0	False	False		concordant (2-field)						
KPanRef-074	KPanRef-Korean	HLA-B	HLA-B*15:01:01:01/HLA-B*51:01:01:01	HLA-B*15:01:01:01/HLA-B*51:01:01:01		1.0	1.0	1.0	1.0	False	False		concordant (2-field)						
KPanRef-074	KPanRef-Korean	HLA-C	HLA-C*03:03:01/HLA-C*14:02:01:01	HLA-C*03:03:01:36/HLA-C*14:02:01:01		1.0	1.0	1.0	0.0	True	True		concordant (2-field)						
KPanRef-074	KPanRef-Korean	HLA-DQA1	HLA-DQA1*01:04/HLA-DQA1*03:03:01:03	HLA-DQA1*01:04:01:02/HLA-DQA1*03:03:01:03		1.0	1.0	0.0	0.0	True	True		concordant (2-field)						
KPanRef-074	KPanRef-Korean	HLA-DQB1	HLA-DQB1*05:03:01:02/HLA-DQB1*04:01:01:03	HLA-DQB1*04:01:01:03/HLA-DQB1*05:03:01:02		1.0	1.0	1.0	1.0	False	False		concordant (2-field)						
KPanRef-074	KPanRef-Korean	HLA-DRB1	HLA-DRB1*14/HLA-DRB1*04:05:01	HLA-DRB1*04:05:01:04/HLA-DRB1*14:05:01:01		1.0	0.0	0.0	0.0	True	True	0.0	both novel (no exact IPD-IMGT/HLA match)						
KPanRef-075	KPanRef-Korean	HLA-A	HLA-A*11:01:01:01/HLA-A*02:06:01:01	HLA-A*02:06:01:01/HLA-A*11:01:01:01		1.0	1.0	1.0	1.0	False	False		concordant (2-field)						
KPanRef-075	KPanRef-Korean	HLA-B	HLA-B*15:01:01:01/HLA-B*15:11:01	HLA-B*15:01:01:01/HLA-B*15:11:01:01		1.0	1.0	1.0	0.0	False	False		concordant (2-field)						
KPanRef-075	KPanRef-Korean	HLA-C	HLA-C*08:01:01:01/HLA-C*03:03:01:01	HLA-C*03:03:01:01/HLA-C*08:01:01:01		1.0	1.0	1.0	1.0	False	False		concordant (2-field)						
KPanRef-075	KPanRef-Korean	HLA-DQA1	HLA-DQA1*01:02:01:03/HLA-DQA1*01:03:01:07	HLA-DQA1*01:02:01:03/HLA-DQA1*01:03:01:07		1.0	1.0	1.0	1.0	False	False		concordant (2-field)						
KPanRef-075	KPanRef-Korean	HLA-DQB1	HLA-DQB1*06:02:01/HLA-DQB1*06:01:01:01	HLA-DQB1*06:01:01:01/HLA-DQB1*06:416:01:01		1.0	0.0	0.0	0.0	True	False	0.0	FuFiHLA exact allele, Immuannot novel (newer IPD-IMGT/HLA release)						
KPanRef-075	KPanRef-Korean	HLA-DRB1	HLA-DRB1*15:01:01:03/HLA-DRB1*08:03:02	HLA-DRB1*08:03:02:02/HLA-DRB1*15:01:01:03		1.0	1.0	1.0	0.0	True	True		concordant (2-field)						
KPanRef-076	KPanRef-Korean	HLA-A	HLA-A*02:03:01:01/HLA-A*24:02:01:01	HLA-A*02:03:01:01/HLA-A*24:02:01:01		1.0	1.0	1.0	1.0	False	False		concordant (2-field)						
KPanRef-076	KPanRef-Korean	HLA-B	HLA-B*38:02:01:01/HLA-B*15:01:01:01	HLA-B*15:01:01:01/HLA-B*38:02:01:01		1.0	1.0	1.0	1.0	False	False		concordant (2-field)						
KPanRef-076	KPanRef-Korean	HLA-C	HLA-C*07:02:01:01/HLA-C*03:04:01:02	HLA-C*03:04:01:02/HLA-C*07:02:01:01		1.0	1.0	1.0	1.0	False	False		concordant (2-field)						
KPanRef-076	KPanRef-Korean	HLA-DQA1	HLA-DQA1*01:01:01/HLA-DQA1*03:01:01:01	HLA-DQA1*01:01:01:07/HLA-DQA1*03:01:01:01		1.0	1.0	1.0	0.0	True	True		concordant (2-field)						
KPanRef-076	KPanRef-Korean	HLA-DQB1	HLA-DQB1*05:01:24:01/HLA-DQB1*03:02:01:01	HLA-DQB1*03:02:01:01/HLA-DQB1*05:01:24:01		1.0	1.0	1.0	1.0	False	False		concordant (2-field)						
KPanRef-076	KPanRef-Korean	HLA-DRB1	HLA-DRB1*15:02:01/HLA-DRB1*04:06:01	HLA-DRB1*04:06:01/HLA-DRB1*15:02:01:03		1.0	1.0	1.0	0.0	True	True		concordant (2-field)						
KPanRef-076-M	KPanRef-Korean	HLA-A	HLA-A*30:01:01:01/HLA-A*24:02:01:01	HLA-A*24:02:01:01/HLA-A*30:01:01:01		1.0	1.0	1.0	1.0	False	False		concordant (2-field)						
KPanRef-076-M	KPanRef-Korean	HLA-B	HLA-B*13:02:01:01/HLA-B*15:01:01:01	HLA-B*13:02:01:01/HLA-B*15:01:01:01		1.0	1.0	1.0	1.0	False	False		concordant (2-field)						
KPanRef-076-M	KPanRef-Korean	HLA-C	HLA-C*06:02:01:01/HLA-C*03:04:01:02	HLA-C*03:04:01:02/HLA-C*06:02:01:01		1.0	1.0	1.0	1.0	False	False		concordant (2-field)						
KPanRef-076-M	KPanRef-Korean	HLA-DQA1	HLA-DQA1*02:01:01:01/HLA-DQA1*03:01:01:01	HLA-DQA1*02:01:01:01/HLA-DQA1*03:01:01:01		1.0	1.0	1.0	1.0	False	False		concordant (2-field)						
KPanRef-076-M	KPanRef-Korean	HLA-DQB1	HLA-DQB1*03:02:01:01	HLA-DQB1*02:142:01:02/HLA-DQB1*03:02:01:01						False	True	4179.0	FuFiHLA artefact (consensus not present in the assembly)						
KPanRef-076-M	KPanRef-Korean	HLA-DRB1	HLA-DRB1*07:01:01:01/HLA-DRB1*04:06:01	HLA-DRB1*04:06:01/HLA-DRB1*07:01:01:01		1.0	1.0	1.0	1.0	True	True		concordant (2-field)						
KPanRef-076-P	KPanRef-Korean	HLA-A	HLA-A*11:01:01:01/HLA-A*02:03:01:01	HLA-A*02:03:01:01/HLA-A*11:01:01:01		1.0	1.0	1.0	1.0	False	False		concordant (2-field)						
KPanRef-076-P	KPanRef-Korean	HLA-B	HLA-B*39:01:01:03/HLA-B*38:02:01:01	HLA-B*38:02:01:01/HLA-B*39:01:01:03		1.0	1.0	1.0	1.0	False	False		concordant (2-field)						
KPanRef-076-P	KPanRef-Korean	HLA-C	HLA-C*07:02:01:15/HLA-C*07:02:01:01	HLA-C*07:02:01:01/HLA-C*07:02:01:15		1.0	1.0	1.0	1.0	False	False		concordant (2-field)						
KPanRef-076-P	KPanRef-Korean	HLA-DQA1	HLA-DQA1*01:03:01:07/HLA-DQA1*01:01:01	HLA-DQA1*01:01:01:07/HLA-DQA1*01:03:01:07		1.0	1.0	1.0	0.0	True	True		concordant (2-field)						
KPanRef-076-P	KPanRef-Korean	HLA-DQB1	HLA-DQB1*06:01:01/HLA-DQB1*05:01:24:01	HLA-DQB1*05:01:24:01/HLA-DQB1*06:01:01:01		1.0	1.0	1.0	0.0	True	True		concordant (2-field)						
KPanRef-076-P	KPanRef-Korean	HLA-DRB1	HLA-DRB1*08:03/HLA-DRB1*15:02:01	HLA-DRB1*08:03:02:02/HLA-DRB1*15:02:01:03		1.0	1.0	0.0	0.0	True	True		concordant (2-field)						
KPanRef-077	KPanRef-Korean	HLA-A	HLA-A*11:01:01:01/HLA-A*02:01:01:01	HLA-A*02:01:01:01/HLA-A*11:01:01:01		1.0	1.0	1.0	1.0	False	False		concordant (2-field)						
KPanRef-077	KPanRef-Korean	HLA-B	HLA-B*51:01:01:01/HLA-B*46:01:01:01	HLA-B*46:01:01:01/HLA-B*51:01:01:01		1.0	1.0	1.0	1.0	False	False		concordant (2-field)						
KPanRef-077	KPanRef-Korean	HLA-C	HLA-C*14:02:01:01/HLA-C*01:03:01	HLA-C*01:03:01/HLA-C*14:02:01:01		1.0	1.0	1.0	1.0	False	False		concordant (2-field)						
KPanRef-077	KPanRef-Korean	HLA-DQA1	HLA-DQA1*03:02:01:01/HLA-DQA1*01:03:01:07	HLA-DQA1*01:03:01:07/HLA-DQA1*03:02:01:01		1.0	1.0	1.0	1.0	False	False		concordant (2-field)						
KPanRef-077	KPanRef-Korean	HLA-DQB1	HLA-DQB1*03:03:02:02/HLA-DQB1*06:01:01:01	HLA-DQB1*03:03:02:02/HLA-DQB1*06:01:01:01		1.0	1.0	1.0	1.0	False	False		concordant (2-field)						
KPanRef-077	KPanRef-Korean	HLA-DRB1	HLA-DRB1*09:01:02/HLA-DRB1*13	HLA-DRB1*09:01:02:04/HLA-DRB1*13:12:01		1.0	0.0	0.0	0.0	True	True	0.0	both novel (no exact IPD-IMGT/HLA match)						
KPanRef-078	KPanRef-Korean	HLA-A	HLA-A*02:06:01:01/HLA-A*02:01:01:01	HLA-A*02:01:01:01/HLA-A*02:06:01:01		1.0	1.0	1.0	1.0	False	False		concordant (2-field)						
KPanRef-078	KPanRef-Korean	HLA-B	HLA-B*48:01:01:01/HLA-B*27:05:02:05	HLA-B*27:05:02:05/HLA-B*48:01:01:01		1.0	1.0	1.0	1.0	False	False		concordant (2-field)						
KPanRef-078	KPanRef-Korean	HLA-C	HLA-C*03:04:01/HLA-C*01:02:01:01	HLA-C*01:02:01:01/HLA-C*03:04:01:87		1.0	1.0	1.0	0.0	True	True		concordant (2-field)						
KPanRef-078	KPanRef-Korean	HLA-DQA1	HLA-DQA1*01:04:01:02/HLA-DQA1*05:01:01:03	HLA-DQA1*01:04:01:02/HLA-DQA1*05:01:01:01		1.0	1.0	1.0	0.0	False	True		concordant (2-field)						
KPanRef-078	KPanRef-Korean	HLA-DQB1	HLA-DQB1*05:02:01:01/HLA-DQB1*02:01:01:01	HLA-DQB1*02:01:01:01/HLA-DQB1*05:02:01:01		1.0	1.0	1.0	1.0	False	False		concordant (2-field)						
KPanRef-078	KPanRef-Korean	HLA-DRB1	HLA-DRB1*14:54:01/HLA-DRB1*03:01:01:03	HLA-DRB1*03:01:01:03/HLA-DRB1*14:54:01:04		1.0	1.0	1.0	0.0	True	True		concordant (2-field)						
KPanRef-079	KPanRef-Korean	HLA-A	HLA-A*30:01:01:01/HLA-A*24	HLA-A*24:608/HLA-A*30:01:01:01		1.0	0.0	0.0	0.0	True	True	0.0	both novel (no exact IPD-IMGT/HLA match)						
KPanRef-079	KPanRef-Korean	HLA-B	HLA-B*13:02:01:01/HLA-B*35:01:01:02	HLA-B*13:02:01:01/HLA-B*35:01:01:02		1.0	1.0	1.0	1.0	False	False		concordant (2-field)						
KPanRef-079	KPanRef-Korean	HLA-C	HLA-C*06:02:01:01/HLA-C*08:01:01:01	HLA-C*06:02:01:01/HLA-C*08:01:01:01		1.0	1.0	1.0	1.0	False	False		concordant (2-field)						
KPanRef-079	KPanRef-Korean	HLA-DQA1	HLA-DQA1*02:01:01:01/HLA-DQA1*03:02:01:01	HLA-DQA1*02:01:01:01/HLA-DQA1*03:02:01:01		1.0	1.0	1.0	1.0	False	False		concordant (2-field)						
KPanRef-079	KPanRef-Korean	HLA-DQB1	HLA-DQB1*02:02:01/HLA-DQB1*03:03:02:02	HLA-DQB1*02:02:01:01/HLA-DQB1*03:03:02:02		1.0	1.0	1.0	0.0	True	True		concordant (2-field)						
KPanRef-079	KPanRef-Korean	HLA-DRB1	HLA-DRB1*07:01:01/HLA-DRB1*12	HLA-DRB1*07:01:01:26/HLA-DRB1*12:01:01:08		1.0	0.0	0.0	0.0	True	True	0.0	both novel (no exact IPD-IMGT/HLA match)						
KPanRef-080	KPanRef-Korean	HLA-A	HLA-A*02:06:01:01/HLA-A*11:01:01:01	HLA-A*02:06:01:01/HLA-A*11:01:01:01		1.0	1.0	1.0	1.0	False	False		concordant (2-field)						
KPanRef-080	KPanRef-Korean	HLA-B	HLA-B*35:01:01:02/HLA-B*51:01:01:01	HLA-B*35:01:01:02/HLA-B*51:01:01:01		1.0	1.0	1.0	1.0	False	False		concordant (2-field)						
KPanRef-080	KPanRef-Korean	HLA-C	HLA-C*03:03:01:01/HLA-C*14:02:01:01	HLA-C*03:03:01:01/HLA-C*14:02:01:01		1.0	1.0	1.0	1.0	False	False		concordant (2-field)						
KPanRef-080	KPanRef-Korean	HLA-DQA1	HLA-DQA1*03:01:01:01/HLA-DQA1*03:02:01:01	HLA-DQA1*03:01:01:01/HLA-DQA1*03:02:01:01		1.0	1.0	1.0	1.0	False	False		concordant (2-field)						
KPanRef-080	KPanRef-Korean	HLA-DQB1	HLA-DQB1*03:02:01:01/HLA-DQB1*03:03:02:02	HLA-DQB1*03:02:01:01/HLA-DQB1*03:03:02:02		1.0	1.0	1.0	1.0	False	False		concordant (2-field)						
KPanRef-080	KPanRef-Korean	HLA-DRB1	HLA-DRB1*04:06:01/HLA-DRB1*09:01:02	HLA-DRB1*04:06:01/HLA-DRB1*09:01:02:04		1.0	1.0	1.0	0.0	True	True		concordant (2-field)						
NA18505	HPRC-Rest	HLA-A	HLA-A*26:01:46:01/HLA-A*74:01:01:01	HLA-A*26:01:46:01/HLA-A*74:01:01:01		1.0	1.0	1.0	1.0	False	False		concordant (2-field)						
NA18505	HPRC-Rest	HLA-B	HLA-B*53:01:01:01/HLA-B*15:03:01:02	HLA-B*15:03:01:02/HLA-B*53:01:01:01		1.0	1.0	1.0	1.0	False	False		concordant (2-field)						
NA18505	HPRC-Rest	HLA-C	HLA-C*07:01:01:16/HLA-C*02:10:01:01	HLA-C*02:10:01:01/HLA-C*07:01:01:16		1.0	1.0	1.0	1.0	False	False		concordant (2-field)						
NA18505	HPRC-Rest	HLA-DQA1	HLA-DQA1*05:01:01:01/HLA-DQA1*01:02:01:03	HLA-DQA1*01:02:01:03/HLA-DQA1*05:01:01:01		1.0	1.0	1.0	1.0	False	False		concordant (2-field)						
NA18505	HPRC-Rest	HLA-DQB1	HLA-DQB1*02:01:01:01/HLA-DQB1*06:02:01:01	HLA-DQB1*02:01:01:01/HLA-DQB1*06:02:01:01		1.0	1.0	1.0	1.0	False	False		concordant (2-field)						
NA18505	HPRC-Rest	HLA-DRB1	HLA-DRB1*03:01:01/HLA-DRB1*15:03:01:03	HLA-DRB1*03:01:01:02/HLA-DRB1*15:03:01:03		1.0	1.0	1.0	0.0	True	True		concordant (2-field)						
NA18508	HPRC-Rest	HLA-A	HLA-A*33:03:01:03/HLA-A*68:02:01:01	HLA-A*33:03:01:03/HLA-A*68:02:01:01		1.0	1.0	1.0	1.0	False	False		concordant (2-field)						
NA18508	HPRC-Rest	HLA-B	HLA-B*42:01:01:01/HLA-B*53:01:01:01	HLA-B*42:01:01:01/HLA-B*53:01:01:01		1.0	1.0	1.0	1.0	False	False		concordant (2-field)						
NA18508	HPRC-Rest	HLA-C	HLA-C*17:01:01:02/HLA-C*04:01:01:75	HLA-C*04:01:01:75/HLA-C*17:01:01:02		1.0	1.0	1.0	1.0	False	False		concordant (2-field)						
NA18508	HPRC-Rest	HLA-DQA1	HLA-DQA1*04:01:01:05/HLA-DQA1*02:01:01:01	HLA-DQA1*02:01:01:01/HLA-DQA1*04:01:01:05		1.0	1.0	1.0	1.0	False	False		concordant (2-field)						
NA18508	HPRC-Rest	HLA-DQB1	HLA-DQB1*04:02:01:08/HLA-DQB1*02:02:01:01	HLA-DQB1*02:02:01:01/HLA-DQB1*04:02:01:08		1.0	1.0	1.0	1.0	False	False		concordant (2-field)						
NA18508	HPRC-Rest	HLA-DRB1	HLA-DRB1*03:02:01/HLA-DRB1*13:03:01	HLA-DRB1*03:02:01:01/HLA-DRB1*13:03:01:03		1.0	1.0	1.0	0.0	True	True		concordant (2-field)						
NA18522	HPRC-Rest	HLA-A	HLA-A*03:01:01:05/HLA-A*36:01:01:01	HLA-A*03:01:01:05/HLA-A*36:01:01:01		1.0	1.0	1.0	1.0	False	False		concordant (2-field)						
NA18522	HPRC-Rest	HLA-B	HLA-B*49:01:01:01/HLA-B*15:03:01:02	HLA-B*15:03:01:02/HLA-B*49:01:01:01		1.0	1.0	1.0	1.0	False	False		concordant (2-field)						
NA18522	HPRC-Rest	HLA-C	HLA-C*07:01:02:01/HLA-C*02:10:01:01	HLA-C*02:10:01:01/HLA-C*07:01:02:01		1.0	1.0	1.0	1.0	False	False		concordant (2-field)						
NA18522	HPRC-Rest	HLA-DQA1	HLA-DQA1*05:05:01:13/HLA-DQA1*01:02:01:04	HLA-DQA1*01:02:01:04/HLA-DQA1*05:05:01:13		1.0	1.0	1.0	1.0	False	False		concordant (2-field)						
NA18522	HPRC-Rest	HLA-DQB1	HLA-DQB1*03:01:01:03/HLA-DQB1*06:04:01:01	HLA-DQB1*03:01:01:03/HLA-DQB1*06:04:01:01		1.0	1.0	1.0	1.0	False	False		concordant (2-field)						
NA18522	HPRC-Rest	HLA-DRB1	HLA-DRB1*13:03:01:01/HLA-DRB1*13:01:01	HLA-DRB1*13:01:01:10/HLA-DRB1*13:03:01:01		1.0	1.0	1.0	0.0	True	True		concordant (2-field)						
NA18565	HPRC-EastAsian	HLA-A	HLA-A*24:02:01:01/HLA-A*11:01:01:01	HLA-A*11:01:01:01/HLA-A*24:02:01:01		1.0	1.0	1.0	1.0	False	False		concordant (2-field)						
NA18565	HPRC-EastAsian	HLA-B	HLA-B*51:01:01:01/HLA-B*15:25:01:01	HLA-B*15:25:01:01/HLA-B*51:01:01:01		1.0	1.0	1.0	1.0	False	False		concordant (2-field)						
NA18565	HPRC-EastAsian	HLA-C	HLA-C*14:02:01:01/HLA-C*07:02:01:01	HLA-C*07:02:01:01/HLA-C*14:02:01:01		1.0	1.0	1.0	1.0	False	False		concordant (2-field)						
NA18565	HPRC-EastAsian	HLA-DQA1	HLA-DQA1*03:02:01:01/HLA-DQA1*06:01:01:02	HLA-DQA1*03:02:01:01/HLA-DQA1*06:01:01:02		1.0	1.0	1.0	1.0	False	False		concordant (2-field)						
NA18565	HPRC-EastAsian	HLA-DQB1	HLA-DQB1*03:03:02:02/HLA-DQB1*03:01:01	HLA-DQB1*03:01:01:71/HLA-DQB1*03:03:02:02		1.0	1.0	1.0	0.0	True	False		concordant (2-field)						
NA18565	HPRC-EastAsian	HLA-DRB1	HLA-DRB1*09:01:02/HLA-DRB1*12:02:01	HLA-DRB1*09:01:02:04/HLA-DRB1*12:02:01:05		1.0	1.0	1.0	0.0	True	True		concordant (2-field)						
NA18570	HPRC-EastAsian	HLA-A	HLA-A*02:01:01:01/HLA-A*02:06:01:01	HLA-A*02:01:01:01/HLA-A*02:06:01:01		1.0	1.0	1.0	1.0	False	False		concordant (2-field)						
NA18570	HPRC-EastAsian	HLA-B	HLA-B*15:01:01:01/HLA-B*15:11:01	HLA-B*15:01:01:01/HLA-B*15:11:01:01		1.0	1.0	1.0	0.0	False	False		concordant (2-field)						
NA18570	HPRC-EastAsian	HLA-C	HLA-C*03:03:01:01/HLA-C*03:03:01:01	HLA-C*03:03:01:01/HLA-C*03:03:01:01		1.0	1.0	1.0	1.0	False	False		concordant (2-field)						
NA18570	HPRC-EastAsian	HLA-DQA1	HLA-DQA1*05:05:01:02/HLA-DQA1*03:01:01:01	HLA-DQA1*03:01:01:01/HLA-DQA1*05:05:01:02		1.0	1.0	1.0	1.0	False	False		concordant (2-field)						
NA18570	HPRC-EastAsian	HLA-DQB1	HLA-DQB1*03:01:01:03/HLA-DQB1*03:02:01:01	HLA-DQB1*03:01:01:03/HLA-DQB1*03:02:01:01		1.0	1.0	1.0	1.0	False	False		concordant (2-field)						
NA18570	HPRC-EastAsian	HLA-DRB1	HLA-DRB1*11:01:01/HLA-DRB1*04:04:01	HLA-DRB1*04:04:01:05/HLA-DRB1*11:01:01:01		1.0	1.0	1.0	0.0	True	True		concordant (2-field)						
NA18608	HPRC-EastAsian	HLA-A	HLA-A*24:02:01:01/HLA-A*31:01:02:01	HLA-A*24:02:01:01/HLA-A*31:01:02:01		1.0	1.0	1.0	1.0	False	False		concordant (2-field)						
NA18608	HPRC-EastAsian	HLA-B	HLA-B*48:01:01:02/HLA-B*51:01:01:113	HLA-B*48:01:01:02/HLA-B*51:01:01:113		1.0	1.0	1.0	1.0	False	False		concordant (2-field)						
NA18608	HPRC-EastAsian	HLA-C	HLA-C*08:01:01:01/HLA-C*15:02:01:01	HLA-C*08:01:01:01/HLA-C*15:02:01:01		1.0	1.0	1.0	1.0	False	False		concordant (2-field)						
NA18608	HPRC-EastAsian	HLA-DQA1	HLA-DQA1*01:04:01:02/HLA-DQA1*01:04:01:02	HLA-DQA1*01:04:01:02/HLA-DQA1*01:04:01:02		1.0	1.0	1.0	1.0	False	False		concordant (2-field)						
NA18608	HPRC-EastAsian	HLA-DQB1	HLA-DQB1*05:03:01:02/HLA-DQB1*05:03:01:10	HLA-DQB1*05:03:01:02/HLA-DQB1*05:03:01:10		1.0	1.0	1.0	1.0	False	False		concordant (2-field)						
NA18608	HPRC-EastAsian	HLA-DRB1	HLA-DRB1*14:05:01/HLA-DRB1*14:07:01	HLA-DRB1*14:05:01:02/HLA-DRB1*14:07:01		1.0	1.0	1.0	0.0	True	True		concordant (2-field)						
NA18620	HPRC-EastAsian	HLA-A	HLA-A*32:01:01:01/HLA-A*02:01:01:01	HLA-A*02:01:01:01/HLA-A*32:01:01:01		1.0	1.0	1.0	1.0	False	False		concordant (2-field)						
NA18620	HPRC-EastAsian	HLA-B	HLA-B*40:01:02:40/HLA-B*48:01:01	HLA-B*40:01:02:40/HLA-B*48:01:01:15		1.0	1.0	1.0	0.0	True	False		concordant (2-field)						
NA18620	HPRC-EastAsian	HLA-C	HLA-C*07:02:01:15/HLA-C*04:81	HLA-C*04:81/HLA-C*07:02:01:15		1.0	1.0	1.0	1.0	True	True		concordant (2-field)						
NA18620	HPRC-EastAsian	HLA-DQA1	HLA-DQA1*06:01:01:02/HLA-DQA1*05:05:01:06	HLA-DQA1*05:05:01:06/HLA-DQA1*06:01:01:02		1.0	1.0	1.0	1.0	False	False		concordant (2-field)						
NA18620	HPRC-EastAsian	HLA-DQB1	HLA-DQB1*03:01:01:22/HLA-DQB1*03:01:01:01	HLA-DQB1*03:01:01:01/HLA-DQB1*03:01:01:22		1.0	1.0	1.0	1.0	False	False		concordant (2-field)						
NA18620	HPRC-EastAsian	HLA-DRB1	HLA-DRB1*12:02:01/HLA-DRB1*12:01:01	HLA-DRB1*12:01:01:07/HLA-DRB1*12:02:01:05		1.0	1.0	1.0	0.0	True	True		concordant (2-field)						
NA18747	HPRC-EastAsian	HLA-A	HLA-A*02:01:01:01/HLA-A*01:01:01:01	HLA-A*01:01:01:01/HLA-A*02:01:01:01		1.0	1.0	1.0	1.0	False	False		concordant (2-field)						
NA18747	HPRC-EastAsian	HLA-B	HLA-B*15:27:01:01/HLA-B*35:03:01:01	HLA-B*15:27:01:01/HLA-B*35:03:01:01		1.0	1.0	1.0	1.0	False	False		concordant (2-field)						
NA18747	HPRC-EastAsian	HLA-C	HLA-C*04:01:01:14/HLA-C*04:01:01:14	HLA-C*04:01:01:14/HLA-C*04:01:01:14		1.0	1.0	1.0	1.0	False	False		concordant (2-field)						
NA18747	HPRC-EastAsian	HLA-DQA1	HLA-DQA1*01:04:01:01/HLA-DQA1*01:02:01:03	HLA-DQA1*01:02:01:03/HLA-DQA1*01:04:01:01		1.0	1.0	1.0	1.0	False	False		concordant (2-field)						
NA18747	HPRC-EastAsian	HLA-DQB1	HLA-DQB1*05:03:01:02/HLA-DQB1*06:02:01:01	HLA-DQB1*05:03:01:02/HLA-DQB1*06:02:01:01		1.0	1.0	1.0	1.0	False	False		concordant (2-field)						
NA18747	HPRC-EastAsian	HLA-DRB1	HLA-DRB1*14:05:01/HLA-DRB1*15:01:01:03	HLA-DRB1*14:05:01:02/HLA-DRB1*15:01:01:03		1.0	1.0	1.0	0.0	True	True		concordant (2-field)						
NA18879	HPRC-Rest	HLA-A	HLA-A*23:17:01:01/HLA-A*03:01:01:05	HLA-A*03:01:01:05/HLA-A*23:17:01:01		1.0	1.0	1.0	1.0	False	False		concordant (2-field)						
NA18879	HPRC-Rest	HLA-B	HLA-B*42:01:01:01/HLA-B*35:01:01:06	HLA-B*35:01:01:06/HLA-B*42:01:01:01		1.0	1.0	1.0	1.0	False	False		concordant (2-field)						
NA18879	HPRC-Rest	HLA-C	HLA-C*17:01:01:02/HLA-C*04:01:01:14	HLA-C*04:01:01:14/HLA-C*17:01:01:02		1.0	1.0	1.0	1.0	False	False		concordant (2-field)						
NA18879	HPRC-Rest	HLA-DQA1	HLA-DQA1*01:05:01:02/HLA-DQA1*01:03:01:10	HLA-DQA1*01:03:01:10/HLA-DQA1*01:05:01:02		1.0	1.0	1.0	1.0	False	False		concordant (2-field)						
NA18879	HPRC-Rest	HLA-DQB1	HLA-DQB1*05:01:01:02/HLA-DQB1*06:03:01:02	HLA-DQB1*05:01:01:02/HLA-DQB1*06:03:01:02		1.0	1.0	1.0	1.0	False	False		concordant (2-field)						
NA18879	HPRC-Rest	HLA-DRB1	HLA-DRB1*03:02:01/HLA-DRB1*13:01:01	HLA-DRB1*03:02:01:01/HLA-DRB1*13:01:01:10		1.0	1.0	1.0	0.0	True	True		concordant (2-field)						
NA18906	HPRC-Rest	HLA-A	HLA-A*36:01:01:01/HLA-A*74:01:01:01	HLA-A*36:01:01:01/HLA-A*74:01:01:01		1.0	1.0	1.0	1.0	False	False		concordant (2-field)						
NA18906	HPRC-Rest	HLA-B	HLA-B*53:01:01:01/HLA-B*15:03:01:02	HLA-B*15:03:01:02/HLA-B*53:01:01:01		1.0	1.0	1.0	1.0	False	False		concordant (2-field)						
NA18906	HPRC-Rest	HLA-C	HLA-C*04:01:01:75/HLA-C*02:10:04	HLA-C*02:10:04/HLA-C*04:01:01:75		1.0	1.0	1.0	1.0	False	False		concordant (2-field)						
NA18906	HPRC-Rest	HLA-DQA1	HLA-DQA1*01:02:01:03/HLA-DQA1*01:03:01:10	HLA-DQA1*01:02:01:03/HLA-DQA1*01:03:01:10		1.0	1.0	1.0	1.0	False	False		concordant (2-field)						
NA18906	HPRC-Rest	HLA-DQB1	HLA-DQB1*06:02:01:04/HLA-DQB1*05:01:01:01	HLA-DQB1*05:01:01:01/HLA-DQB1*06:02:01:04		1.0	1.0	1.0	1.0	False	False		concordant (2-field)						
NA18906	HPRC-Rest	HLA-DRB1	HLA-DRB1*11:01:02/HLA-DRB1*13:01:01	HLA-DRB1*11:01:02:03/HLA-DRB1*13:01:01:10		1.0	1.0	1.0	0.0	True	True		concordant (2-field)						
NA18940	HPRC-Japanese	HLA-A	HLA-A*24:02:01:01/HLA-A*24:02:01:01	HLA-A*24:02:01:01/HLA-A*24:02:01:01		1.0	1.0	1.0	1.0	False	False		concordant (2-field)						
NA18940	HPRC-Japanese	HLA-B	HLA-B*52:01:01:02/HLA-B*46:01:01:01	HLA-B*46:01:01:01/HLA-B*52:01:01:02		1.0	1.0	1.0	1.0	False	False		concordant (2-field)						
NA18940	HPRC-Japanese	HLA-C	HLA-C*12:02:02:01/HLA-C*01:03:01	HLA-C*01:03:01/HLA-C*12:02:02:01		1.0	1.0	1.0	1.0	False	False		concordant (2-field)						
NA18940	HPRC-Japanese	HLA-DQA1	HLA-DQA1*01:03:01:01/HLA-DQA1*04:01:01:02	HLA-DQA1*01:03:01:01/HLA-DQA1*04:01:01:02		1.0	1.0	1.0	1.0	False	False		concordant (2-field)						
NA18940	HPRC-Japanese	HLA-DQB1	HLA-DQB1*06:01:01:01/HLA-DQB1*04:02:01:07	HLA-DQB1*04:02:01:07/HLA-DQB1*06:01:01:01		1.0	1.0	1.0	1.0	False	False		concordant (2-field)						
NA18940	HPRC-Japanese	HLA-DRB1	HLA-DRB1*15:02:01/HLA-DRB1*08:02:01	HLA-DRB1*08:02:01:01/HLA-DRB1*15:02:01:03		1.0	1.0	1.0	0.0	True	True		concordant (2-field)						
NA18940.JaSaPaGe	JaSaPaGe-Japanese	HLA-A	HLA-A*24:02:01:01/HLA-A*24:02:01:01	HLA-A*24:02:01:01/HLA-A*24:02:01:01		1.0	1.0	1.0	1.0	False	False		concordant (2-field)						
NA18940.JaSaPaGe	JaSaPaGe-Japanese	HLA-B	HLA-B*52:01:01:02/HLA-B*46:01:01:01	HLA-B*46:01:01:01/HLA-B*52:01:01:02		1.0	1.0	1.0	1.0	False	False		concordant (2-field)						
NA18940.JaSaPaGe	JaSaPaGe-Japanese	HLA-C	HLA-C*12:02:02:01/HLA-C*01:03:01	HLA-C*01:03:01/HLA-C*12:02:02:01		1.0	1.0	1.0	1.0	False	False		concordant (2-field)						
NA18940.JaSaPaGe	JaSaPaGe-Japanese	HLA-DQA1	HLA-DQA1*01:03:01:01/HLA-DQA1*04:01:01:02	HLA-DQA1*01:03:01:01/HLA-DQA1*04:01:01:02		1.0	1.0	1.0	1.0	False	False		concordant (2-field)						
NA18940.JaSaPaGe	JaSaPaGe-Japanese	HLA-DQB1	HLA-DQB1*06:01:01:01/HLA-DQB1*04:02:01:07	HLA-DQB1*04:02:01:07/HLA-DQB1*06:01:01:01		1.0	1.0	1.0	1.0	False	False		concordant (2-field)						
NA18940.JaSaPaGe	JaSaPaGe-Japanese	HLA-DRB1	HLA-DRB1*15:02:01/HLA-DRB1*08:02:01	HLA-DRB1*08:02:01:01/HLA-DRB1*15:02:01:03		1.0	1.0	1.0	0.0	True	True		concordant (2-field)						
NA18943	HPRC-Japanese	HLA-A	HLA-A*02:07:01:01/HLA-A*02:06:01:01	HLA-A*02:06:01:01/HLA-A*02:07:01:01		1.0	1.0	1.0	1.0	False	False		concordant (2-field)						
NA18943	HPRC-Japanese	HLA-B	HLA-B*46:01:01:01/HLA-B*35:01:01:02	HLA-B*35:01:01:02/HLA-B*46:01:01:01		1.0	1.0	1.0	1.0	False	False		concordant (2-field)						
NA18943	HPRC-Japanese	HLA-C	HLA-C*01:02:01:01/HLA-C*03:03:01:01	HLA-C*01:02:01:01/HLA-C*03:03:01:01		1.0	1.0	1.0	1.0	False	False		concordant (2-field)						
NA18943	HPRC-Japanese	HLA-DQA1	HLA-DQA1*01:03:01:07/HLA-DQA1*04:01:01:02	HLA-DQA1*01:03:01:07/HLA-DQA1*04:01:01:02		1.0	1.0	1.0	1.0	False	False		concordant (2-field)						
NA18943	HPRC-Japanese	HLA-DQB1	HLA-DQB1*06:01:01:01/HLA-DQB1*04:02:01:04	HLA-DQB1*04:02:01:04/HLA-DQB1*06:01:01:01		1.0	1.0	1.0	1.0	False	False		concordant (2-field)						
NA18943	HPRC-Japanese	HLA-DRB1	HLA-DRB1*08:03:02:02/HLA-DRB1*08:02:01:01	HLA-DRB1*08:02:01:01/HLA-DRB1*08:03:02:02		1.0	1.0	1.0	1.0	False	False		concordant (2-field)						
NA18943.JaSaPaGe	JaSaPaGe-Japanese	HLA-A	HLA-A*02:07:01:01/HLA-A*02:06:01:01	HLA-A*02:06:01:01/HLA-A*02:07:01:01		1.0	1.0	1.0	1.0	False	False		concordant (2-field)						
NA18943.JaSaPaGe	JaSaPaGe-Japanese	HLA-B	HLA-B*46:01:01:01/HLA-B*35:01:01:02	HLA-B*35:01:01:02/HLA-B*46:01:01:01		1.0	1.0	1.0	1.0	False	False		concordant (2-field)						
NA18943.JaSaPaGe	JaSaPaGe-Japanese	HLA-C	HLA-C*01:02:01:01/HLA-C*03:03:01:01	HLA-C*01:02:01:01/HLA-C*03:03:01:01		1.0	1.0	1.0	1.0	False	False		concordant (2-field)						
NA18943.JaSaPaGe	JaSaPaGe-Japanese	HLA-DQA1	HLA-DQA1*01:03:01:07/HLA-DQA1*04:01:01:02	HLA-DQA1*01:03:01:07/HLA-DQA1*04:01:01:02		1.0	1.0	1.0	1.0	False	False		concordant (2-field)						
NA18943.JaSaPaGe	JaSaPaGe-Japanese	HLA-DQB1	HLA-DQB1*06:01:01:01/HLA-DQB1*04:02:01:04	HLA-DQB1*04:02:01:04/HLA-DQB1*06:01:01:01		1.0	1.0	1.0	1.0	False	False		concordant (2-field)						
NA18943.JaSaPaGe	JaSaPaGe-Japanese	HLA-DRB1	HLA-DRB1*08:03:02:02/HLA-DRB1*08:02:01:01	HLA-DRB1*08:02:01:01/HLA-DRB1*08:03:02:02		1.0	1.0	1.0	1.0	False	False		concordant (2-field)						
NA18944	HPRC-Japanese	HLA-A	HLA-A*02:06:01:01/HLA-A*24:02:01:01	HLA-A*02:06:01:01/HLA-A*24:02:01:01		1.0	1.0	1.0	1.0	False	False		concordant (2-field)						
NA18944	HPRC-Japanese	HLA-B	HLA-B*51:01:01:01/HLA-B*40:02:01:01	HLA-B*40:02:01:01/HLA-B*51:01:01:01		1.0	1.0	1.0	1.0	False	False		concordant (2-field)						
NA18944	HPRC-Japanese	HLA-C	HLA-C*14:02:01:01/HLA-C*03:04:01:02	HLA-C*03:04:01:02/HLA-C*14:02:01:01		1.0	1.0	1.0	1.0	False	False		concordant (2-field)						
NA18944	HPRC-Japanese	HLA-DQA1	HLA-DQA1*03:01:01:01/HLA-DQA1*04:01:01:12	HLA-DQA1*03:01:01:01/HLA-DQA1*04:01:01:12		1.0	1.0	1.0	1.0	False	False		concordant (2-field)						
NA18944	HPRC-Japanese	HLA-DQB1	HLA-DQB1*03:02:01:01/HLA-DQB1*03:02:01:01	HLA-DQB1*03:02:01:01/HLA-DQB1*03:02:01:01		1.0	1.0	1.0	1.0	False	False		concordant (2-field)						
NA18944	HPRC-Japanese	HLA-DRB1	HLA-DRB1*12:01:01:08/HLA-DRB1*08:02:01	HLA-DRB1*08:02:01:01/HLA-DRB1*12:01:01:08		1.0	1.0	1.0	0.0	True	True		concordant (2-field)						
NA18945	HPRC-Japanese	HLA-A	HLA-A*33:03:01:01/HLA-A*31:01:02:01	HLA-A*31:01:02:01/HLA-A*33:03:01:01		1.0	1.0	1.0	1.0	False	False		concordant (2-field)						
NA18945	HPRC-Japanese	HLA-B	HLA-B*44:03:01:10/HLA-B*15:01:01:01	HLA-B*15:01:01:01/HLA-B*44:03:01:10		1.0	1.0	1.0	1.0	False	False		concordant (2-field)						
NA18945	HPRC-Japanese	HLA-C	HLA-C*14:03:01:01/HLA-C*07:02:01:127	HLA-C*07:02:01:127/HLA-C*14:03:01:01		1.0	1.0	1.0	1.0	False	False		concordant (2-field)						
NA18945	HPRC-Japanese	HLA-DQA1	HLA-DQA1*01:02:01:08/HLA-DQA1*03:02:01:01	HLA-DQA1*01:02:01:08/HLA-DQA1*03:02:01:01		1.0	1.0	1.0	1.0	False	False		concordant (2-field)						
NA18945	HPRC-Japanese	HLA-DQB1	HLA-DQB1*06:04:01:01/HLA-DQB1*03:03:02:02	HLA-DQB1*03:03:02:02/HLA-DQB1*06:04:01:01		1.0	1.0	1.0	1.0	False	False		concordant (2-field)						
NA18945	HPRC-Japanese	HLA-DRB1	HLA-DRB1*13:02:01/HLA-DRB1*09:01:02	HLA-DRB1*09:01:02:03/HLA-DRB1*13:02:01:02		1.0	1.0	1.0	0.0	True	True		concordant (2-field)						
NA18945.JaSaPaGe	JaSaPaGe-Japanese	HLA-A	HLA-A*31:01:02:01/HLA-A*33:03:01:01	HLA-A*31:01:02:01/HLA-A*33:03:01:01		1.0	1.0	1.0	1.0	False	False		concordant (2-field)						
NA18945.JaSaPaGe	JaSaPaGe-Japanese	HLA-B	HLA-B*15:01:01:01/HLA-B*44:03:01:10	HLA-B*15:01:01:01/HLA-B*44:03:01:10		1.0	1.0	1.0	1.0	False	False		concordant (2-field)						
NA18945.JaSaPaGe	JaSaPaGe-Japanese	HLA-C	HLA-C*07:02:01:127/HLA-C*14:03:01:01	HLA-C*07:02:01:127/HLA-C*14:03:01:01		1.0	1.0	1.0	1.0	False	False		concordant (2-field)						
NA18945.JaSaPaGe	JaSaPaGe-Japanese	HLA-DQA1	HLA-DQA1*03:02:01:01/HLA-DQA1*01:02:01:08	HLA-DQA1*01:02:01:08/HLA-DQA1*03:02:01:01		1.0	1.0	1.0	1.0	False	False		concordant (2-field)						
NA18945.JaSaPaGe	JaSaPaGe-Japanese	HLA-DQB1	HLA-DQB1*03:03:02:02/HLA-DQB1*06:04:01:01	HLA-DQB1*03:03:02:02/HLA-DQB1*06:04:01:01		1.0	1.0	1.0	1.0	False	False		concordant (2-field)						
NA18945.JaSaPaGe	JaSaPaGe-Japanese	HLA-DRB1	HLA-DRB1*09:01:02/HLA-DRB1*13:02:01	HLA-DRB1*09:01:02:03/HLA-DRB1*13:02:01:02		1.0	1.0	1.0	0.0	True	True		concordant (2-field)						
NA18948	HPRC-Japanese	HLA-A	HLA-A*30:01:01:01/HLA-A*26:01:01:01	HLA-A*26:01:01:01/HLA-A*30:01:01:01		1.0	1.0	1.0	1.0	False	False		concordant (2-field)						
NA18948	HPRC-Japanese	HLA-B	HLA-B*13:02:01:01/HLA-B*07:02:01:01	HLA-B*07:02:01:01/HLA-B*13:02:01:01		1.0	1.0	1.0	1.0	False	False		concordant (2-field)						
NA18948	HPRC-Japanese	HLA-C	HLA-C*06:02:01:01/HLA-C*07:02:01:03	HLA-C*06:02:01:01/HLA-C*07:02:01:03		1.0	1.0	1.0	1.0	False	False		concordant (2-field)						
NA18948	HPRC-Japanese	HLA-DQA1	HLA-DQA1*02:01:01:02/HLA-DQA1*01:01:01:01	HLA-DQA1*01:01:01:01/HLA-DQA1*02:01:01:02		1.0	1.0	1.0	1.0	False	False		concordant (2-field)						
NA18948	HPRC-Japanese	HLA-DQB1	HLA-DQB1*02:02:01:01/HLA-DQB1*05:01:01:03	HLA-DQB1*02:02:01:01/HLA-DQB1*05:01:01:03		1.0	1.0	1.0	1.0	False	False		concordant (2-field)						
NA18948	HPRC-Japanese	HLA-DRB1	HLA-DRB1*07:01:01:01/HLA-DRB1*01:01:01:01	HLA-DRB1*01:01:01:01/HLA-DRB1*07:01:01:01		1.0	1.0	1.0	1.0	False	False		concordant (2-field)						
NA18952	HPRC-Japanese	HLA-A	HLA-A*24:02:01:01/HLA-A*31:01:02:01	HLA-A*24:02:01:01/HLA-A*31:01:02:01		1.0	1.0	1.0	1.0	False	False		concordant (2-field)						
NA18952	HPRC-Japanese	HLA-B	HLA-B*07:02:01:01/HLA-B*51:01:01:01	HLA-B*07:02:01:01/HLA-B*51:01:01:01		1.0	1.0	1.0	1.0	False	False		concordant (2-field)						
NA18952	HPRC-Japanese	HLA-C	HLA-C*07:02:01:03/HLA-C*14:02:01:01	HLA-C*07:02:01:03/HLA-C*14:02:01:01		1.0	1.0	1.0	1.0	False	False		concordant (2-field)						
NA18952	HPRC-Japanese	HLA-DQA1	HLA-DQA1*01:04:01:02/HLA-DQA1*03:02:01:01	HLA-DQA1*01:04:01:02/HLA-DQA1*03:02:01:01		1.0	1.0	1.0	1.0	False	False		concordant (2-field)						
NA18952	HPRC-Japanese	HLA-DQB1	HLA-DQB1*05:03:01:04/HLA-DQB1*03:03:02:03	HLA-DQB1*03:03:02:03/HLA-DQB1*05:03:01:04		1.0	1.0	1.0	1.0	False	False		concordant (2-field)						
NA18952	HPRC-Japanese	HLA-DRB1	HLA-DRB1*14:54:01/HLA-DRB1*09:01:02	HLA-DRB1*09:01:02:03/HLA-DRB1*14:54:01:08		1.0	1.0	1.0	0.0	True	True		concordant (2-field)						
NA18952.JaSaPaGe	JaSaPaGe-Japanese	HLA-A	HLA-A*31:01:02:01/HLA-A*31:01:02:01	HLA-A*31:01:02:01/HLA-A*31:01:02:01		1.0	1.0	1.0	1.0	False	False		concordant (2-field)						
NA18952.JaSaPaGe	JaSaPaGe-Japanese	HLA-B	HLA-B*51:01:01:01/HLA-B*51:01:01:01	HLA-B*51:01:01:01/HLA-B*51:01:01:01		1.0	1.0	1.0	1.0	False	False		concordant (2-field)						
NA18952.JaSaPaGe	JaSaPaGe-Japanese	HLA-C	HLA-C*14:02:01:01/HLA-C*14:02:01:01	HLA-C*14:02:01:01/HLA-C*14:02:01:01		1.0	1.0	1.0	1.0	False	False		concordant (2-field)						
NA18952.JaSaPaGe	JaSaPaGe-Japanese	HLA-DQA1	HLA-DQA1*03:02:01:01/HLA-DQA1*03:02:01:01	HLA-DQA1*03:02:01:01/HLA-DQA1*03:02:01:01		1.0	1.0	1.0	1.0	False	False		concordant (2-field)						
NA18952.JaSaPaGe	JaSaPaGe-Japanese	HLA-DQB1	HLA-DQB1*03:03:02:03/HLA-DQB1*03:03:02:03	HLA-DQB1*03:03:02:03/HLA-DQB1*03:03:02:03		1.0	1.0	1.0	1.0	False	False		concordant (2-field)						
NA18952.JaSaPaGe	JaSaPaGe-Japanese	HLA-DRB1	HLA-DRB1*09:01:02/HLA-DRB1*09:01:02	HLA-DRB1*09:01:02:03/HLA-DRB1*09:59		1.0	0.0	0.0	0.0	True	True	2.0	FuFiHLA artefact (consensus not present in the assembly)						
NA18959	HPRC-Japanese	HLA-A	HLA-A*24:02:01:01/HLA-A*11:01:01:01	HLA-A*11:01:01:01/HLA-A*24:02:01:01		1.0	1.0	1.0	1.0	False	False		concordant (2-field)						
NA18959	HPRC-Japanese	HLA-B	HLA-B*52:01:01:02/HLA-B*67:01:01	HLA-B*52:01:01:02/HLA-B*67:01:01		1.0	1.0	1.0	1.0	False	False		concordant (2-field)						
NA18959	HPRC-Japanese	HLA-C	HLA-C*12:02:02:01/HLA-C*07:02:01:01	HLA-C*07:02:01:01/HLA-C*12:02:02:01		1.0	1.0	1.0	1.0	False	False		concordant (2-field)						
NA18959	HPRC-Japanese	HLA-DQA1	HLA-DQA1*01:03:01:01/HLA-DQA1*01:02:01:03	HLA-DQA1*01:02:01:03/HLA-DQA1*01:03:01:01		1.0	1.0	1.0	1.0	False	False		concordant (2-field)						
NA18959	HPRC-Japanese	HLA-DQB1	HLA-DQB1*06:01:01:01/HLA-DQB1*06:02:01:01	HLA-DQB1*06:01:01:01/HLA-DQB1*06:02:01:01		1.0	1.0	1.0	1.0	False	False		concordant (2-field)						
NA18959	HPRC-Japanese	HLA-DRB1	HLA-DRB1*15:02:01/HLA-DRB1*15:01:01:03	HLA-DRB1*15:01:01:03/HLA-DRB1*15:02:01:03		1.0	1.0	1.0	0.0	True	True		concordant (2-field)						
NA18960	HPRC-Japanese	HLA-A	HLA-A*24:02:01:01/HLA-A*24:02:01:01	HLA-A*24:02:01:01/HLA-A*24:02:01:01		1.0	1.0	1.0	1.0	False	False		concordant (2-field)						
NA18960	HPRC-Japanese	HLA-B	HLA-B*40:06:01:12/HLA-B*54:01:01:01	HLA-B*40:06:01:12/HLA-B*54:01:01:01		1.0	1.0	1.0	1.0	False	False		concordant (2-field)						
NA18960	HPRC-Japanese	HLA-C	HLA-C*08:01:01:01/HLA-C*01:02:01:05	HLA-C*01:02:01:05/HLA-C*08:01:01:01		1.0	1.0	1.0	1.0	False	False		concordant (2-field)						
NA18960	HPRC-Japanese	HLA-DQA1	HLA-DQA1*03:02:01:01/HLA-DQA1*03:03:01:03	HLA-DQA1*03:02:01:01/HLA-DQA1*03:03:01:03		1.0	1.0	1.0	1.0	False	False		concordant (2-field)						
NA18960	HPRC-Japanese	HLA-DQB1	HLA-DQB1*03:03:02:02/HLA-DQB1*04:01:01:03	HLA-DQB1*03:03:02:02/HLA-DQB1*04:01:01:03		1.0	1.0	1.0	1.0	False	False		concordant (2-field)						
NA18960	HPRC-Japanese	HLA-DRB1	HLA-DRB1*09:01:02/HLA-DRB1*04:05:01	HLA-DRB1*04:05:01:04/HLA-DRB1*09:01:02:03		1.0	1.0	1.0	0.0	True	True		concordant (2-field)						
NA18967	HPRC-Japanese	HLA-A	HLA-A*24:02:01:01/HLA-A*24:02:01:01	HLA-A*24:02:01:01/HLA-A*24:02:01:01		1.0	1.0	1.0	1.0	False	False		concordant (2-field)						
NA18967	HPRC-Japanese	HLA-B	HLA-B*40:02:01:01/HLA-B*51:01:01:01	HLA-B*40:02:01:01/HLA-B*51:01:01:01		1.0	1.0	1.0	1.0	False	False		concordant (2-field)						
NA18967	HPRC-Japanese	HLA-C	HLA-C*03:04:01:02/HLA-C*14:02:01:01	HLA-C*03:04:01:02/HLA-C*14:02:01:01		1.0	1.0	1.0	1.0	False	False		concordant (2-field)						
NA18967	HPRC-Japanese	HLA-DQA1	HLA-DQA1*01:04:01:02/HLA-DQA1*03:02:01:01	HLA-DQA1*01:04:01:02/HLA-DQA1*03:02:01:01		1.0	1.0	1.0	1.0	False	False		concordant (2-field)						
NA18967	HPRC-Japanese	HLA-DQB1	HLA-DQB1*05:03:01:02/HLA-DQB1*03:03:02:02	HLA-DQB1*03:03:02:02/HLA-DQB1*05:03:01:02		1.0	1.0	1.0	1.0	False	False		concordant (2-field)						
NA18967	HPRC-Japanese	HLA-DRB1	HLA-DRB1*14:05:01/HLA-DRB1*09:01:02	HLA-DRB1*09:01:02:04/HLA-DRB1*14:05:01:04		1.0	1.0	1.0	0.0	True	True		concordant (2-field)						
NA18970	HPRC-Japanese	HLA-A	HLA-A*26:01:01:12/HLA-A*24:02:01:01	HLA-A*24:02:01:01/HLA-A*26:01:01:12		1.0	1.0	1.0	1.0	False	False		concordant (2-field)						
NA18970	HPRC-Japanese	HLA-B	HLA-B*54:01:01:01/HLA-B*15:18:01:02	HLA-B*15:18:01:02/HLA-B*54:01:01:01		1.0	1.0	1.0	1.0	False	False		concordant (2-field)						
NA18970	HPRC-Japanese	HLA-C	HLA-C*01:02:01:05/HLA-C*07:04:01:01	HLA-C*01:02:01:05/HLA-C*07:04:01:01		1.0	1.0	1.0	1.0	False	False		concordant (2-field)						
NA18970	HPRC-Japanese	HLA-DQA1	HLA-DQA1*01:04:01:01/HLA-DQA1*03:03:01:01	HLA-DQA1*01:04:01:01/HLA-DQA1*03:03:01:01		1.0	1.0	1.0	1.0	False	False		concordant (2-field)						
NA18970	HPRC-Japanese	HLA-DQB1	HLA-DQB1*05:03:01:02/HLA-DQB1*03:276	HLA-DQB1*03:276/HLA-DQB1*05:03:01:02		1.0	1.0	1.0	1.0	False	False		concordant (2-field)						
NA18970	HPRC-Japanese	HLA-DRB1	HLA-DRB1*14:05:01/HLA-DRB1*04:01:01	HLA-DRB1*04:01:01:01/HLA-DRB1*14:05:01:02		1.0	1.0	1.0	0.0	True	True		concordant (2-field)						
NA18970.JaSaPaGe	JaSaPaGe-Japanese	HLA-A	HLA-A*26:01:01:12/HLA-A*24:02:01:01	HLA-A*24:02:01:01/HLA-A*26:01:01:12		1.0	1.0	1.0	1.0	False	False		concordant (2-field)						
NA18970.JaSaPaGe	JaSaPaGe-Japanese	HLA-B	HLA-B*54:01:01:01/HLA-B*15:18:01:02	HLA-B*15:18:01:02/HLA-B*54:01:01:01		1.0	1.0	1.0	1.0	False	False		concordant (2-field)						
NA18970.JaSaPaGe	JaSaPaGe-Japanese	HLA-C	HLA-C*01:02:01:05/HLA-C*07:04:01:01	HLA-C*01:02:01:05/HLA-C*07:04:01:01		1.0	1.0	1.0	1.0	False	False		concordant (2-field)						
NA18970.JaSaPaGe	JaSaPaGe-Japanese	HLA-DQA1	HLA-DQA1*01:04:01:01/HLA-DQA1*03:03:01:01	HLA-DQA1*01:04:01:01/HLA-DQA1*03:03:01:01		1.0	1.0	1.0	1.0	False	False		concordant (2-field)						
NA18970.JaSaPaGe	JaSaPaGe-Japanese	HLA-DQB1	HLA-DQB1*05:03:01:02/HLA-DQB1*03:276	HLA-DQB1*03:276/HLA-DQB1*05:03:01:02		1.0	1.0	1.0	1.0	False	False		concordant (2-field)						
NA18970.JaSaPaGe	JaSaPaGe-Japanese	HLA-DRB1	HLA-DRB1*14:05:01/HLA-DRB1*04:01:01	HLA-DRB1*04:01:01:01/HLA-DRB1*14:05:01:02		1.0	1.0	1.0	0.0	True	True		concordant (2-field)						
NA18971	HPRC-Japanese	HLA-A	HLA-A*24:02:01:01/HLA-A*02:06:01:04	HLA-A*02:06:01:04/HLA-A*24:02:01:01		1.0	1.0	1.0	1.0	False	False		concordant (2-field)						
NA18971	HPRC-Japanese	HLA-B	HLA-B*40:02:01:01/HLA-B*40:02:01:01	HLA-B*40:02:01:01/HLA-B*40:02:01:01		1.0	1.0	1.0	1.0	False	False		concordant (2-field)						
NA18971	HPRC-Japanese	HLA-C	HLA-C*03:04:01:02/HLA-C*07:02:01:01	HLA-C*03:04:01:02/HLA-C*07:02:01:01		1.0	1.0	1.0	1.0	False	False		concordant (2-field)						
NA18971	HPRC-Japanese	HLA-DQA1	HLA-DQA1*03:02:01:01/HLA-DQA1*01:04:01:02	HLA-DQA1*01:04:01:02/HLA-DQA1*03:02:01:01		1.0	1.0	1.0	1.0	False	False		concordant (2-field)						
NA18971	HPRC-Japanese	HLA-DQB1	HLA-DQB1*03:03:02:02/HLA-DQB1*05:03:01:01	HLA-DQB1*03:03:02:02/HLA-DQB1*05:03:01:01		1.0	1.0	1.0	1.0	False	False		concordant (2-field)						
NA18971	HPRC-Japanese	HLA-DRB1	HLA-DRB1*09:01:02/HLA-DRB1*14:54:01	HLA-DRB1*09:01:02:03/HLA-DRB1*14:54:01:02		1.0	1.0	1.0	0.0	True	True		concordant (2-field)						
NA18974	HPRC-Japanese	HLA-A	HLA-A*26:01:01:01/HLA-A*02:01:01:01	HLA-A*02:01:01:01/HLA-A*26:01:01:01		1.0	1.0	1.0	1.0	False	False		concordant (2-field)						
NA18974	HPRC-Japanese	HLA-B	HLA-B*40:01:02:06/HLA-B*39:01:03	HLA-B*39:01:03:01/HLA-B*40:01:02:06		1.0	1.0	1.0	0.0	True	True		concordant (2-field)						
NA18974	HPRC-Japanese	HLA-C	HLA-C*07:02:01:01/HLA-C*07:02:01:01	HLA-C*07:02:01:01/HLA-C*07:02:01:01		1.0	1.0	1.0	1.0	False	False		concordant (2-field)						
NA18974	HPRC-Japanese	HLA-DQA1	HLA-DQA1*03:02:01:01/HLA-DQA1*01:02:01:03	HLA-DQA1*01:02:01:03/HLA-DQA1*03:02:01:01		1.0	1.0	1.0	1.0	False	False		concordant (2-field)						
NA18974	HPRC-Japanese	HLA-DQB1	HLA-DQB1*03:03:02:02/HLA-DQB1*06:02:01:01	HLA-DQB1*03:03:02:02/HLA-DQB1*06:02:01:01		1.0	1.0	1.0	1.0	False	False		concordant (2-field)						
NA18974	HPRC-Japanese	HLA-DRB1	HLA-DRB1*09:01:02/HLA-DRB1*15:01:01:03	HLA-DRB1*09:01:02:03/HLA-DRB1*15:01:01:03		1.0	1.0	1.0	0.0	True	True		concordant (2-field)						
NA18976	HPRC-Japanese	HLA-A	HLA-A*33:03:01:01/HLA-A*33:03:01:01	HLA-A*33:03:01:01/HLA-A*33:03:01:01		1.0	1.0	1.0	1.0	False	False		concordant (2-field)						
NA18976	HPRC-Japanese	HLA-B	HLA-B*44:03:01:10/HLA-B*44:03:01:10	HLA-B*44:03:01:10/HLA-B*44:03:01:10		1.0	1.0	1.0	1.0	False	False		concordant (2-field)						
NA18976	HPRC-Japanese	HLA-C	HLA-C*14:03:01:01/HLA-C*14:03:01:01	HLA-C*14:03:01:01/HLA-C*14:03:01:01		1.0	1.0	1.0	1.0	False	False		concordant (2-field)						
NA18976	HPRC-Japanese	HLA-DQA1	HLA-DQA1*01:02:01:08/HLA-DQA1*01:02:01:08	HLA-DQA1*01:02:01:08/HLA-DQA1*01:02:01:08		1.0	1.0	1.0	1.0	False	False		concordant (2-field)						
NA18976	HPRC-Japanese	HLA-DQB1	HLA-DQB1*06:04:01:01/HLA-DQB1*06:04:01:01	HLA-DQB1*06:04:01:01/HLA-DQB1*06:04:01:01		1.0	1.0	1.0	1.0	False	False		concordant (2-field)						
NA18976	HPRC-Japanese	HLA-DRB1	HLA-DRB1*13:02:01/HLA-DRB1*13:02:01	HLA-DRB1*13:02:01:02/HLA-DRB1*13:02:01:02		1.0	1.0	1.0	0.0	True	True		concordant (2-field)						
NA18982	HPRC-Japanese	HLA-A	HLA-A*24:02:01:01/HLA-A*24:02:01:01	HLA-A*24:02:01:01/HLA-A*24:02:01:01		1.0	1.0	1.0	1.0	False	False		concordant (2-field)						
NA18982	HPRC-Japanese	HLA-B	HLA-B*52:01:01:02/HLA-B*48:01:01:01	HLA-B*48:01:01:01/HLA-B*52:01:01:02		1.0	1.0	1.0	1.0	False	False		concordant (2-field)						
NA18982	HPRC-Japanese	HLA-C	HLA-C*12:02:02:01/HLA-C*08:03:01:01	HLA-C*08:03:01:01/HLA-C*12:02:02:01		1.0	1.0	1.0	1.0	False	False		concordant (2-field)						
NA18982	HPRC-Japanese	HLA-DQA1	HLA-DQA1*01:03:01:01/HLA-DQA1*05:05:01:15	HLA-DQA1*01:03:01:01/HLA-DQA1*05:05:01:15		1.0	1.0	1.0	1.0	False	False		concordant (2-field)						
NA18982	HPRC-Japanese	HLA-DQB1	HLA-DQB1*06:01:01:01/HLA-DQB1*03:01:01:01	HLA-DQB1*03:01:01:01/HLA-DQB1*06:01:01:01		1.0	1.0	1.0	1.0	False	False		concordant (2-field)						
NA18982	HPRC-Japanese	HLA-DRB1	HLA-DRB1*15:02:01/HLA-DRB1*15:01:01:03	HLA-DRB1*15:01:01:03/HLA-DRB1*15:02:01:03		1.0	1.0	1.0	0.0	True	True		concordant (2-field)						
NA18983	HPRC-Japanese	HLA-A	HLA-A*02:06:01:01/HLA-A*11:01:01:01	HLA-A*02:06:01:01/HLA-A*11:01:01:01		1.0	1.0	1.0	1.0	False	False		concordant (2-field)						
NA18983	HPRC-Japanese	HLA-B	HLA-B*35:01:01:02/HLA-B*15:01:01:01	HLA-B*15:01:01:01/HLA-B*35:01:01:02		1.0	1.0	1.0	1.0	False	False		concordant (2-field)						
NA18983	HPRC-Japanese	HLA-C	HLA-C*03:03:01:01/HLA-C*04:01:01:14	HLA-C*03:03:01:01/HLA-C*04:01:01:14		1.0	1.0	1.0	1.0	False	False		concordant (2-field)						
NA18983	HPRC-Japanese	HLA-DQA1	HLA-DQA1*05:05:01:02/HLA-DQA1*03:01:01:01	HLA-DQA1*03:01:01:01/HLA-DQA1*05:05:01:02		1.0	1.0	1.0	1.0	False	False		concordant (2-field)						
NA18983	HPRC-Japanese	HLA-DQB1	HLA-DQB1*03:01:01:03/HLA-DQB1*03:02:01:01	HLA-DQB1*03:01:01:03/HLA-DQB1*03:02:01:01		1.0	1.0	1.0	1.0	False	False		concordant (2-field)						
NA18983	HPRC-Japanese	HLA-DRB1	HLA-DRB1*11:01:01/HLA-DRB1*04:06:01	HLA-DRB1*04:06:01/HLA-DRB1*11:01:01:04		1.0	1.0	1.0	0.0	True	True		concordant (2-field)						
NA18990	JaSaPaGe-Japanese	HLA-A	HLA-A*33:03:01:01/HLA-A*24:02:01:01	HLA-A*24:02:01:01/HLA-A*33:03:01:01		1.0	1.0	1.0	1.0	False	False		concordant (2-field)						
NA18990	JaSaPaGe-Japanese	HLA-B	HLA-B*44:03:01:10/HLA-B*40:02:01:01	HLA-B*40:02:01:01/HLA-B*44:03:01:10		1.0	1.0	1.0	1.0	False	False		concordant (2-field)						
NA18990	JaSaPaGe-Japanese	HLA-C	HLA-C*14:03:01:01/HLA-C*03:03:01:01	HLA-C*03:03:01:01/HLA-C*14:03:01:01		1.0	1.0	1.0	1.0	False	False		concordant (2-field)						
NA18990	JaSaPaGe-Japanese	HLA-DQA1	HLA-DQA1*01:02:01:08/HLA-DQA1*03:02:01:01	HLA-DQA1*01:02:01:08/HLA-DQA1*03:02:01:01		1.0	1.0	1.0	1.0	False	False		concordant (2-field)						
NA18990	JaSaPaGe-Japanese	HLA-DQB1	HLA-DQB1*06:04:01:01/HLA-DQB1*03:03:02:15	HLA-DQB1*03:03:02:15/HLA-DQB1*06:04:01:01		1.0	1.0	1.0	1.0	False	False		concordant (2-field)						
NA18990	JaSaPaGe-Japanese	HLA-DRB1	HLA-DRB1*13:02:01:02/HLA-DRB1*09:01:02	HLA-DRB1*09:01:02:03/HLA-DRB1*13:02:01:02		1.0	1.0	1.0	0.0	True	True		concordant (2-field)						
NA19007	JaSaPaGe-Japanese	HLA-A	HLA-A*26:03:01:01/HLA-A*02:07:01:01	HLA-A*02:07:01:01/HLA-A*26:03:01:01		1.0	1.0	1.0	1.0	False	False		concordant (2-field)						
NA19007	JaSaPaGe-Japanese	HLA-B	HLA-B*35:01:01:02/HLA-B*46:01:01:01	HLA-B*35:01:01:02/HLA-B*46:01:01:01		1.0	1.0	1.0	1.0	False	False		concordant (2-field)						
NA19007	JaSaPaGe-Japanese	HLA-C	HLA-C*03:03:01:01/HLA-C*01:02:01:01	HLA-C*01:02:01:01/HLA-C*03:03:01:01		1.0	1.0	1.0	1.0	False	False		concordant (2-field)						
NA19007	JaSaPaGe-Japanese	HLA-DQA1	HLA-DQA1*03:02:01:01/HLA-DQA1*01:03:01:07	HLA-DQA1*01:03:01:07/HLA-DQA1*03:02:01:01		1.0	1.0	1.0	1.0	False	False		concordant (2-field)						
NA19007	JaSaPaGe-Japanese	HLA-DQB1	HLA-DQB1*03:03:02:02/HLA-DQB1*06:01:01:01	HLA-DQB1*03:03:02:02/HLA-DQB1*06:01:01:01		1.0	1.0	1.0	1.0	False	False		concordant (2-field)						
NA19007	JaSaPaGe-Japanese	HLA-DRB1	HLA-DRB1*09:01:02/HLA-DRB1*08:03:02:02	HLA-DRB1*08:03:02:02/HLA-DRB1*09:01:02:03		1.0	1.0	1.0	0.0	True	True		concordant (2-field)						
NA19036	HPRC-Rest	HLA-A	HLA-A*02:02:01:01/HLA-A*36:01:01:01	HLA-A*02:02:01:01/HLA-A*36:01:01:01		1.0	1.0	1.0	1.0	False	False		concordant (2-field)						
NA19036	HPRC-Rest	HLA-B	HLA-B*58:02:01:01/HLA-B*53:01:01:01	HLA-B*53:01:01:01/HLA-B*58:02:01:01		1.0	1.0	1.0	1.0	False	False		concordant (2-field)						
NA19036	HPRC-Rest	HLA-C	HLA-C*06:02:01:95/HLA-C*04:01:01:75	HLA-C*04:01:01:75/HLA-C*06:02:01:95		1.0	1.0	1.0	1.0	False	False		concordant (2-field)						
NA19036	HPRC-Rest	HLA-DQA1	HLA-DQA1*01:05:01:01/HLA-DQA1*01:02:01:21	HLA-DQA1*01:02:01:21/HLA-DQA1*01:05:01:01		1.0	1.0	1.0	1.0	False	False		concordant (2-field)						
NA19036	HPRC-Rest	HLA-DQB1	HLA-DQB1*05:01:01:02/HLA-DQB1*06:02:01:04	HLA-DQB1*05:01:01:02/HLA-DQB1*06:02:01:04		1.0	1.0	1.0	1.0	False	False		concordant (2-field)						
NA19036	HPRC-Rest	HLA-DRB1	HLA-DRB1*12:01:01:01/HLA-DRB1*11:01:02	HLA-DRB1*11:01:02:03/HLA-DRB1*12:01:01:01		1.0	1.0	1.0	0.0	True	True		concordant (2-field)						
NA19043	HPRC-Rest	HLA-A	HLA-A*30:02:01:01/HLA-A*02:01:01:01	HLA-A*02:01:01:01/HLA-A*30:02:01:01		1.0	1.0	1.0	1.0	False	False		concordant (2-field)						
NA19043	HPRC-Rest	HLA-B	HLA-B*18:01:01/HLA-B*18:01:01	HLA-B*18:01:01:52/HLA-B*18:01:01:52		1.0	1.0	1.0	0.0	True	False		concordant (2-field)						
NA19043	HPRC-Rest	HLA-C	HLA-C*07:04:01:01/HLA-C*07:04:01:01	HLA-C*07:04:01:01/HLA-C*07:04:01:01		1.0	1.0	1.0	1.0	False	False		concordant (2-field)						
NA19043	HPRC-Rest	HLA-DQA1	HLA-DQA1*01:02:01:03/HLA-DQA1*01:02:01:03	HLA-DQA1*01:02:01:03/HLA-DQA1*01:02:01:03		1.0	1.0	1.0	1.0	False	False		concordant (2-field)						
NA19043	HPRC-Rest	HLA-DQB1	HLA-DQB1*06:02:01:06/HLA-DQB1*06:02:01:06	HLA-DQB1*06:02:01:06/HLA-DQB1*06:02:01:06		1.0	1.0	1.0	1.0	False	False		concordant (2-field)						
NA19043	HPRC-Rest	HLA-DRB1	HLA-DRB1*11:01:02:03/HLA-DRB1*11:01:02:03	HLA-DRB1*11:01:02:03/HLA-DRB1*11:01:02:03		1.0	1.0	1.0	1.0	False	False		concordant (2-field)						
NA19066	JaSaPaGe-Japanese	HLA-A	HLA-A*24:02:01:01/HLA-A*31:01:02:01	HLA-A*24:02:01:01/HLA-A*31:01:02:01		1.0	1.0	1.0	1.0	False	False		concordant (2-field)						
NA19066	JaSaPaGe-Japanese	HLA-B	HLA-B*52:01:01:02/HLA-B*51:01:01:01	HLA-B*51:01:01:01/HLA-B*52:01:01:02		1.0	1.0	1.0	1.0	False	False		concordant (2-field)						
NA19066	JaSaPaGe-Japanese	HLA-C	HLA-C*12:02:02:01/HLA-C*14:02:01:04	HLA-C*12:02:02:01/HLA-C*14:02:01:04		1.0	1.0	1.0	1.0	False	False		concordant (2-field)						
NA19066	JaSaPaGe-Japanese	HLA-DQA1	HLA-DQA1*01:03:01:01/HLA-DQA1*02:01:01:01	HLA-DQA1*01:03:01:01/HLA-DQA1*02:01:01:01		1.0	1.0	1.0	1.0	False	False		concordant (2-field)						
NA19066	JaSaPaGe-Japanese	HLA-DQB1	HLA-DQB1*06:01:01:01/HLA-DQB1*02:02:01:01	HLA-DQB1*02:02:01:01/HLA-DQB1*06:01:01:01		1.0	1.0	1.0	1.0	False	False		concordant (2-field)						
NA19066	JaSaPaGe-Japanese	HLA-DRB1	HLA-DRB1*15:02:01/HLA-DRB1*07:01:01:01	HLA-DRB1*07:01:01:01/HLA-DRB1*15:02:01:03		1.0	1.0	1.0	0.0	True	True		concordant (2-field)						
NA19079	JaSaPaGe-Japanese	HLA-A	HLA-A*24:02:01:01/HLA-A*33:03:01:01	HLA-A*24:02:01:01/HLA-A*33:03:01:01		1.0	1.0	1.0	1.0	False	False		concordant (2-field)						
NA19079	JaSaPaGe-Japanese	HLA-B	HLA-B*48:01:01:01/HLA-B*44:03:01:10	HLA-B*44:03:01:10/HLA-B*48:01:01:01		1.0	1.0	1.0	1.0	False	False		concordant (2-field)						
NA19079	JaSaPaGe-Japanese	HLA-C	HLA-C*08:01:01:01/HLA-C*14:03:01:01	HLA-C*08:01:01:01/HLA-C*14:03:01:01		1.0	1.0	1.0	1.0	False	False		concordant (2-field)						
NA19079	JaSaPaGe-Japanese	HLA-DQA1	HLA-DQA1*03:01:01:01/HLA-DQA1*01:02:01:08	HLA-DQA1*01:02:01:08/HLA-DQA1*03:01:01:01		1.0	1.0	1.0	1.0	False	False		concordant (2-field)						
NA19079	JaSaPaGe-Japanese	HLA-DQB1	HLA-DQB1*03:02:01:01/HLA-DQB1*06:04:01:01	HLA-DQB1*03:02:01:01/HLA-DQB1*06:04:01:01		1.0	1.0	1.0	1.0	False	False		concordant (2-field)						
NA19079	JaSaPaGe-Japanese	HLA-DRB1	HLA-DRB1*04:03:01/HLA-DRB1*13:02:01	HLA-DRB1*04:03:01:03/HLA-DRB1*13:02:01:02		1.0	1.0	1.0	0.0	True	True		concordant (2-field)						
NA19087	HPRC-Japanese	HLA-A	HLA-A*02:01:01:01/HLA-A*33:03:01:01	HLA-A*02:01:01:01/HLA-A*33:03:01:01		1.0	1.0	1.0	1.0	False	False		concordant (2-field)						
NA19087	HPRC-Japanese	HLA-B	HLA-B*35:01:01:51/HLA-B*44:03:01:10	HLA-B*35:01:01:51/HLA-B*44:03:01:10		1.0	1.0	1.0	1.0	False	False		concordant (2-field)						
NA19087	HPRC-Japanese	HLA-C	HLA-C*03:03:01:01/HLA-C*14:03:01:01	HLA-C*03:03:01:01/HLA-C*14:03:01:01		1.0	1.0	1.0	1.0	False	False		concordant (2-field)						
NA19087	HPRC-Japanese	HLA-DQA1	HLA-DQA1*03:03:01:02/HLA-DQA1*01:02:01:08	HLA-DQA1*01:02:01:08/HLA-DQA1*03:03:01:02		1.0	1.0	1.0	1.0	False	False		concordant (2-field)						
NA19087	HPRC-Japanese	HLA-DQB1	HLA-DQB1*04:02:01:09/HLA-DQB1*06:04:01:01	HLA-DQB1*04:02:01:09/HLA-DQB1*06:04:01:01		1.0	1.0	1.0	1.0	False	False		concordant (2-field)						
NA19087	HPRC-Japanese	HLA-DRB1	HLA-DRB1*04:10:03/HLA-DRB1*13:02:01	HLA-DRB1*04:10:03/HLA-DRB1*13:02:01:02		1.0	1.0	1.0	0.0	True	True		concordant (2-field)						
NA19088	JaSaPaGe-Japanese	HLA-A	HLA-A*26:03:01:01/HLA-A*24:02:01:01	HLA-A*24:02:01:01/HLA-A*26:03:01:01		1.0	1.0	1.0	1.0	False	False		concordant (2-field)						
NA19088	JaSaPaGe-Japanese	HLA-B	HLA-B*15:01:01/HLA-B*15:07:01:01	HLA-B*15:01:01:38/HLA-B*15:07:01:01		1.0	1.0	1.0	0.0	True	False		concordant (2-field)						
NA19088	JaSaPaGe-Japanese	HLA-C	HLA-C*03:03:01:01/HLA-C*03:03:01:01	HLA-C*03:03:01:01/HLA-C*03:03:01:01		1.0	1.0	1.0	1.0	False	False		concordant (2-field)						
NA19088	JaSaPaGe-Japanese	HLA-DQA1	HLA-DQA1*05:03:01:02/HLA-DQA1*03:01:01:01	HLA-DQA1*03:01:01:01/HLA-DQA1*05:03:01:02		1.0	1.0	1.0	1.0	False	False		concordant (2-field)						
NA19088	JaSaPaGe-Japanese	HLA-DQB1	HLA-DQB1*03:01:01:10/HLA-DQB1*03:02:01:01	HLA-DQB1*03:01:01:10/HLA-DQB1*03:02:01:01		1.0	1.0	1.0	1.0	False	False		concordant (2-field)						
NA19088	JaSaPaGe-Japanese	HLA-DRB1	HLA-DRB1*14:03:01/HLA-DRB1*04:03:01	HLA-DRB1*04:03:01:03/HLA-DRB1*14:03:01		1.0	1.0	1.0	0.0	True	True		concordant (2-field)						
NA19159	HPRC-Rest	HLA-A	HLA-A*23:01:01:01/HLA-A*03:01:01:05	HLA-A*03:01:01:05/HLA-A*23:01:01:01		1.0	1.0	1.0	1.0	False	False		concordant (2-field)						
NA19159	HPRC-Rest	HLA-B	HLA-B*52:01:02:02/HLA-B*57:02:01	HLA-B*52:01:02:02/HLA-B*57:02:01:01		1.0	1.0	1.0	0.0	True	True		concordant (2-field)						
NA19159	HPRC-Rest	HLA-C	HLA-C*16:01:01:01/HLA-C*18:02:01:01	HLA-C*16:01:01:01/HLA-C*18:02:01:01		1.0	1.0	1.0	1.0	False	False		concordant (2-field)						
NA19159	HPRC-Rest	HLA-DQA1	HLA-DQA1*01:03:01:10/HLA-DQA1*02:01:01:01	HLA-DQA1*01:03:01:10/HLA-DQA1*02:01:01:01		1.0	1.0	1.0	1.0	False	False		concordant (2-field)						
NA19159	HPRC-Rest	HLA-DQB1	HLA-DQB1*06:03:01:02/HLA-DQB1*02:02:01:01	HLA-DQB1*02:02:01:01/HLA-DQB1*06:03:01:02		1.0	1.0	1.0	1.0	False	False		concordant (2-field)						
NA19159	HPRC-Rest	HLA-DRB1	HLA-DRB1*13:177/HLA-DRB1*07:01:01	HLA-DRB1*07:01:01:01/HLA-DRB1*13:177		1.0	1.0	1.0	0.0	True	True		concordant (2-field)						
NA19185	HPRC-Rest	HLA-A	HLA-A*30:02:01:02/HLA-A*30:01:01:01	HLA-A*30:01:01:01/HLA-A*30:02:01:02		1.0	1.0	1.0	1.0	False	False		concordant (2-field)						
NA19185	HPRC-Rest	HLA-B	HLA-B*52:01:02:02/HLA-B*42:01:01:01	HLA-B*42:01:01:01/HLA-B*52:01:02:02		1.0	1.0	1.0	1.0	False	False		concordant (2-field)						
NA19185	HPRC-Rest	HLA-C	HLA-C*16:01:01:01/HLA-C*17:01:01:02	HLA-C*16:01:01:01/HLA-C*17:01:01:02		1.0	1.0	1.0	1.0	False	False		concordant (2-field)						
NA19185	HPRC-Rest	HLA-DQA1	HLA-DQA1*01:03:01:10/HLA-DQA1*04:01:01:05	HLA-DQA1*01:03:01:10/HLA-DQA1*04:01:01:05		1.0	1.0	1.0	1.0	False	False		concordant (2-field)						
NA19185	HPRC-Rest	HLA-DQB1	HLA-DQB1*05:01:01:16/HLA-DQB1*04:02:01:08	HLA-DQB1*04:02:01:08/HLA-DQB1*05:01:01:16		1.0	1.0	1.0	1.0	False	False		concordant (2-field)						
NA19185	HPRC-Rest	HLA-DRB1	HLA-DRB1*13:01:01/HLA-DRB1*03:02:01	HLA-DRB1*03:02:01:01/HLA-DRB1*13:01:01:10		1.0	1.0	1.0	0.0	True	True		concordant (2-field)						
NA19240	HPRC-Rest	HLA-A	HLA-A*68:02:01:01/HLA-A*30:01:01:01	HLA-A*30:01:01:01/HLA-A*68:02:01:01		1.0	1.0	1.0	1.0	False	False		concordant (2-field)						
NA19240	HPRC-Rest	HLA-B	HLA-B*35:01:01:18/HLA-B*57:03:01:05	HLA-B*35:01:01:18/HLA-B*57:03:01:05		1.0	1.0	1.0	1.0	False	False		concordant (2-field)						
NA19240	HPRC-Rest	HLA-C	HLA-C*04:01:01:14/HLA-C*18:02:01:01	HLA-C*04:01:01:14/HLA-C*18:02:01:01		1.0	1.0	1.0	1.0	False	False		concordant (2-field)						
NA19240	HPRC-Rest	HLA-DQA1	HLA-DQA1*05:05:01:06/HLA-DQA1*01:02:02	HLA-DQA1*01:02:02:01/HLA-DQA1*05:05:01:06		1.0	1.0	1.0	0.0	True	True		concordant (2-field)						
NA19240	HPRC-Rest	HLA-DQB1	HLA-DQB1*03:01:01:05/HLA-DQB1*05:02:01:04	HLA-DQB1*03:01:01:05/HLA-DQB1*05:02:01:04		1.0	1.0	1.0	1.0	False	False		concordant (2-field)						
NA19240	HPRC-Rest	HLA-DRB1	HLA-DRB1*12:01:01/HLA-DRB1*16:02:01	HLA-DRB1*12:01:01:08/HLA-DRB1*16:02:01:03		1.0	1.0	1.0	0.0	True	True		concordant (2-field)						
NA19338	HPRC-Rest	HLA-A	HLA-A*01:01:01:01/HLA-A*30:02:01:01	HLA-A*01:01:01:01/HLA-A*30:02:01:01		1.0	1.0	1.0	1.0	False	False		concordant (2-field)						
NA19338	HPRC-Rest	HLA-B	HLA-B*81:01:01:01/HLA-B*14:02:01:01	HLA-B*14:02:01:01/HLA-B*81:01:01:01		1.0	1.0	1.0	1.0	False	False		concordant (2-field)						
NA19338	HPRC-Rest	HLA-C	HLA-C*18:01:01:03/HLA-C*08:02:01:01	HLA-C*08:02:01:01/HLA-C*18:01:01:03		1.0	1.0	1.0	1.0	False	False		concordant (2-field)						
NA19338	HPRC-Rest	HLA-DQA1	HLA-DQA1*01:02:01:04/HLA-DQA1*01:02:01:03	HLA-DQA1*01:02:01:03/HLA-DQA1*01:02:01:04		1.0	1.0	1.0	1.0	False	False		concordant (2-field)						
NA19338	HPRC-Rest	HLA-DQB1	HLA-DQB1*06:09:01:01/HLA-DQB1*06:02:01:01	HLA-DQB1*06:02:01:01/HLA-DQB1*06:09:01:01		1.0	1.0	1.0	1.0	False	False		concordant (2-field)						
NA19338	HPRC-Rest	HLA-DRB1	HLA-DRB1*13:02:01/HLA-DRB1*15:03:01:03	HLA-DRB1*13:02:01:03/HLA-DRB1*15:03:01:03		1.0	1.0	1.0	0.0	True	True		concordant (2-field)						
NA19391	HPRC-Rest	HLA-A	HLA-A*66:02:01:01/HLA-A*34:02:01:01	HLA-A*34:02:01:01/HLA-A*66:02:01:01		1.0	1.0	1.0	1.0	False	False		concordant (2-field)						
NA19391	HPRC-Rest	HLA-B	HLA-B*53:01:01:01/HLA-B*57:03:01	HLA-B*53:01:01:01/HLA-B*57:03:01:10		1.0	1.0	1.0	0.0	True	True		concordant (2-field)						
NA19391	HPRC-Rest	HLA-C	HLA-C*06:02:01:01/HLA-C*07:01:02:01	HLA-C*06:02:01:01/HLA-C*07:01:02:01		1.0	1.0	1.0	1.0	False	False		concordant (2-field)						
NA19391	HPRC-Rest	HLA-DQA1	HLA-DQA1*03:03:01:01/HLA-DQA1*05:05:01:35	HLA-DQA1*03:03:01:01/HLA-DQA1*05:05:01:35		1.0	1.0	1.0	1.0	False	False		concordant (2-field)						
NA19391	HPRC-Rest	HLA-DQB1	HLA-DQB1*03:02:01:01/HLA-DQB1*03:01:01:37	HLA-DQB1*03:01:01:37/HLA-DQB1*03:02:01:01		1.0	1.0	1.0	1.0	False	False		concordant (2-field)						
NA19391	HPRC-Rest	HLA-DRB1	HLA-DRB1*14:54:01/HLA-DRB1*11:02:01	HLA-DRB1*11:02:01:03/HLA-DRB1*14:54:01:08		1.0	1.0	1.0	0.0	True	True		concordant (2-field)						
NA19443	HPRC-Rest	HLA-A	HLA-A*30:01:01:01/HLA-A*68:02:01:01	HLA-A*30:01:01:01/HLA-A*68:02:01:01		1.0	1.0	1.0	1.0	False	False		concordant (2-field)						
NA19443	HPRC-Rest	HLA-B	HLA-B*08:01:01:01/HLA-B*53:01:01:01	HLA-B*08:01:01:01/HLA-B*53:01:01:01		1.0	1.0	1.0	1.0	False	False		concordant (2-field)						
NA19443	HPRC-Rest	HLA-C	HLA-C*07:02:01:01/HLA-C*04:01:01:75	HLA-C*04:01:01:75/HLA-C*07:02:01:01		1.0	1.0	1.0	1.0	False	False		concordant (2-field)						
NA19443	HPRC-Rest	HLA-DQA1	HLA-DQA1*01:02:01:04/HLA-DQA1*05:05:01:34	HLA-DQA1*01:02:01:04/HLA-DQA1*05:05:01:34		1.0	1.0	1.0	1.0	False	False		concordant (2-field)						
NA19443	HPRC-Rest	HLA-DQB1	HLA-DQB1*06:09:01:01/HLA-DQB1*03:01:04:02	HLA-DQB1*03:01:04:02/HLA-DQB1*06:09:01:01		1.0	1.0	1.0	1.0	False	False		concordant (2-field)						
NA19443	HPRC-Rest	HLA-DRB1	HLA-DRB1*13:02:01:03/HLA-DRB1*08:04:01	HLA-DRB1*08:04:01:05/HLA-DRB1*13:02:01:03		1.0	1.0	1.0	0.0	True	True		concordant (2-field)						
NA19468	HPRC-Rest	HLA-A	HLA-A*74:01:01:01/HLA-A*66:01:01:01	HLA-A*66:01:01:01/HLA-A*74:01:01:01		1.0	1.0	1.0	1.0	False	False		concordant (2-field)						
NA19468	HPRC-Rest	HLA-B	HLA-B*81:01:01:01/HLA-B*81:01:01:01	HLA-B*81:01:01:01/HLA-B*81:01:01:01		1.0	1.0	1.0	1.0	False	False		concordant (2-field)						
NA19468	HPRC-Rest	HLA-C	HLA-C*18:01:01:03/HLA-C*18:01:01:03	HLA-C*18:01:01:03/HLA-C*18:01:01:03		1.0	1.0	1.0	1.0	False	False		concordant (2-field)						
NA19468	HPRC-Rest	HLA-DQA1	HLA-DQA1*01:05:01/HLA-DQA1*01:03:01:10	HLA-DQA1*01:03:01:10/HLA-DQA1*01:05:01:01		1.0	1.0	1.0	0.0	True	True		concordant (2-field)						
NA19468	HPRC-Rest	HLA-DQB1	HLA-DQB1*05:01:01:02/HLA-DQB1*06:02:01:03	HLA-DQB1*05:01:01:02/HLA-DQB1*06:02:01:03		1.0	1.0	1.0	1.0	False	False		concordant (2-field)						
NA19468	HPRC-Rest	HLA-DRB1	HLA-DRB1*10:01:01/HLA-DRB1*13:01:01	HLA-DRB1*10:01:01:03/HLA-DRB1*13:01:01:10		1.0	1.0	1.0	0.0	True	True		concordant (2-field)						
NA19682	HPRC-Rest	HLA-A	HLA-A*02:06:01:01/HLA-A*30:01:01:01	HLA-A*02:06:01:01/HLA-A*30:01:01:01		1.0	1.0	1.0	1.0	False	False		concordant (2-field)						
NA19682	HPRC-Rest	HLA-B	HLA-B*35:17:01:01/HLA-B*47:01:01:03	HLA-B*35:17:01:01/HLA-B*47:01:01:03		1.0	1.0	1.0	1.0	False	False		concordant (2-field)						
NA19682	HPRC-Rest	HLA-C	HLA-C*03:03:01:01/HLA-C*06:02:01:13	HLA-C*03:03:01:01/HLA-C*06:02:01:13		1.0	1.0	1.0	1.0	False	False		concordant (2-field)						
NA19682	HPRC-Rest	HLA-DQA1	HLA-DQA1*05:03:01:01/HLA-DQA1*05:01:01:02	HLA-DQA1*05:01:01:02/HLA-DQA1*05:03:01:01		1.0	1.0	1.0	1.0	False	False		concordant (2-field)						
NA19682	HPRC-Rest	HLA-DQB1	HLA-DQB1*03:04:01:01/HLA-DQB1*02:01:01:01	HLA-DQB1*02:01:01:01/HLA-DQB1*03:04:01:01		1.0	1.0	1.0	1.0	False	False		concordant (2-field)						
NA19682	HPRC-Rest	HLA-DRB1	HLA-DRB1*14:02:01/HLA-DRB1*03:01:01:01	HLA-DRB1*03:01:01:01/HLA-DRB1*14:02:01:01		1.0	1.0	1.0	0.0	True	True		concordant (2-field)						
NA19700	HPRC-Rest	HLA-A	HLA-A*03:01:01:05/HLA-A*30:01:01:01	HLA-A*03:01:01:05/HLA-A*30:01:01:01		1.0	1.0	1.0	1.0	False	False		concordant (2-field)						
NA19700	HPRC-Rest	HLA-B	HLA-B*15:10:01:02/HLA-B*42:01:01:01	HLA-B*15:10:01:02/HLA-B*42:01:01:01		1.0	1.0	1.0	1.0	False	False		concordant (2-field)						
NA19700	HPRC-Rest	HLA-C	HLA-C*08:04:01:01/HLA-C*17:01:01:02	HLA-C*08:04:01:01/HLA-C*17:01:01:02		1.0	1.0	1.0	1.0	False	False		concordant (2-field)						
NA19700	HPRC-Rest	HLA-DQA1	HLA-DQA1*01:02:02:02/HLA-DQA1*03:03:01:01	HLA-DQA1*01:02:02:02/HLA-DQA1*03:03:01:01		1.0	1.0	1.0	1.0	False	False		concordant (2-field)						
NA19700	HPRC-Rest	HLA-DQB1	HLA-DQB1*05:02:01:08/HLA-DQB1*02:02:01:02	HLA-DQB1*02:02:01:02/HLA-DQB1*05:02:01:08		1.0	1.0	1.0	1.0	False	False		concordant (2-field)						
NA19700	HPRC-Rest	HLA-DRB1	HLA-DRB1*11:04:02/HLA-DRB1*09:01:02	HLA-DRB1*09:01:02:07/HLA-DRB1*11:04:02		1.0	1.0	1.0	0.0	True	True		concordant (2-field)						
NA19776	HPRC-Rest	HLA-A	HLA-A*31:01:02:01/HLA-A*24:02:01:01	HLA-A*24:02:01:01/HLA-A*31:01:02:01		1.0	1.0	1.0	1.0	False	False		concordant (2-field)						
NA19776	HPRC-Rest	HLA-B	HLA-B*35:01:01:05/HLA-B*07:02:01:01	HLA-B*07:02:01:01/HLA-B*35:01:01:05		1.0	1.0	1.0	1.0	False	False		concordant (2-field)						
NA19776	HPRC-Rest	HLA-C	HLA-C*04:01:01:79/HLA-C*07:02:01:03	HLA-C*04:01:01:79/HLA-C*07:02:01:03		1.0	1.0	1.0	1.0	False	False		concordant (2-field)						
NA19776	HPRC-Rest	HLA-DQA1	HLA-DQA1*03:01:01:01/HLA-DQA1*05:03:01:01	HLA-DQA1*03:01:01:01/HLA-DQA1*05:03:01:01		1.0	1.0	1.0	1.0	False	False		concordant (2-field)						
NA19776	HPRC-Rest	HLA-DQB1	HLA-DQB1*03:02:01:01/HLA-DQB1*03:01:01:01	HLA-DQB1*03:01:01:01/HLA-DQB1*03:02:01:01		1.0	1.0	1.0	1.0	False	False		concordant (2-field)						
NA19776	HPRC-Rest	HLA-DRB1	HLA-DRB1*04:03:01/HLA-DRB1*14:06:01	HLA-DRB1*04:03:01:02/HLA-DRB1*14:06:01		1.0	1.0	1.0	0.0	True	True		concordant (2-field)						
NA19835	HPRC-Rest	HLA-A	HLA-A*02:01:01:01/HLA-A*24:02:01:01	HLA-A*02:01:01:01/HLA-A*24:02:01:01		1.0	1.0	1.0	1.0	False	False		concordant (2-field)						
NA19835	HPRC-Rest	HLA-B	HLA-B*53:01:01:01/HLA-B*50:01:01:01	HLA-B*50:01:01:01/HLA-B*53:01:01:01		1.0	1.0	1.0	1.0	False	False		concordant (2-field)						
NA19835	HPRC-Rest	HLA-C	HLA-C*04:01:01:75/HLA-C*06:02:01:02	HLA-C*04:01:01:75/HLA-C*06:02:01:02		1.0	1.0	1.0	1.0	False	False		concordant (2-field)						
NA19835	HPRC-Rest	HLA-DQA1	HLA-DQA1*04:01:02:02/HLA-DQA1*01:05:01:02	HLA-DQA1*01:05:01:02/HLA-DQA1*04:01:02:02		1.0	1.0	1.0	1.0	False	False		concordant (2-field)						
NA19835	HPRC-Rest	HLA-DQB1	HLA-DQB1*03:19:01:01/HLA-DQB1*05:01:01:08	HLA-DQB1*03:19:01:01/HLA-DQB1*05:01:01:08		1.0	1.0	1.0	1.0	False	False		concordant (2-field)						
NA19835	HPRC-Rest	HLA-DRB1	HLA-DRB1*08:04:01/HLA-DRB1*14:54:01	HLA-DRB1*08:04:01:01/HLA-DRB1*14:54:01:08		1.0	1.0	1.0	0.0	True	True		concordant (2-field)						
NA19909	HPRC-Rest	HLA-A	HLA-A*30:01:01:01/HLA-A*30:01:01:01	HLA-A*30:01:01:01/HLA-A*30:01:01:01		1.0	1.0	1.0	1.0	False	False		concordant (2-field)						
NA19909	HPRC-Rest	HLA-B	HLA-B*42:01:01:01/HLA-B*42:01:01:01	HLA-B*42:01:01:01/HLA-B*42:01:01:01		1.0	1.0	1.0	1.0	False	False		concordant (2-field)						
NA19909	HPRC-Rest	HLA-C	HLA-C*17:01:01:02/HLA-C*17:01:01:02	HLA-C*17:01:01:02/HLA-C*17:01:01:02		1.0	1.0	1.0	1.0	False	False		concordant (2-field)						
NA19909	HPRC-Rest	HLA-DQA1	HLA-DQA1*04:01:01:05/HLA-DQA1*04:01:01:05	HLA-DQA1*04:01:01:05/HLA-DQA1*04:01:01:05		1.0	1.0	1.0	1.0	False	False		concordant (2-field)						
NA19909	HPRC-Rest	HLA-DQB1	HLA-DQB1*04:02:01:08/HLA-DQB1*04:02:01:08	HLA-DQB1*04:02:01:08/HLA-DQB1*04:02:01:08		1.0	1.0	1.0	1.0	False	False		concordant (2-field)						
NA19909	HPRC-Rest	HLA-DRB1	HLA-DRB1*03:02:01/HLA-DRB1*03:02:01	HLA-DRB1*03:02:01:01/HLA-DRB1*03:02:01:01		1.0	1.0	1.0	0.0	True	True		concordant (2-field)						
NA20129	HPRC-Rest	HLA-A	HLA-A*30:02:01:03/HLA-A*31:01:02	HLA-A*30:02:01:03/HLA-A*31:01:02:01		1.0	1.0	1.0	0.0	True	True		concordant (2-field)						
NA20129	HPRC-Rest	HLA-B	HLA-B*08:01:01:37/HLA-B*48:01:01:01	HLA-B*08:01:01:37/HLA-B*48:01:01:01		1.0	1.0	1.0	1.0	False	False		concordant (2-field)						
NA20129	HPRC-Rest	HLA-C	HLA-C*07:01:01:01/HLA-C*04:01:01:79	HLA-C*04:01:01:79/HLA-C*07:01:01:01		1.0	1.0	1.0	1.0	False	False		concordant (2-field)						
NA20129	HPRC-Rest	HLA-DQA1	HLA-DQA1*05:01:01:02/HLA-DQA1*05:03:01:01	HLA-DQA1*05:01:01:02/HLA-DQA1*05:03:01:01		1.0	1.0	1.0	1.0	False	False		concordant (2-field)						
NA20129	HPRC-Rest	HLA-DQB1	HLA-DQB1*02:01:01:01/HLA-DQB1*03:01:01:01	HLA-DQB1*02:01:01:01/HLA-DQB1*03:01:01:01		1.0	1.0	1.0	1.0	False	False		concordant (2-field)						
NA20129	HPRC-Rest	HLA-DRB1	HLA-DRB1*03:01:01/HLA-DRB1*14:02:01	HLA-DRB1*03:01:01:02/HLA-DRB1*14:02:01:01		1.0	1.0	1.0	0.0	True	True		concordant (2-field)						
NA20282	HPRC-Rest	HLA-A	HLA-A*03:01:01:05/HLA-A*23:01:01:01	HLA-A*03:01:01:05/HLA-A*23:01:01:01		1.0	1.0	1.0	1.0	False	False		concordant (2-field)						
NA20282	HPRC-Rest	HLA-B	HLA-B*53:01:01:01/HLA-B*81:01:01:01	HLA-B*53:01:01:01/HLA-B*81:01:01:01		1.0	1.0	1.0	1.0	False	False		concordant (2-field)						
NA20282	HPRC-Rest	HLA-C	HLA-C*04:01:01:32/HLA-C*08:04:01	HLA-C*04:01:01:32/HLA-C*08:04:01:04		1.0	1.0	1.0	0.0	True	False		concordant (2-field)						
NA20282	HPRC-Rest	HLA-DQA1	HLA-DQA1*05:05:01:37/HLA-DQA1*04:01:01:05	HLA-DQA1*04:01:01:05/HLA-DQA1*05:05:01:37		1.0	1.0	1.0	1.0	False	False		concordant (2-field)						
NA20282	HPRC-Rest	HLA-DQB1	HLA-DQB1*03:01:04:02/HLA-DQB1*04:02:01:08	HLA-DQB1*03:01:04:02/HLA-DQB1*04:02:01:08		1.0	1.0	1.0	1.0	False	False		concordant (2-field)						
NA20282	HPRC-Rest	HLA-DRB1	HLA-DRB1*08:04:01/HLA-DRB1*03:02:01	HLA-DRB1*03:02:01:01/HLA-DRB1*08:04:01:05		1.0	1.0	1.0	0.0	True	True		concordant (2-field)						
NA20346	HPRC-Rest	HLA-A	HLA-A*68:02:01:01/HLA-A*30:02:01:03	HLA-A*30:02:01:03/HLA-A*68:02:01:01		1.0	1.0	1.0	1.0	False	False		concordant (2-field)						
NA20346	HPRC-Rest	HLA-B	HLA-B*53:01:01:01/HLA-B*15:10:01:02	HLA-B*15:10:01:02/HLA-B*53:01:01:01		1.0	1.0	1.0	1.0	False	False		concordant (2-field)						
NA20346	HPRC-Rest	HLA-C	HLA-C*04:01:01:75/HLA-C*08:04:01	HLA-C*04:01:01:75/HLA-C*08:04:01:01		1.0	1.0	1.0	0.0	True	True		concordant (2-field)						
NA20346	HPRC-Rest	HLA-DQA1	HLA-DQA1*02:01:01:01/HLA-DQA1*01:02:01:04	HLA-DQA1*01:02:01:04/HLA-DQA1*02:01:01:01		1.0	1.0	1.0	1.0	False	False		concordant (2-field)						
NA20346	HPRC-Rest	HLA-DQB1	HLA-DQB1*02:02:01:01/HLA-DQB1*06:04:01:01	HLA-DQB1*02:02:01:01/HLA-DQB1*06:04:01:01		1.0	1.0	1.0	1.0	False	False		concordant (2-field)						
NA20346	HPRC-Rest	HLA-DRB1	HLA-DRB1*13:03:01/HLA-DRB1*13:02:01	HLA-DRB1*13:02:01:03/HLA-DRB1*13:03:01:03		1.0	1.0	1.0	0.0	True	True		concordant (2-field)						
NA20503	HPRC-Rest	HLA-A	HLA-A*01:01:01:01/HLA-A*02:01:01:01	HLA-A*01:01:01:01/HLA-A*02:01:01:01		1.0	1.0	1.0	1.0	False	False		concordant (2-field)						
NA20503	HPRC-Rest	HLA-B	HLA-B*35:01:01:05/HLA-B*35:01:01:05	HLA-B*35:01:01:05/HLA-B*35:01:01:05		1.0	1.0	1.0	1.0	False	False		concordant (2-field)						
NA20503	HPRC-Rest	HLA-C	HLA-C*04:01:01:11/HLA-C*04:01:01:06	HLA-C*04:01:01:06/HLA-C*04:01:01:35		1.0	1.0	1.0	0.0	False	True		concordant (2-field)						
NA20503	HPRC-Rest	HLA-DQA1	HLA-DQA1*01:01:01:01/HLA-DQA1*05:05:01:02	HLA-DQA1*01:01:01:01/HLA-DQA1*05:05:01:02		1.0	1.0	1.0	1.0	False	False		concordant (2-field)						
NA20503	HPRC-Rest	HLA-DQB1	HLA-DQB1*05:01:01:03/HLA-DQB1*03:01:01:03	HLA-DQB1*03:01:01:03/HLA-DQB1*05:01:01:03		1.0	1.0	1.0	1.0	False	False		concordant (2-field)						
NA20503	HPRC-Rest	HLA-DRB1	HLA-DRB1*01:01:01:01/HLA-DRB1*11:04:01:01	HLA-DRB1*01:01:01:01/HLA-DRB1*11:04:01:01		1.0	1.0	1.0	1.0	False	False		concordant (2-field)						
NA20752	HPRC-Rest	HLA-A	HLA-A*26:01:01:01/HLA-A*24:02:01:01	HLA-A*24:02:01:01/HLA-A*26:01:01:01		1.0	1.0	1.0	1.0	False	False		concordant (2-field)						
NA20752	HPRC-Rest	HLA-B	HLA-B*51:01:01:01/HLA-B*13:02:01:01	HLA-B*13:02:01:01/HLA-B*51:01:01:01		1.0	1.0	1.0	1.0	False	False		concordant (2-field)						
NA20752	HPRC-Rest	HLA-C	HLA-C*14:02:01:01/HLA-C*06:02:01:01	HLA-C*06:02:01:01/HLA-C*14:02:01:01		1.0	1.0	1.0	1.0	False	False		concordant (2-field)						
NA20752	HPRC-Rest	HLA-DQA1	HLA-DQA1*01:01:01:01/HLA-DQA1*02:01:01:01	HLA-DQA1*01:01:01:01/HLA-DQA1*02:01:01:01		1.0	1.0	1.0	1.0	False	False		concordant (2-field)						
NA20752	HPRC-Rest	HLA-DQB1	HLA-DQB1*05:01:01:03/HLA-DQB1*03:01:01:05	HLA-DQB1*03:01:01:05/HLA-DQB1*05:01:01:03		1.0	1.0	1.0	1.0	False	False		concordant (2-field)						
NA20752	HPRC-Rest	HLA-DRB1	HLA-DRB1*01:01:01:01/HLA-DRB1*07:01:01:01	HLA-DRB1*01:01:01:01/HLA-DRB1*07:01:01:01		1.0	1.0	1.0	1.0	False	False		concordant (2-field)						
NA20762	HPRC-Rest	HLA-A	HLA-A*33:01:01:01/HLA-A*02:01:01:01	HLA-A*02:01:01:01/HLA-A*33:01:01:01		1.0	1.0	1.0	1.0	False	False		concordant (2-field)						
NA20762	HPRC-Rest	HLA-B	HLA-B*38:01:01:01/HLA-B*35:01:01:05	HLA-B*35:01:01:05/HLA-B*38:01:01:01		1.0	1.0	1.0	1.0	False	False		concordant (2-field)						
NA20762	HPRC-Rest	HLA-C	HLA-C*12:03:01:01/HLA-C*04:01:01:06	HLA-C*04:01:01:06/HLA-C*12:03:01:01		1.0	1.0	1.0	1.0	False	False		concordant (2-field)						
NA20762	HPRC-Rest	HLA-DQA1	HLA-DQA1*01:01:01:01/HLA-DQA1*01:04:01:02	HLA-DQA1*01:01:01:01/HLA-DQA1*01:04:01:02		1.0	1.0	1.0	1.0	False	False		concordant (2-field)						
NA20762	HPRC-Rest	HLA-DQB1	HLA-DQB1*05:01:01:03/HLA-DQB1*05:03:01:01	HLA-DQB1*05:01:01:03/HLA-DQB1*05:03:01:01		1.0	1.0	1.0	1.0	False	False		concordant (2-field)						
NA20762	HPRC-Rest	HLA-DRB1	HLA-DRB1*01:01:01:01/HLA-DRB1*14:01:01	HLA-DRB1*01:01:01:01/HLA-DRB1*14:01:01:01		1.0	1.0	1.0	0.0	True	True		concordant (2-field)						
NA20799	HPRC-Rest	HLA-A	HLA-A*03:01:01:01/HLA-A*03:01:01:05	HLA-A*03:01:01:01/HLA-A*03:01:01:05		1.0	1.0	1.0	1.0	False	False		concordant (2-field)						
NA20799	HPRC-Rest	HLA-B	HLA-B*15:18:01:02/HLA-B*57:02:01	HLA-B*15:18:01:02/HLA-B*57:02:01:01		1.0	1.0	1.0	0.0	True	True		concordant (2-field)						
NA20799	HPRC-Rest	HLA-C	HLA-C*03:03:01:01/HLA-C*18:02:01:01	HLA-C*03:03:01:01/HLA-C*18:02:01:01		1.0	1.0	1.0	1.0	False	False		concordant (2-field)						
NA20799	HPRC-Rest	HLA-DQA1	HLA-DQA1*05:05:01/HLA-DQA1*01:01:02:01	HLA-DQA1*01:01:02:01/HLA-DQA1*05:05:01:01		1.0	1.0	1.0	0.0	True	True		concordant (2-field)						
NA20799	HPRC-Rest	HLA-DQB1	HLA-DQB1*03:01:01:03/HLA-DQB1*05:01:01:01	HLA-DQB1*03:01:01:03/HLA-DQB1*05:01:01:01		1.0	1.0	1.0	1.0	False	False		concordant (2-field)						
NA20799	HPRC-Rest	HLA-DRB1	HLA-DRB1*11:01:01:01/HLA-DRB1*01:02:01:01	HLA-DRB1*01:02:01:01/HLA-DRB1*11:01:01:01		1.0	1.0	1.0	1.0	False	False		concordant (2-field)						
NA20805	HPRC-Rest	HLA-A	HLA-A*30:02:01:01/HLA-A*24:02:01:01	HLA-A*24:02:01:01/HLA-A*30:02:01:01		1.0	1.0	1.0	1.0	False	False		concordant (2-field)						
NA20805	HPRC-Rest	HLA-B	HLA-B*18:01:01:06/HLA-B*44:02:01:01	HLA-B*18:01:01:06/HLA-B*44:02:01:01		1.0	1.0	1.0	1.0	False	False		concordant (2-field)						
NA20805	HPRC-Rest	HLA-C	HLA-C*05:37/HLA-C*16:04:01:01	HLA-C*05:37/HLA-C*16:04:01:01		1.0	1.0	1.0	1.0	False	False		concordant (2-field)						
NA20805	HPRC-Rest	HLA-DQA1	HLA-DQA1*05:01:01:01/HLA-DQA1*05:05:01:01	HLA-DQA1*05:01:01:01/HLA-DQA1*05:05:01:01		1.0	1.0	1.0	1.0	False	False		concordant (2-field)						
NA20805	HPRC-Rest	HLA-DQB1	HLA-DQB1*03:03:02:01/HLA-DQB1*03:01:01:03	HLA-DQB1*03:01:01:03/HLA-DQB1*03:03:02:01		1.0	1.0	1.0	1.0	False	False		concordant (2-field)						
NA20805	HPRC-Rest	HLA-DRB1	HLA-DRB1*03:01:01:02/HLA-DRB1*11:04:01:03	HLA-DRB1*03:01:01:02/HLA-DRB1*11:04:01:03		1.0	1.0	1.0	1.0	False	False		concordant (2-field)						
NA20806	HPRC-Rest	HLA-A	HLA-A*02:01:01:01/HLA-A*26:01:01:01	HLA-A*02:01:01:01/HLA-A*26:01:01:01		1.0	1.0	1.0	1.0	False	False		concordant (2-field)						
NA20806	HPRC-Rest	HLA-B	HLA-B*51:01:01:01/HLA-B*35:03:01:03	HLA-B*35:03:01:03/HLA-B*51:01:01:01		1.0	1.0	1.0	1.0	False	False		concordant (2-field)						
NA20806	HPRC-Rest	HLA-C	HLA-C*07:02:01:01/HLA-C*04:01:01:14	HLA-C*04:01:01:14/HLA-C*07:02:01:01		1.0	1.0	1.0	1.0	False	False		concordant (2-field)						
NA20806	HPRC-Rest	HLA-DQA1	HLA-DQA1*01:02:01:01/HLA-DQA1*01:02:01:01	HLA-DQA1*01:02:01:01/HLA-DQA1*01:02:01:01		1.0	1.0	1.0	1.0	False	False		concordant (2-field)						
NA20806	HPRC-Rest	HLA-DQB1	HLA-DQB1*06:02:01:01/HLA-DQB1*06:02:01:01	HLA-DQB1*06:02:01:01/HLA-DQB1*06:02:01:01		1.0	1.0	1.0	1.0	False	False		concordant (2-field)						
NA20806	HPRC-Rest	HLA-DRB1	HLA-DRB1*15:01:01:02/HLA-DRB1*15:01:01:02	HLA-DRB1*15:01:01:02/HLA-DRB1*15:03:01:01		1.0	0.0	0.0	0.0	False	False	5.0	FuFiHLA artefact (consensus not present in the assembly)						
NA20809	HPRC-Rest	HLA-A	HLA-A*29:02:01:01/HLA-A*03:01:01:01	HLA-A*03:01:01:01/HLA-A*29:02:01:01		1.0	1.0	1.0	1.0	False	False		concordant (2-field)						
NA20809	HPRC-Rest	HLA-B	HLA-B*44:03:01:16/HLA-B*07:02:01:01	HLA-B*07:02:01:01/HLA-B*44:03:01:16		1.0	1.0	1.0	1.0	False	False		concordant (2-field)						
NA20809	HPRC-Rest	HLA-C	HLA-C*16:01:01:01/HLA-C*07:02:01:03	HLA-C*07:02:01:03/HLA-C*16:01:01:01		1.0	1.0	1.0	1.0	False	False		concordant (2-field)						
NA20809	HPRC-Rest	HLA-DQA1	HLA-DQA1*03:01:01:01/HLA-DQA1*01:01:01:01	HLA-DQA1*01:01:01:01/HLA-DQA1*03:01:01:01		1.0	1.0	1.0	1.0	False	False		concordant (2-field)						
NA20809	HPRC-Rest	HLA-DQB1	HLA-DQB1*03:02:01:02/HLA-DQB1*05:01:01:03	HLA-DQB1*03:02:01:02/HLA-DQB1*05:01:01:03		1.0	1.0	1.0	1.0	False	False		concordant (2-field)						
NA20809	HPRC-Rest	HLA-DRB1	HLA-DRB1*04:04:01:04/HLA-DRB1*01:01:01:01	HLA-DRB1*01:01:01:01/HLA-DRB1*04:04:01:04		1.0	1.0	1.0	1.0	False	False		concordant (2-field)						
NA20827	HPRC-Rest	HLA-A	HLA-A*02:01:01:01/HLA-A*33:03:01:01	HLA-A*02:01:01:01/HLA-A*33:03:01:01		1.0	1.0	1.0	1.0	False	False		concordant (2-field)						
NA20827	HPRC-Rest	HLA-B	HLA-B*13:02:01:01/HLA-B*41:01:01:01	HLA-B*13:02:01:01/HLA-B*41:01:01:01		1.0	1.0	1.0	1.0	False	False		concordant (2-field)						
NA20827	HPRC-Rest	HLA-C	HLA-C*06:02:01/HLA-C*17:01:01:05	HLA-C*06:02:01:108/HLA-C*17:01:01:05		1.0	1.0	1.0	0.0	True	False		concordant (2-field)						
NA20827	HPRC-Rest	HLA-DQA1	HLA-DQA1*02:01:01:01/HLA-DQA1*02:01:01:01	HLA-DQA1*02:01:01:01/HLA-DQA1*02:01:01:01		1.0	1.0	1.0	1.0	False	False		concordant (2-field)						
NA20827	HPRC-Rest	HLA-DQB1	HLA-DQB1*02:02:01:01/HLA-DQB1*02:02:01:01	HLA-DQB1*02:02:01:01/HLA-DQB1*02:02:01:01		1.0	1.0	1.0	1.0	False	False		concordant (2-field)						
NA20827	HPRC-Rest	HLA-DRB1	HLA-DRB1*07:01:01:01/HLA-DRB1*07:01:01:01	HLA-DRB1*07:01:01:01/HLA-DRB1*07:01:01:01		1.0	1.0	1.0	1.0	False	False		concordant (2-field)						
NA20850	HPRC-Rest	HLA-A	HLA-A*01:01:01:01/HLA-A*02:03:01:01	HLA-A*01:01:01:01/HLA-A*02:03:01:01		1.0	1.0	1.0	1.0	False	False		concordant (2-field)						
NA20850	HPRC-Rest	HLA-B	HLA-B*35:03:01:01/HLA-B*38:02:01	HLA-B*35:03:01:01/HLA-B*38:02:01:02		1.0	1.0	1.0	0.0	True	True		concordant (2-field)						
NA20850	HPRC-Rest	HLA-C	HLA-C*04:01:01:14/HLA-C*07:02:01:01	HLA-C*04:01:01:14/HLA-C*07:02:01:01		1.0	1.0	1.0	1.0	False	False		concordant (2-field)						
NA20850	HPRC-Rest	HLA-DQA1	HLA-DQA1*02:01:01:01/HLA-DQA1*01:02:01	HLA-DQA1*01:02:01:03/HLA-DQA1*02:01:01:01		1.0	1.0	1.0	0.0	True	True		concordant (2-field)						
NA20850	HPRC-Rest	HLA-DQB1	HLA-DQB1*03:03:02:01/HLA-DQB1*05:02:01:01	HLA-DQB1*03:03:02:01/HLA-DQB1*05:02:01:01		1.0	1.0	1.0	1.0	False	False		concordant (2-field)						
NA20850	HPRC-Rest	HLA-DRB1	HLA-DRB1*07:01:01:02/HLA-DRB1*15:04	HLA-DRB1*07:01:01:02/HLA-DRB1*15:04		1.0	1.0	1.0	1.0	True	True		concordant (2-field)						
NA20870	HPRC-Rest	HLA-A	HLA-A*68:01:02:02/HLA-A*02:11:01:01	HLA-A*02:11:01:01/HLA-A*68:01:02:02		1.0	1.0	1.0	1.0	False	False		concordant (2-field)						
NA20870	HPRC-Rest	HLA-B	HLA-B*18:01:01:05/HLA-B*40:06:01:13	HLA-B*18:01:01:05/HLA-B*40:06:01:13		1.0	1.0	1.0	1.0	False	False		concordant (2-field)						
NA20870	HPRC-Rest	HLA-C	HLA-C*12:05:01/HLA-C*15:02:01:01	HLA-C*12:05:01/HLA-C*15:02:01:01		1.0	1.0	1.0	1.0	False	False		concordant (2-field)						
NA20870	HPRC-Rest	HLA-DQA1	HLA-DQA1*01:02:01:23/HLA-DQA1*01:03:01:01	HLA-DQA1*01:02:01:23/HLA-DQA1*01:03:01:01		1.0	1.0	1.0	1.0	False	False		concordant (2-field)						
NA20870	HPRC-Rest	HLA-DQB1	HLA-DQB1*06:09:01:01/HLA-DQB1*06:01:01:01	HLA-DQB1*06:01:01:01/HLA-DQB1*06:09:01:01		1.0	1.0	1.0	1.0	False	False		concordant (2-field)						
NA20870	HPRC-Rest	HLA-DRB1	HLA-DRB1*13:02:01:03/HLA-DRB1*15:01:01:03	HLA-DRB1*13:02:01:03/HLA-DRB1*15:01:01:03		1.0	1.0	1.0	1.0	False	False		concordant (2-field)						
NA20905	HPRC-Rest	HLA-A	HLA-A*32:01:01:09/HLA-A*11:01:01:01	HLA-A*11:01:01:01/HLA-A*32:01:01:09		1.0	1.0	1.0	1.0	False	False		concordant (2-field)						
NA20905	HPRC-Rest	HLA-B	HLA-B*40:06:01:13/HLA-B*49:01:01:04	HLA-B*40:06:01:13/HLA-B*49:01:01:04		1.0	1.0	1.0	1.0	False	False		concordant (2-field)						
NA20905	HPRC-Rest	HLA-C	HLA-C*15:02:01:01/HLA-C*07:01:01:16	HLA-C*07:01:01:16/HLA-C*15:02:01:01		1.0	1.0	1.0	1.0	False	False		concordant (2-field)						
NA20905	HPRC-Rest	HLA-DQA1	HLA-DQA1*05:05:01:01/HLA-DQA1*01:03:01:01	HLA-DQA1*01:03:01:01/HLA-DQA1*05:05:01:01		1.0	1.0	1.0	1.0	False	False		concordant (2-field)						
NA20905	HPRC-Rest	HLA-DQB1	HLA-DQB1*03:01:01:04/HLA-DQB1*06:01:01:01	HLA-DQB1*03:01:01:04/HLA-DQB1*06:01:01:01		1.0	1.0	1.0	1.0	False	False		concordant (2-field)						
NA20905	HPRC-Rest	HLA-DRB1	HLA-DRB1*11:01:01/HLA-DRB1*15:02:01	HLA-DRB1*11:01:01:01/HLA-DRB1*15:02:01:03		1.0	1.0	1.0	0.0	True	True		concordant (2-field)						
NA21093	HPRC-Rest	HLA-A	HLA-A*01:01:01:01/HLA-A*01:01:01:01	HLA-A*01:01:01:01/HLA-A*01:01:01:01		1.0	1.0	1.0	1.0	False	False		concordant (2-field)						
NA21093	HPRC-Rest	HLA-B	HLA-B*57:01:01/HLA-B*37:01:01:01	HLA-B*37:01:01:01/HLA-B*57:01:01:31		1.0	1.0	1.0	0.0	True	False		concordant (2-field)						
NA21093	HPRC-Rest	HLA-C	HLA-C*06:02:01:01/HLA-C*06:02:01:01	HLA-C*06:02:01:01/HLA-C*06:02:01:01		1.0	1.0	1.0	1.0	False	False		concordant (2-field)						
NA21093	HPRC-Rest	HLA-DQA1	HLA-DQA1*02:01:01:01/HLA-DQA1*01:05:01:01	HLA-DQA1*01:05:01:01/HLA-DQA1*02:01:01:01		1.0	1.0	1.0	1.0	False	False		concordant (2-field)						
NA21093	HPRC-Rest	HLA-DQB1	HLA-DQB1*03:03:02:01/HLA-DQB1*05:01:01:05	HLA-DQB1*03:03:02:01/HLA-DQB1*05:01:01:05		1.0	1.0	1.0	1.0	False	False		concordant (2-field)						
NA21093	HPRC-Rest	HLA-DRB1	HLA-DRB1*07:01:01:02/HLA-DRB1*10:01:01:03	HLA-DRB1*07:01:01:02/HLA-DRB1*10:01:01:03		1.0	1.0	1.0	1.0	False	False		concordant (2-field)						
NA21102	HPRC-Rest	HLA-A	HLA-A*02:11:01:01/HLA-A*26:01:01:01	HLA-A*02:11:01:01/HLA-A*26:01:01:01		1.0	1.0	1.0	1.0	False	False		concordant (2-field)						
NA21102	HPRC-Rest	HLA-B	HLA-B*40:06:04:01/HLA-B*08:01:01:02	HLA-B*08:01:01:02/HLA-B*40:06:04:01		1.0	1.0	1.0	1.0	False	False		concordant (2-field)						
NA21102	HPRC-Rest	HLA-C	HLA-C*15:02:01:01/HLA-C*07:02:01:01	HLA-C*07:02:01:01/HLA-C*15:02:01:01		1.0	1.0	1.0	1.0	False	False		concordant (2-field)						
NA21102	HPRC-Rest	HLA-DQA1	HLA-DQA1*01:05:01:01/HLA-DQA1*05:01:01:03	HLA-DQA1*01:05:01:01/HLA-DQA1*05:01:01:01		1.0	1.0	1.0	0.0	False	True		concordant (2-field)						
NA21102	HPRC-Rest	HLA-DQB1	HLA-DQB1*05:01:01:05/HLA-DQB1*02:01:01:01	HLA-DQB1*02:01:01:01/HLA-DQB1*05:01:01:05		1.0	1.0	1.0	1.0	False	False		concordant (2-field)						
NA21102	HPRC-Rest	HLA-DRB1	HLA-DRB1*10:01:01:03/HLA-DRB1*03:01:01:03	HLA-DRB1*03:01:01:03/HLA-DRB1*10:01:01:03		1.0	1.0	1.0	1.0	False	False		concordant (2-field)						
NA21106	HPRC-Rest	HLA-A	HLA-A*32:01:01:01/HLA-A*11:01:01:01	HLA-A*11:01:01:01/HLA-A*32:01:01:01		1.0	1.0	1.0	1.0	False	False		concordant (2-field)						
NA21106	HPRC-Rest	HLA-B	HLA-B*57:01:01:01/HLA-B*52:01:01:02	HLA-B*52:01:01:02/HLA-B*57:01:01:01		1.0	1.0	1.0	1.0	False	False		concordant (2-field)						
NA21106	HPRC-Rest	HLA-C	HLA-C*06:02:01:01/HLA-C*12:02:02:01	HLA-C*06:02:01:01/HLA-C*12:02:02:01		1.0	1.0	1.0	1.0	False	False		concordant (2-field)						
NA21106	HPRC-Rest	HLA-DQA1	HLA-DQA1*01:03:01:01/HLA-DQA1*01:03:01:01	HLA-DQA1*01:03:01:01/HLA-DQA1*01:03:01:01		1.0	1.0	1.0	1.0	False	False		concordant (2-field)						
NA21106	HPRC-Rest	HLA-DQB1	HLA-DQB1*06:01:01:01/HLA-DQB1*06:01:01:01	HLA-DQB1*06:01:01:01/HLA-DQB1*06:01:01:01		1.0	1.0	1.0	1.0	False	False		concordant (2-field)						
NA21106	HPRC-Rest	HLA-DRB1	HLA-DRB1*15:01:01:03/HLA-DRB1*15:02:01	HLA-DRB1*15:01:01:03/HLA-DRB1*15:02:01:03		1.0	1.0	1.0	0.0	True	True		concordant (2-field)						
NA21110	HPRC-Rest	HLA-A	HLA-A*24:02:01:01/HLA-A*32:01:01:01	HLA-A*24:02:01:01/HLA-A*32:01:01:01		1.0	1.0	1.0	1.0	False	False		concordant (2-field)						
NA21110	HPRC-Rest	HLA-B	HLA-B*35:02:01:02/HLA-B*52:01:01:02	HLA-B*35:02:01:02/HLA-B*52:01:01:02		1.0	1.0	1.0	1.0	False	False		concordant (2-field)						
NA21110	HPRC-Rest	HLA-C	HLA-C*04:01:01:06/HLA-C*12:02:02:01	HLA-C*04:01:01:06/HLA-C*12:02:02:01		1.0	1.0	1.0	1.0	False	False		concordant (2-field)						
NA21110	HPRC-Rest	HLA-DQA1	HLA-DQA1*05:05:01/HLA-DQA1*01:03:01:01	HLA-DQA1*01:03:01:01/HLA-DQA1*05:05:01:32		1.0	1.0	1.0	0.0	True	True		concordant (2-field)						
NA21110	HPRC-Rest	HLA-DQB1	HLA-DQB1*03:01:01:02/HLA-DQB1*06:01:01:01	HLA-DQB1*03:01:01:02/HLA-DQB1*06:01:01:01		1.0	1.0	1.0	1.0	False	False		concordant (2-field)						
NA21110	HPRC-Rest	HLA-DRB1	HLA-DRB1*11:04:01:01/HLA-DRB1*15:02:01	HLA-DRB1*11:04:01:01/HLA-DRB1*15:02:01:03		1.0	1.0	1.0	0.0	True	True		concordant (2-field)						
NA21144	HPRC-Rest	HLA-A	HLA-A*02:01:01:01/HLA-A*33:03:01:01	HLA-A*02:01:01:01/HLA-A*33:03:01:01		1.0	1.0	1.0	1.0	False	False		concordant (2-field)						
NA21144	HPRC-Rest	HLA-B	HLA-B*57:01:01:01/HLA-B*58:01:01:03	HLA-B*57:01:01:01/HLA-B*58:01:01:03		1.0	1.0	1.0	1.0	False	False		concordant (2-field)						
NA21144	HPRC-Rest	HLA-C	HLA-C*06:02:01:01/HLA-C*03:02:02:05	HLA-C*03:02:02:05/HLA-C*06:02:01:01		1.0	1.0	1.0	1.0	False	False		concordant (2-field)						
NA21144	HPRC-Rest	HLA-DQA1	HLA-DQA1*02:01:01:01/HLA-DQA1*05:01:01:03	HLA-DQA1*02:01:01:01/HLA-DQA1*05:01:01:01		1.0	1.0	1.0	0.0	False	True		concordant (2-field)						
NA21144	HPRC-Rest	HLA-DQB1	HLA-DQB1*03:03:02:01/HLA-DQB1*02:01:01:01	HLA-DQB1*02:01:01:01/HLA-DQB1*03:03:02:01		1.0	1.0	1.0	1.0	False	False		concordant (2-field)						
NA21144	HPRC-Rest	HLA-DRB1	HLA-DRB1*07:01:01:02/HLA-DRB1*03:01:01:03	HLA-DRB1*03:01:01:03/HLA-DRB1*07:01:01:02		1.0	1.0	1.0	1.0	False	False		concordant (2-field)						
NA21309	HPRC-Rest	HLA-A	HLA-A*01:03:01:01/HLA-A*02:02:01:01	HLA-A*01:03:01:01/HLA-A*02:02:01:01		1.0	1.0	1.0	1.0	False	False		concordant (2-field)						
NA21309	HPRC-Rest	HLA-B	HLA-B*08:01:01:01/HLA-B*49:01:01:01	HLA-B*08:01:01:01/HLA-B*49:01:01:01		1.0	1.0	1.0	1.0	False	False		concordant (2-field)						
NA21309	HPRC-Rest	HLA-C	HLA-C*07:04:01:01/HLA-C*07:01:01:16	HLA-C*07:01:01:16/HLA-C*07:04:01:01		1.0	1.0	1.0	1.0	False	False		concordant (2-field)						
NA21309	HPRC-Rest	HLA-DQA1	HLA-DQA1*01:02:01:03/HLA-DQA1*01:02:01:04	HLA-DQA1*01:02:01:03/HLA-DQA1*01:02:01:04		1.0	1.0	1.0	1.0	False	False		concordant (2-field)						
NA21309	HPRC-Rest	HLA-DQB1	HLA-DQB1*06:02:01:01/HLA-DQB1*06:04:01:01	HLA-DQB1*06:02:01:01/HLA-DQB1*06:04:01:01		1.0	1.0	1.0	1.0	False	False		concordant (2-field)						
NA21309	HPRC-Rest	HLA-DRB1	HLA-DRB1*15:03:01:03/HLA-DRB1*13:02:01	HLA-DRB1*13:02:01:13/HLA-DRB1*15:03:01:03		1.0	1.0	1.0	0.0	True	True		concordant (2-field)						
RY01	CPC-Chinese	HLA-A	HLA-A*11:01:01:01/HLA-A*11:01:01:01	HLA-A*11:01:01:01/HLA-A*11:01:01:01		1.0	1.0	1.0	1.0	False	False		concordant (2-field)						
RY01	CPC-Chinese	HLA-B	HLA-B*13:01:01:01/HLA-B*56:01:01:04	HLA-B*13:01:01:01/HLA-B*56:01:01:04		1.0	1.0	1.0	1.0	False	False		concordant (2-field)						
RY01	CPC-Chinese	HLA-C	HLA-C*03:04:01:02/HLA-C*01:02:01:01	HLA-C*01:02:01:01/HLA-C*03:04:01:02		1.0	1.0	1.0	1.0	False	False		concordant (2-field)						
RY01	CPC-Chinese	HLA-DQA1	HLA-DQA1*06:01:01:02/HLA-DQA1*03:02:01:02	HLA-DQA1*03:02:01:02/HLA-DQA1*06:01:01:02		1.0	1.0	1.0	1.0	False	False		concordant (2-field)						
RY01	CPC-Chinese	HLA-DQB1	HLA-DQB1*03:01:01/HLA-DQB1*03:03:02:02	HLA-DQB1*03:01:01:71/HLA-DQB1*03:03:02:02		1.0	1.0	1.0	0.0	True	False		concordant (2-field)						
RY01	CPC-Chinese	HLA-DRB1	HLA-DRB1*12/HLA-DRB1*09:01:02	HLA-DRB1*09:01:02:03/HLA-DRB1*12:02:01:05		1.0	0.0	0.0	0.0	True	True	0.0	both novel (no exact IPD-IMGT/HLA match)						
RY02	CPC-Chinese	HLA-A	HLA-A*02:01:01:01/HLA-A*02:07:01:01	HLA-A*02:01:01:01/HLA-A*02:07:01:01		1.0	1.0	1.0	1.0	False	False		concordant (2-field)						
RY02	CPC-Chinese	HLA-B	HLA-B*56:01:01:04/HLA-B*52:01:01:02	HLA-B*52:01:01:02/HLA-B*56:01:01:04		1.0	1.0	1.0	1.0	False	False		concordant (2-field)						
RY02	CPC-Chinese	HLA-C	HLA-C*01:02:01:01/HLA-C*12:02:02:01	HLA-C*01:02:01:01/HLA-C*12:02:02:01		1.0	1.0	1.0	1.0	False	False		concordant (2-field)						
RY02	CPC-Chinese	HLA-DQA1	HLA-DQA1*01:01:01:01/HLA-DQA1*01:03:01:01	HLA-DQA1*01:01:01:01/HLA-DQA1*01:03:01:01		1.0	1.0	1.0	1.0	False	False		concordant (2-field)						
RY02	CPC-Chinese	HLA-DQB1	HLA-DQB1*05:01:01:03/HLA-DQB1*06:01:01:01	HLA-DQB1*05:01:01:03/HLA-DQB1*06:01:01:01		1.0	1.0	1.0	1.0	False	False		concordant (2-field)						
RY02	CPC-Chinese	HLA-DRB1	HLA-DRB1*01:01:01:01/HLA-DRB1*15:02:01	HLA-DRB1*01:01:01:01/HLA-DRB1*15:02:01:03		1.0	1.0	1.0	0.0	True	True		concordant (2-field)						
RY03	CPC-Chinese	HLA-A	HLA-A*30:01:01:01/HLA-A*11	HLA-A*11:01:128/HLA-A*30:01:01:01		1.0	0.0	0.0	0.0	True	True	0.0	both novel (no exact IPD-IMGT/HLA match)						
RY03	CPC-Chinese	HLA-B	HLA-B*13:02:01:01/HLA-B*40:01:02:04	HLA-B*13:02:01:01/HLA-B*40:01:02:04		1.0	1.0	1.0	1.0	False	False		concordant (2-field)						
RY03	CPC-Chinese	HLA-C	HLA-C*06:02:01:01/HLA-C*03:04:01:02	HLA-C*03:04:01:02/HLA-C*06:02:01:01		1.0	1.0	1.0	1.0	False	False		concordant (2-field)						
RY03	CPC-Chinese	HLA-DQA1	HLA-DQA1*02:01:01:01/HLA-DQA1*01:04:01:02	HLA-DQA1*01:04:01:02/HLA-DQA1*02:01:01:01		1.0	1.0	1.0	1.0	False	False		concordant (2-field)						
RY03	CPC-Chinese	HLA-DQB1	HLA-DQB1*02:02/HLA-DQB1*05:03:01:04	HLA-DQB1*02:02:01:14/HLA-DQB1*05:03:01:04		1.0	1.0	0.0	0.0	True	True		concordant (2-field)						
RY03	CPC-Chinese	HLA-DRB1	HLA-DRB1*07:01:01:01/HLA-DRB1*14:54:01	HLA-DRB1*07:01:01:01/HLA-DRB1*14:54:01:08		1.0	1.0	1.0	0.0	True	True		concordant (2-field)						
RY04	CPC-Chinese	HLA-A	HLA-A*11:01:01:01/HLA-A*11:01:01:01	HLA-A*11:01:01:01/HLA-A*11:01:01:01		1.0	1.0	1.0	1.0	False	False		concordant (2-field)						
RY04	CPC-Chinese	HLA-B	HLA-B*51:01:01:01/HLA-B*56:01:01:04	HLA-B*51:01:01:01/HLA-B*56:01:01:04		1.0	1.0	1.0	1.0	False	False		concordant (2-field)						
RY04	CPC-Chinese	HLA-C	HLA-C*14:02:01:01/HLA-C*01:02:01:01	HLA-C*01:02:01:01/HLA-C*14:02:01:01		1.0	1.0	1.0	1.0	False	False		concordant (2-field)						
RY04	CPC-Chinese	HLA-DQA1	HLA-DQA1*05:05:01:09/HLA-DQA1*05:03:01:02	HLA-DQA1*05:03:01:02/HLA-DQA1*05:05:01:09		1.0	1.0	1.0	1.0	False	False		concordant (2-field)						
RY04	CPC-Chinese	HLA-DQB1	HLA-DQB1*03:01:01:03/HLA-DQB1*03:01:01:01	HLA-DQB1*03:01:01:01/HLA-DQB1*03:01:01:03		1.0	1.0	1.0	1.0	False	False		concordant (2-field)						
RY04	CPC-Chinese	HLA-DRB1	HLA-DRB1*11:01:01/HLA-DRB1*13:12:01	HLA-DRB1*11:01:01:04/HLA-DRB1*13:12:01		1.0	1.0	1.0	0.0	True	True		concordant (2-field)						
RY05	CPC-Chinese	HLA-A	HLA-A*02:01:01:01/HLA-A*24:02:01:01	HLA-A*02:01:01:01/HLA-A*24:02:01:01		1.0	1.0	1.0	1.0	False	False		concordant (2-field)						
RY05	CPC-Chinese	HLA-B	HLA-B*40:03:01/HLA-B*07:02:01:01	HLA-B*07:02:01:01/HLA-B*40:03:01:02		1.0	1.0	1.0	0.0	True	True		concordant (2-field)						
RY05	CPC-Chinese	HLA-C	HLA-C*03:04:01:02/HLA-C*07:02:01:03	HLA-C*03:04:01:02/HLA-C*07:02:01:03		1.0	1.0	1.0	1.0	False	False		concordant (2-field)						
RY05	CPC-Chinese	HLA-DQA1	HLA-DQA1*05:05:01:01/HLA-DQA1*01:01:01:01	HLA-DQA1*01:01:01:01/HLA-DQA1*05:05:01:01		1.0	1.0	1.0	1.0	False	False		concordant (2-field)						
RY05	CPC-Chinese	HLA-DQB1	HLA-DQB1*03:01:01:03/HLA-DQB1*05:01:01:03	HLA-DQB1*03:01:01:03/HLA-DQB1*05:01:01:03		1.0	1.0	1.0	1.0	False	False		concordant (2-field)						
RY05	CPC-Chinese	HLA-DRB1	HLA-DRB1*11:01:01/HLA-DRB1*01:01:01:01	HLA-DRB1*01:01:01:01/HLA-DRB1*11:01:01:04		1.0	1.0	1.0	0.0	True	True		concordant (2-field)						
RY06	CPC-Chinese	HLA-A	HLA-A*32:01:01:01/HLA-A*02:01:01:01	HLA-A*02:01:01:01/HLA-A*32:01:01:01		1.0	1.0	1.0	1.0	False	False		concordant (2-field)						
RY06	CPC-Chinese	HLA-B	HLA-B*49:01:01:01/HLA-B*07:02:01:01	HLA-B*07:02:01:01/HLA-B*49:01:01:01		1.0	1.0	1.0	1.0	False	False		concordant (2-field)						
RY06	CPC-Chinese	HLA-C	HLA-C*07:01:01:16/HLA-C*07:02:01:03	HLA-C*07:01:01:16/HLA-C*07:02:01:03		1.0	1.0	1.0	1.0	False	False		concordant (2-field)						
RY06	CPC-Chinese	HLA-DQA1	HLA-DQA1*05:05:01:02/HLA-DQA1*01:02:01:01	HLA-DQA1*01:02:01:01/HLA-DQA1*05:05:01:02		1.0	1.0	1.0	1.0	False	False		concordant (2-field)						
RY06	CPC-Chinese	HLA-DQB1	HLA-DQB1*03:01:01:03/HLA-DQB1*06:02:01:01	HLA-DQB1*03:01:01:03/HLA-DQB1*06:02:01:01		1.0	1.0	1.0	1.0	False	False		concordant (2-field)						
RY06	CPC-Chinese	HLA-DRB1	HLA-DRB1*11/HLA-DRB1*15:01:01	HLA-DRB1*11:198/HLA-DRB1*15:01:01:07		1.0	0.0	0.0	0.0	True	True	0.0	both novel (no exact IPD-IMGT/HLA match)						
RY07	CPC-Chinese	HLA-A	HLA-A*24:02:01:01/HLA-A*02:01:01:01	HLA-A*02:01:01:01/HLA-A*24:02:01:01		1.0	1.0	1.0	1.0	False	False		concordant (2-field)						
RY07	CPC-Chinese	HLA-B	HLA-B*40:02:01:01/HLA-B*73:01:01:02	HLA-B*40:02:01:01/HLA-B*73:01:01:02		1.0	1.0	1.0	1.0	False	False		concordant (2-field)						
RY07	CPC-Chinese	HLA-C	HLA-C*03:04:01:02/HLA-C*15:05:01:01	HLA-C*03:04:01:02/HLA-C*15:05:01:01		1.0	1.0	1.0	1.0	False	False		concordant (2-field)						
RY07	CPC-Chinese	HLA-DQA1	HLA-DQA1*03:01:01:01/HLA-DQA1*02:01:01:01	HLA-DQA1*02:01:01:01/HLA-DQA1*03:01:01:01		1.0	1.0	1.0	1.0	False	False		concordant (2-field)						
RY07	CPC-Chinese	HLA-DQB1	HLA-DQB1*03:02:01:01/HLA-DQB1*02:02:01:01	HLA-DQB1*02:02:01:01/HLA-DQB1*03:02:01:01		1.0	1.0	1.0	1.0	False	False		concordant (2-field)						
RY07	CPC-Chinese	HLA-DRB1	HLA-DRB1*08/HLA-DRB1*07:01:01:01	HLA-DRB1*07:01:01:01/HLA-DRB1*08:02:01:01		1.0	0.0	0.0	0.0	True	True	0.0	both novel (no exact IPD-IMGT/HLA match)						
RY08	CPC-Chinese	HLA-A	HLA-A*11:01:01:01/HLA-A*11:01:01:01	HLA-A*11:01:01:01/HLA-A*11:01:01:01		1.0	1.0	1.0	1.0	False	False		concordant (2-field)						
RY08	CPC-Chinese	HLA-B	HLA-B*13:01:01:02/HLA-B*46:01:01:01	HLA-B*13:01:01:02/HLA-B*46:01:01:01		1.0	1.0	1.0	1.0	False	False		concordant (2-field)						
RY08	CPC-Chinese	HLA-C	HLA-C*03:04:01:02/HLA-C*01:02:01:01	HLA-C*01:02:01:01/HLA-C*03:04:01:02		1.0	1.0	1.0	1.0	False	False		concordant (2-field)						
RY08	CPC-Chinese	HLA-DQA1	HLA-DQA1*01:02:02:01/HLA-DQA1*03:02:01:02	HLA-DQA1*01:02:02:01/HLA-DQA1*03:02:01:02		1.0	1.0	1.0	1.0	False	False		concordant (2-field)						
RY08	CPC-Chinese	HLA-DQB1	HLA-DQB1*05:02:01:01/HLA-DQB1*03:03:02:02	HLA-DQB1*03:03:02:02/HLA-DQB1*05:02:01:01		1.0	1.0	1.0	1.0	False	False		concordant (2-field)						
RY08	CPC-Chinese	HLA-DRB1	HLA-DRB1*16:02:01:01/HLA-DRB1*09:01:02	HLA-DRB1*09:01:02:03/HLA-DRB1*16:02:01:01		1.0	1.0	1.0	0.0	True	True		concordant (2-field)						
RY09	CPC-Chinese	HLA-A	HLA-A*02:06:01:01/HLA-A*30:01:01:01	HLA-A*02:06:01:01/HLA-A*30:01:01:01		1.0	1.0	1.0	1.0	False	False		concordant (2-field)						
RY09	CPC-Chinese	HLA-B	HLA-B*44:03:02:04/HLA-B*13:02:01:01	HLA-B*13:02:01:01/HLA-B*44:03:02:04		1.0	1.0	1.0	1.0	False	False		concordant (2-field)						
RY09	CPC-Chinese	HLA-C	HLA-C*07:06:01:01/HLA-C*06:02:01:01	HLA-C*06:02:01:01/HLA-C*07:06:01:01		1.0	1.0	1.0	1.0	False	False		concordant (2-field)						
RY09	CPC-Chinese	HLA-DQA1	HLA-DQA1*02:01:01:01/HLA-DQA1*02:01:01:01	HLA-DQA1*02:01:01:01/HLA-DQA1*02:01:01:01		1.0	1.0	1.0	1.0	False	False		concordant (2-field)						
RY09	CPC-Chinese	HLA-DQB1	HLA-DQB1*02:02:01:01/HLA-DQB1*02:02:01:01	HLA-DQB1*02:02:01:01/HLA-DQB1*02:02:01:01		1.0	1.0	1.0	1.0	False	False		concordant (2-field)						
RY09	CPC-Chinese	HLA-DRB1	HLA-DRB1*07:01:01/HLA-DRB1*07:01:01	HLA-DRB1*07:01:01:26/HLA-DRB1*07:01:01:26		1.0	1.0	1.0	0.0	True	True		concordant (2-field)						
RY10	CPC-Chinese	HLA-A	HLA-A*24:02:01:01/HLA-A*24:02:01:01	HLA-A*24:02:01:01/HLA-A*24:02:01:01		1.0	1.0	1.0	1.0	False	False		concordant (2-field)						
RY10	CPC-Chinese	HLA-B	HLA-B*52:01:01:02/HLA-B*15:11:01	HLA-B*15:11:01:01/HLA-B*52:01:01:02		1.0	1.0	1.0	0.0	False	False		concordant (2-field)						
RY10	CPC-Chinese	HLA-C	HLA-C*12:02:02:01/HLA-C*03:03:01:01	HLA-C*03:03:01:01/HLA-C*12:02:02:01		1.0	1.0	1.0	1.0	False	False		concordant (2-field)						
RY10	CPC-Chinese	HLA-DQA1	HLA-DQA1*01:03:01:01/HLA-DQA1*03:02:01:01	HLA-DQA1*01:03:01:01/HLA-DQA1*03:02:01:01		1.0	1.0	1.0	1.0	False	False		concordant (2-field)						
RY10	CPC-Chinese	HLA-DQB1	HLA-DQB1*06:01:01:01/HLA-DQB1*03:03:02:02	HLA-DQB1*03:03:02:02/HLA-DQB1*06:01:01:01		1.0	1.0	1.0	1.0	False	False		concordant (2-field)						
RY10	CPC-Chinese	HLA-DRB1	HLA-DRB1*15:02:01:03/HLA-DRB1*09:01:02	HLA-DRB1*09:01:02:03/HLA-DRB1*15:02:01:03		1.0	1.0	1.0	0.0	True	True		concordant (2-field)						
RY11	CPC-Chinese	HLA-A	HLA-A*24/HLA-A*02:06:01:02	HLA-A*02:06:01:02/HLA-A*24:02:01:01		1.0	0.0	0.0	0.0	True	True	0.0	both novel (no exact IPD-IMGT/HLA match)						
RY11	CPC-Chinese	HLA-B	HLA-B*15:01:01:01/HLA-B*51:01:01:01	HLA-B*15:01:01:01/HLA-B*51:01:01:01		1.0	1.0	1.0	1.0	False	False		concordant (2-field)						
RY11	CPC-Chinese	HLA-C	HLA-C*03:03:01:01/HLA-C*14:02:01:01	HLA-C*03:03:01:01/HLA-C*14:02:01:01		1.0	1.0	1.0	1.0	False	False		concordant (2-field)						
RY11	CPC-Chinese	HLA-DQA1	HLA-DQA1*03:03:01:03/HLA-DQA1*03:01:01:01	HLA-DQA1*03:01:01:01/HLA-DQA1*03:03:01:03		1.0	1.0	1.0	1.0	False	False		concordant (2-field)						
RY11	CPC-Chinese	HLA-DQB1	HLA-DQB1*04:01:01:03/HLA-DQB1*03:02:01:01	HLA-DQB1*03:02:01:01/HLA-DQB1*04:01:01:03		1.0	1.0	1.0	1.0	False	False		concordant (2-field)						
RY11	CPC-Chinese	HLA-DRB1	HLA-DRB1*04:05:01/HLA-DRB1*04:05:01	HLA-DRB1*04:05:01:04/HLA-DRB1*04:90		1.0	0.0	0.0	0.0	True	True	6.0	FuFiHLA artefact (consensus not present in the assembly)						
apr-f	APR	HLA-A	HLA-A*31:01:02:01/HLA-A*01:01:01:01	HLA-A*01:01:01:01/HLA-A*31:01:02:01		1.0	1.0	1.0	1.0	False	False		concordant (2-field)						
apr-f	APR	HLA-B	HLA-B*52:01:01:01/HLA-B*40:06:04:01	HLA-B*40:06:04:01/HLA-B*52:01:01:01		1.0	1.0	1.0	1.0	False	False		concordant (2-field)						
apr-f	APR	HLA-C	HLA-C*12:02:02:01/HLA-C*15:02:01:01	HLA-C*12:02:02:01/HLA-C*15:02:01:01		1.0	1.0	1.0	1.0	False	False		concordant (2-field)						
apr-f	APR	HLA-DQA1	HLA-DQA1*01:03:01:01/HLA-DQA1*01:03:01:01	HLA-DQA1*01:03:01:01/HLA-DQA1*01:03:01:01		1.0	1.0	1.0	1.0	False	False		concordant (2-field)						
apr-f	APR	HLA-DQB1	HLA-DQB1*06:01:01:01/HLA-DQB1*06:01:01:01	HLA-DQB1*06:01:01:01/HLA-DQB1*06:01:01:01		1.0	1.0	1.0	1.0	False	False		concordant (2-field)						
apr-f	APR	HLA-DRB1	HLA-DRB1*15:02:01/HLA-DRB1*15:01:01	HLA-DRB1*15:01:01:03/HLA-DRB1*15:02:01:06		1.0	1.0	1.0	0.0	True	True		concordant (2-field)						
apr-m	APR	HLA-A	HLA-A*02:22:01:01/HLA-A*11:01:01:01	HLA-A*02:22:01:01/HLA-A*11:01:01:01		1.0	1.0	1.0	1.0	False	False		concordant (2-field)						
apr-m	APR	HLA-B	HLA-B*18:01:01/HLA-B*40:06:01:13	HLA-B*18:248/HLA-B*40:06:01:13		1.0	0.0	0.0	0.0	True	False	0.0	FuFiHLA exact allele, Immuannot novel (newer IPD-IMGT/HLA release)						
apr-m	APR	HLA-C	HLA-C*07:04:01:01/HLA-C*15:02:01:01	HLA-C*07:04:01:01/HLA-C*15:02:01:01		1.0	1.0	1.0	1.0	False	False		concordant (2-field)						
apr-m	APR	HLA-DQA1	HLA-DQA1*01:02:01:14/HLA-DQA1*05:05:01	HLA-DQA1*01:02:01:14/HLA-DQA1*05:05:01:08		1.0	1.0	1.0	0.0	True	True		concordant (2-field)						
apr-m	APR	HLA-DQB1	HLA-DQB1*06:04:01:01/HLA-DQB1*03:01:01:03	HLA-DQB1*03:01:01:03/HLA-DQB1*06:04:01:01		1.0	1.0	1.0	1.0	False	False		concordant (2-field)						
apr-m	APR	HLA-DRB1	HLA-DRB1*13:02:01/HLA-DRB1*11:01:01	HLA-DRB1*11:01:01:01/HLA-DRB1*13:02:01:02		1.0	1.0	1.0	0.0	True	True		concordant (2-field)						
apr-s	APR	HLA-A	HLA-A*11:01:01:01/HLA-A*01:01:01:01	HLA-A*01:01:01:01/HLA-A*11:01:01:01		1.0	1.0	1.0	1.0	False	False		concordant (2-field)						
apr-s	APR	HLA-B	HLA-B*40:06:01:13/HLA-B*52:01:01:01	HLA-B*40:06:01:13/HLA-B*52:01:01:01		1.0	1.0	1.0	1.0	False	False		concordant (2-field)						
apr-s	APR	HLA-C	HLA-C*15:02:01:01/HLA-C*12:02:02:01	HLA-C*12:02:02:01/HLA-C*15:02:01:01		1.0	1.0	1.0	1.0	False	False		concordant (2-field)						
apr-s	APR	HLA-DQA1	HLA-DQA1*05:05:01/HLA-DQA1*01:03:01:01	HLA-DQA1*01:03:01:01/HLA-DQA1*05:05:01:08		1.0	1.0	1.0	0.0	True	True		concordant (2-field)						
apr-s	APR	HLA-DQB1	HLA-DQB1*03:01:01:03/HLA-DQB1*06:01:01:01	HLA-DQB1*03:01:01:03/HLA-DQB1*06:01:01:01		1.0	1.0	1.0	1.0	False	False		concordant (2-field)						
apr-s	APR	HLA-DRB1	HLA-DRB1*11:01:01/HLA-DRB1*15:02:01	HLA-DRB1*11:01:01:01/HLA-DRB1*15:02:01:06		1.0	1.0	1.0	0.0	True	True		concordant (2-field)						
apr001	APR	HLA-A	HLA-A*01:01:01:01/HLA-A*31:01:02:01	HLA-A*01:01:01:01/HLA-A*31:01:02:01		1.0	1.0	1.0	1.0	False	False		concordant (2-field)						
apr001	APR	HLA-B	HLA-B*39:01:01:05/HLA-B*40:06:01:13	HLA-B*39:01:01:05/HLA-B*40:06:01:13		1.0	1.0	1.0	1.0	False	False		concordant (2-field)						
apr001	APR	HLA-C	HLA-C*12:03:01:01/HLA-C*15:02:01:01	HLA-C*12:03:01:01/HLA-C*15:02:01:01		1.0	1.0	1.0	1.0	False	False		concordant (2-field)						
apr001	APR	HLA-DQA1	HLA-DQA1*01:02:02:01/HLA-DQA1*05:01:01:03	HLA-DQA1*01:02:02:01/HLA-DQA1*05:01:01:01		1.0	1.0	1.0	0.0	False	True		concordant (2-field)						
apr001	APR	HLA-DQB1	HLA-DQB1*05:02:01:01/HLA-DQB1*02:01:01:01	HLA-DQB1*02:01:01:01/HLA-DQB1*05:02:01:01		1.0	1.0	1.0	1.0	False	False		concordant (2-field)						
apr001	APR	HLA-DRB1	HLA-DRB1*16/HLA-DRB1*03:01:01:03	HLA-DRB1*03:01:01:03/HLA-DRB1*16:01:01:01		1.0	0.0	0.0	0.0	True	True	0.0	both novel (no exact IPD-IMGT/HLA match)						
apr002	APR	HLA-A	HLA-A*02:05:01:01/HLA-A*29:02:01:01	HLA-A*02:05:01:01/HLA-A*29:02:01:01		1.0	1.0	1.0	1.0	False	False		concordant (2-field)						
apr002	APR	HLA-B	HLA-B*50:01:01:01/HLA-B*40:06:01:13	HLA-B*40:06:01:13/HLA-B*50:01:01:01		1.0	1.0	1.0	1.0	False	False		concordant (2-field)						
apr002	APR	HLA-C	HLA-C*06:02:01:02/HLA-C*15:02:01:01	HLA-C*06:02:01:02/HLA-C*15:02:01:01		1.0	1.0	1.0	1.0	False	False		concordant (2-field)						
apr002	APR	HLA-DQA1	HLA-DQA1*02:01:01:01/HLA-DQA1*01:05:01:01	HLA-DQA1*01:05:01:01/HLA-DQA1*02:01:01:01		1.0	1.0	1.0	1.0	False	False		concordant (2-field)						
apr002	APR	HLA-DQB1	HLA-DQB1*02:02/HLA-DQB1*05:01:01:05	HLA-DQB1*02:02:01:14/HLA-DQB1*05:01:01:05		1.0	1.0	0.0	0.0	True	True		concordant (2-field)						
apr002	APR	HLA-DRB1	HLA-DRB1*07:01:01:01/HLA-DRB1*10:01:01	HLA-DRB1*07:01:01:01/HLA-DRB1*10:01:01:03		1.0	1.0	1.0	0.0	True	True		concordant (2-field)						
apr003	APR	HLA-A	HLA-A*24/HLA-A*01:01:01:01	HLA-A*01:01:01:01/HLA-A*24:608		1.0	0.0	0.0	0.0	True	True	0.0	both novel (no exact IPD-IMGT/HLA match)						
apr003	APR	HLA-B	HLA-B*14:02:01:01/HLA-B*40:06:01:13	HLA-B*14:02:01:01/HLA-B*40:06:01:13		1.0	1.0	1.0	1.0	False	False		concordant (2-field)						
apr003	APR	HLA-C	HLA-C*08:02:01:01/HLA-C*15:02:01:01	HLA-C*08:02:01:01/HLA-C*15:02:01:01		1.0	1.0	1.0	1.0	False	False		concordant (2-field)						
apr003	APR	HLA-DQA1	HLA-DQA1*03:01:01:01/HLA-DQA1*01:02:02:01	HLA-DQA1*01:02:02:01/HLA-DQA1*03:01:01:01		1.0	1.0	1.0	1.0	False	False		concordant (2-field)						
apr003	APR	HLA-DQB1	HLA-DQB1*03:02:01:01/HLA-DQB1*05:02:01:12	HLA-DQB1*03:02:01:01/HLA-DQB1*05:02:01:12		1.0	1.0	1.0	1.0	False	False		concordant (2-field)						
apr003	APR	HLA-DRB1	HLA-DRB1*04:03:01/HLA-DRB1*16:76	HLA-DRB1*04:03:01:03/HLA-DRB1*16:02:01:03		1.0	0.0	0.0	0.0	True	True	0.0	both novel (no exact IPD-IMGT/HLA match)						
apr004	APR	HLA-A	HLA-A*02:05:01:01/HLA-A*24:02:01:01	HLA-A*02:05:01:01/HLA-A*24:02:01:01		1.0	1.0	1.0	1.0	False	False		concordant (2-field)						
apr004	APR	HLA-B	HLA-B*50:01:01:01/HLA-B*08:01:01:02	HLA-B*08:01:01:02/HLA-B*50:01:01:01		1.0	1.0	1.0	1.0	False	False		concordant (2-field)						
apr004	APR	HLA-C	HLA-C*06:02:01:02/HLA-C*07:02:01:01	HLA-C*06:02:01:02/HLA-C*07:02:01:01		1.0	1.0	1.0	1.0	False	False		concordant (2-field)						
apr004	APR	HLA-DQA1	HLA-DQA1*01:02:01:01/HLA-DQA1*05:01:01:03	HLA-DQA1*01:02:01:01/HLA-DQA1*05:01:01:01		1.0	1.0	1.0	0.0	False	True		concordant (2-field)						
apr004	APR	HLA-DQB1	HLA-DQB1*06:02:01:01/HLA-DQB1*02:01:01:01	HLA-DQB1*02:01:01:01/HLA-DQB1*06:02:01:01		1.0	1.0	1.0	1.0	False	False		concordant (2-field)						
apr004	APR	HLA-DRB1	HLA-DRB1*15:01:01:03/HLA-DRB1*03:01:01:03	HLA-DRB1*03:01:01:03/HLA-DRB1*15:01:01:03		1.0	1.0	1.0	1.0	False	False		concordant (2-field)						
apr005	APR	HLA-A	HLA-A*11:01:01:01/HLA-A*30:02:01:01	HLA-A*11:01:01:01/HLA-A*30:02:01:01		1.0	1.0	1.0	1.0	False	False		concordant (2-field)						
apr005	APR	HLA-B	HLA-B*57:01:01/HLA-B*53:01:01:01	HLA-B*53:01:01:01/HLA-B*57:01:01:17		1.0	1.0	1.0	0.0	True	True		concordant (2-field)						
apr005	APR	HLA-C	HLA-C*06:02:01:01/HLA-C*04:01:01:75	HLA-C*04:01:01:75/HLA-C*06:02:01:01		1.0	1.0	1.0	1.0	False	False		concordant (2-field)						
apr005	APR	HLA-DQA1	HLA-DQA1*05:01:01:03/HLA-DQA1*05:01:01:03	HLA-DQA1*05:01:01:01/HLA-DQA1*05:03:01:02		1.0	0.0	0.0	0.0	False	True	2.0	FuFiHLA artefact (consensus not present in the assembly)						
apr005	APR	HLA-DQB1	HLA-DQB1*02:01:01:01/HLA-DQB1*02:01:01:01	HLA-DQB1*02:01:01:01/HLA-DQB1*02:01:01:01		1.0	1.0	1.0	1.0	False	False		concordant (2-field)						
apr005	APR	HLA-DRB1	HLA-DRB1*03:01:01:03/HLA-DRB1*03:01:01:03	HLA-DRB1*03:01:01:03/HLA-DRB1*03:217		1.0	0.0	0.0	0.0	False	False	1.0	FuFiHLA artefact (consensus not present in the assembly)						
apr006	APR	HLA-A	HLA-A*11:01:01:01/HLA-A*68:01:02:01	HLA-A*11:01:01:01/HLA-A*68:01:02:01		1.0	1.0	1.0	1.0	False	False		concordant (2-field)						
apr006	APR	HLA-B	HLA-B*53:01:01:01/HLA-B*51:01:01:04	HLA-B*51:01:01:04/HLA-B*53:01:01:01		1.0	1.0	1.0	1.0	False	False		concordant (2-field)						
apr006	APR	HLA-C	HLA-C*04:01:01:75/HLA-C*15:02:01:01	HLA-C*04:01:01:75/HLA-C*15:02:01:01		1.0	1.0	1.0	1.0	False	False		concordant (2-field)						
apr006	APR	HLA-DQA1	HLA-DQA1*05:01:01:03/HLA-DQA1*01:02:01:03	HLA-DQA1*01:02:01:03/HLA-DQA1*05:01:01:01		1.0	1.0	1.0	0.0	False	True		concordant (2-field)						
apr006	APR	HLA-DQB1	HLA-DQB1*02:01:01:01/HLA-DQB1*05:02:01:01	HLA-DQB1*02:01:01:01/HLA-DQB1*05:02:01:01		1.0	1.0	1.0	1.0	False	False		concordant (2-field)						
apr006	APR	HLA-DRB1	HLA-DRB1*03:147/HLA-DRB1*15:06:01	HLA-DRB1*03:147/HLA-DRB1*15:06:01		1.0	1.0	1.0	1.0	True	True		concordant (2-field)						
apr007	APR	HLA-A	HLA-A*02:01:01:01/HLA-A*02:05:01:01	HLA-A*02:01:01:01/HLA-A*02:05:01:01		1.0	1.0	1.0	1.0	False	False		concordant (2-field)						
apr007	APR	HLA-B	HLA-B*44:03:01:19/HLA-B*50:01:01	HLA-B*44:03:01:19/HLA-B*50:01:01:01		1.0	1.0	1.0	0.0	True	True		concordant (2-field)						
apr007	APR	HLA-C	HLA-C*04:01:01:14/HLA-C*06:02:01:02	HLA-C*04:01:01:14/HLA-C*06:02:01:02		1.0	1.0	1.0	1.0	False	False		concordant (2-field)						
apr007	APR	HLA-DQA1	HLA-DQA1*01:02:01:01/HLA-DQA1*01:02:01:01	HLA-DQA1*01:02:01:01/HLA-DQA1*01:02:01:01		1.0	1.0	1.0	1.0	False	False		concordant (2-field)						
apr007	APR	HLA-DQB1	HLA-DQB1*06:02:01:01/HLA-DQB1*06:02:01:01	HLA-DQB1*06:02:01:01/HLA-DQB1*06:02:01:01		1.0	1.0	1.0	1.0	False	False		concordant (2-field)						
apr007	APR	HLA-DRB1	HLA-DRB1*15:01:01:07/HLA-DRB1*15:01:01:07	HLA-DRB1*15:01:01:07/HLA-DRB1*15:01:01:07		1.0	1.0	1.0	1.0	False	False		concordant (2-field)						
apr008	APR	HLA-A	HLA-A*30:01:01:01/HLA-A*31:01:02:01	HLA-A*30:01:01:01/HLA-A*31:01:02:01		1.0	1.0	1.0	1.0	False	False		concordant (2-field)						
apr008	APR	HLA-B	HLA-B*45:01:01:01/HLA-B*51:01:01:06	HLA-B*45:01:01:01/HLA-B*51:01:01:06		1.0	1.0	1.0	1.0	False	False		concordant (2-field)						
apr008	APR	HLA-C	HLA-C*06:02:01:03/HLA-C*15:02:01:01	HLA-C*06:02:01:03/HLA-C*15:02:01:01		1.0	1.0	1.0	1.0	False	False		concordant (2-field)						
apr008	APR	HLA-DQA1	HLA-DQA1*01:01:01:01/HLA-DQA1*05:01:01:03	HLA-DQA1*01:01:01:01/HLA-DQA1*05:01:01:01		1.0	1.0	1.0	0.0	False	True		concordant (2-field)						
apr008	APR	HLA-DQB1	HLA-DQB1*05:01:01:03/HLA-DQB1*02:01:01:01	HLA-DQB1*02:01:01:01/HLA-DQB1*05:01:01:03		1.0	1.0	1.0	1.0	False	False		concordant (2-field)						
apr008	APR	HLA-DRB1	HLA-DRB1*01:01:01/HLA-DRB1*03:01:01:03	HLA-DRB1*01:01:01:01/HLA-DRB1*03:01:01:03		1.0	1.0	1.0	0.0	True	True		concordant (2-field)						
apr009	APR	HLA-A	HLA-A*02:05:01:01/HLA-A*24:02:01:01	HLA-A*02:05:01:01/HLA-A*24:02:01:01		1.0	1.0	1.0	1.0	False	False		concordant (2-field)						
apr009	APR	HLA-B	HLA-B*50:01:01:01/HLA-B*51:01:01:04	HLA-B*50:01:01:01/HLA-B*51:01:01:04		1.0	1.0	1.0	1.0	False	False		concordant (2-field)						
apr009	APR	HLA-C	HLA-C*06:02:01:02/HLA-C*03:16	HLA-C*03:16/HLA-C*06:02:01:02		1.0	1.0	1.0	1.0	False	False		concordant (2-field)						
apr009	APR	HLA-DQA1	HLA-DQA1*02:01:01:01/HLA-DQA1*01:02:02	HLA-DQA1*01:02:02:01/HLA-DQA1*02:01:01:01		1.0	1.0	1.0	0.0	True	True		concordant (2-field)						
apr009	APR	HLA-DQB1	HLA-DQB1*02:02:01:01/HLA-DQB1*05:02:01:01	HLA-DQB1*02:02:01:01/HLA-DQB1*05:02:01:01		1.0	1.0	1.0	1.0	False	False		concordant (2-field)						
apr009	APR	HLA-DRB1	HLA-DRB1*07:01:01:01/HLA-DRB1*16:02:01	HLA-DRB1*07:01:01:01/HLA-DRB1*16:02:01:03		1.0	1.0	1.0	0.0	True	True		concordant (2-field)						
apr010	APR	HLA-A	HLA-A*01:01:01:01/HLA-A*03:01:01:01	HLA-A*01:01:01:01/HLA-A*03:01:01:01		1.0	1.0	1.0	1.0	False	False		concordant (2-field)						
apr010	APR	HLA-B	HLA-B*50:01:01:01/HLA-B*51:01:01	HLA-B*50:01:01:01/HLA-B*51:01:01:06		1.0	1.0	1.0	0.0	True	True		concordant (2-field)						
apr010	APR	HLA-C	HLA-C*06:02:01:02/HLA-C*15:02:01:01	HLA-C*06:02:01:02/HLA-C*15:02:01:01		1.0	1.0	1.0	1.0	False	False		concordant (2-field)						
apr010	APR	HLA-DQA1	HLA-DQA1*02:01:01:01/HLA-DQA1*01:02:01:01	HLA-DQA1*01:02:01:01/HLA-DQA1*02:01:01:01		1.0	1.0	1.0	1.0	False	False		concordant (2-field)						
apr010	APR	HLA-DQB1	HLA-DQB1*02:02:01:01/HLA-DQB1*06:02:01:01	HLA-DQB1*02:02:01:01/HLA-DQB1*06:02:01:01		1.0	1.0	1.0	1.0	False	False		concordant (2-field)						
apr010	APR	HLA-DRB1	HLA-DRB1*07:01:01:01/HLA-DRB1*15:01:01:07	HLA-DRB1*07:01:01:01/HLA-DRB1*15:01:01:07		1.0	1.0	1.0	1.0	False	False		concordant (2-field)						
apr011	APR	HLA-A	HLA-A*33:03:01:01/HLA-A*68:01:01:02	HLA-A*33:03:01:01/HLA-A*68:01:01:02		1.0	1.0	1.0	1.0	False	False		concordant (2-field)						
apr011	APR	HLA-B	HLA-B*58:01:01:03/HLA-B*08:01:01:02	HLA-B*08:01:01:02/HLA-B*58:01:01:03		1.0	1.0	1.0	1.0	False	False		concordant (2-field)						
apr011	APR	HLA-C	HLA-C*03/HLA-C*07:02:01:01	HLA-C*03:425/HLA-C*07:02:01:01		1.0	0.0	0.0	0.0	True	True	0.0	both novel (no exact IPD-IMGT/HLA match)						
apr011	APR	HLA-DQA1	HLA-DQA1*05:05:01/HLA-DQA1*05:01:01:03	HLA-DQA1*05:01:01:01/HLA-DQA1*05:05:01:09		1.0	1.0	1.0	0.0	True	True		concordant (2-field)						
apr011	APR	HLA-DQB1	HLA-DQB1*03:01:01:03/HLA-DQB1*02:01:01:01	HLA-DQB1*02:01:01:01/HLA-DQB1*03:01:01:03		1.0	1.0	1.0	1.0	False	False		concordant (2-field)						
apr011	APR	HLA-DRB1	HLA-DRB1*11:01:01/HLA-DRB1*03:01:01:03	HLA-DRB1*03:01:01:03/HLA-DRB1*11:01:01:01		1.0	1.0	1.0	0.0	True	True		concordant (2-field)						
apr012	APR	HLA-A	HLA-A*29:02:01:02/HLA-A*33:03:01:01	HLA-A*29:02:01:02/HLA-A*33:03:01:01		1.0	1.0	1.0	1.0	False	False		concordant (2-field)						
apr012	APR	HLA-B	HLA-B*45:01:01:01/HLA-B*58:01:01:03	HLA-B*45:01:01:01/HLA-B*58:01:01:03		1.0	1.0	1.0	1.0	False	False		concordant (2-field)						
apr012	APR	HLA-C	HLA-C*06:02:01:03/HLA-C*03:02:02:05	HLA-C*03:02:02:05/HLA-C*06:02:01:03		1.0	1.0	1.0	1.0	False	False		concordant (2-field)						
apr012	APR	HLA-DQA1	HLA-DQA1*05:01:01:03/HLA-DQA1*05:01:01:03	HLA-DQA1*05:01:01:01/HLA-DQA1*05:07		1.0	0.0	0.0	0.0	False	True	3.0	FuFiHLA artefact (consensus not present in the assembly)						
apr012	APR	HLA-DQB1	HLA-DQB1*02:01:01:01/HLA-DQB1*02:01:01:01	HLA-DQB1*02:01:01:01/HLA-DQB1*02:01:01:01		1.0	1.0	1.0	1.0	False	False		concordant (2-field)						
apr012	APR	HLA-DRB1	HLA-DRB1*03:01:01:03/HLA-DRB1*03:01:01:03	HLA-DRB1*03:01:01:03/HLA-DRB1*03:217		1.0	0.0	0.0	0.0	False	False	1.0	FuFiHLA artefact (consensus not present in the assembly)						
apr013	APR	HLA-A	HLA-A*24:02:01:01/HLA-A*02:11:01:01	HLA-A*02:11:01:01/HLA-A*24:02:01:01		1.0	1.0	1.0	1.0	False	False		concordant (2-field)						
apr013	APR	HLA-B	HLA-B*51:01:01:01/HLA-B*40:06:01:13	HLA-B*40:06:01:13/HLA-B*51:01:01:01		1.0	1.0	1.0	1.0	False	False		concordant (2-field)						
apr013	APR	HLA-C	HLA-C*14:02:01:01/HLA-C*15:02:01:01	HLA-C*14:02:01:01/HLA-C*15:02:01:01		1.0	1.0	1.0	1.0	False	False		concordant (2-field)						
apr013	APR	HLA-DQA1	HLA-DQA1*01:03:01:01/HLA-DQA1*01:03:01:01	HLA-DQA1*01:03:01:01/HLA-DQA1*01:03:01:01		1.0	1.0	1.0	1.0	False	False		concordant (2-field)						
apr013	APR	HLA-DQB1	HLA-DQB1*06:01:01:01/HLA-DQB1*06:01:01:01	HLA-DQB1*06:01:01:01/HLA-DQB1*06:01:01:01		1.0	1.0	1.0	1.0	False	False		concordant (2-field)						
apr013	APR	HLA-DRB1	HLA-DRB1*15:02:01/HLA-DRB1*15:02:01	HLA-DRB1*15:02:01:06/HLA-DRB1*15:02:01:06		1.0	1.0	1.0	0.0	True	True		concordant (2-field)						
apr014	APR	HLA-A	HLA-A*31:01:02:24/HLA-A*30:01:01:01	HLA-A*30:01:01:01/HLA-A*31:01:02:24		1.0	1.0	1.0	1.0	False	False		concordant (2-field)						
apr014	APR	HLA-B	HLA-B*39:06:02:03/HLA-B*42:01:01:01	HLA-B*39:06:02:03/HLA-B*42:01:01:01		1.0	1.0	1.0	1.0	False	False		concordant (2-field)						
apr014	APR	HLA-C	HLA-C*12:03:01:01/HLA-C*17:01:01:02	HLA-C*12:03:01:01/HLA-C*17:01:01:02		1.0	1.0	1.0	1.0	False	False		concordant (2-field)						
apr014	APR	HLA-DQA1	HLA-DQA1*05:01:01:03/HLA-DQA1*04:01:01:05	HLA-DQA1*04:01:01:05/HLA-DQA1*05:01:01:01		1.0	1.0	1.0	0.0	False	True		concordant (2-field)						
apr014	APR	HLA-DQB1	HLA-DQB1*02:01:01:01/HLA-DQB1*04:02:01:08	HLA-DQB1*02:01:01:01/HLA-DQB1*04:02:01:08		1.0	1.0	1.0	1.0	False	False		concordant (2-field)						
apr014	APR	HLA-DRB1	HLA-DRB1*03:01:01:03/HLA-DRB1*03:02:01	HLA-DRB1*03:01:01:03/HLA-DRB1*03:02:01:01		1.0	1.0	1.0	0.0	True	True		concordant (2-field)						
apr015	APR	HLA-A	HLA-A*26:01:01:01/HLA-A*02:01:01:01	HLA-A*02:01:01:01/HLA-A*26:01:01:01		1.0	1.0	1.0	1.0	False	False		concordant (2-field)						
apr015	APR	HLA-B	HLA-B*08:01:01:02/HLA-B*35:08:01:01	HLA-B*08:01:01:02/HLA-B*35:08:01:01		1.0	1.0	1.0	1.0	False	False		concordant (2-field)						
apr015	APR	HLA-C	HLA-C*07:02:01:01/HLA-C*04:01:01:06	HLA-C*04:01:01:06/HLA-C*07:02:01:01		1.0	1.0	1.0	1.0	False	False		concordant (2-field)						
apr015	APR	HLA-DQA1	HLA-DQA1*05:01:01:03/HLA-DQA1*05:01:01:03	HLA-DQA1*05:01:01:01/HLA-DQA1*05:03:01:02		1.0	0.0	0.0	0.0	False	True	2.0	FuFiHLA artefact (consensus not present in the assembly)						
apr015	APR	HLA-DQB1	HLA-DQB1*02:01:01:01/HLA-DQB1*02:01:01:01	HLA-DQB1*02:01:01:01/HLA-DQB1*02:01:01:01		1.0	1.0	1.0	1.0	False	False		concordant (2-field)						
apr015	APR	HLA-DRB1	HLA-DRB1*03:01:01:03/HLA-DRB1*03:01:01:03	HLA-DRB1*03:01:01:03/HLA-DRB1*03:01:01:03		1.0	1.0	1.0	1.0	False	False		concordant (2-field)						
apr016	APR	HLA-A	HLA-A*02:01:01:01/HLA-A*02:05:01:01	HLA-A*02:01:01:01/HLA-A*02:05:01:01		1.0	1.0	1.0	1.0	False	False		concordant (2-field)						
apr016	APR	HLA-B	HLA-B*40:06:01:13/HLA-B*50:01:01:01	HLA-B*40:06:01:13/HLA-B*50:01:01:01		1.0	1.0	1.0	1.0	False	False		concordant (2-field)						
apr016	APR	HLA-C	HLA-C*15:02:01:01/HLA-C*06:02:01:02	HLA-C*06:02:01:02/HLA-C*15:02:01:01		1.0	1.0	1.0	1.0	False	False		concordant (2-field)						
apr016	APR	HLA-DQA1	HLA-DQA1*01:02:02/HLA-DQA1*05:05:01:02	HLA-DQA1*01:02:02:01/HLA-DQA1*05:05:01:02		1.0	1.0	1.0	0.0	True	True		concordant (2-field)						
apr016	APR	HLA-DQB1	HLA-DQB1*05:02:01:12/HLA-DQB1*03:01:01:02	HLA-DQB1*03:01:01:02/HLA-DQB1*05:02:01:12		1.0	1.0	1.0	1.0	False	False		concordant (2-field)						
apr016	APR	HLA-DRB1	HLA-DRB1*16:02:01/HLA-DRB1*11:04:01	HLA-DRB1*11:04:01:03/HLA-DRB1*16:02:01:03		1.0	1.0	1.0	0.0	True	True		concordant (2-field)						
apr018	APR	HLA-A	HLA-A*26:01:01:01/HLA-A*32:01:01:01	HLA-A*26:01:01:01/HLA-A*32:01:01:01		1.0	1.0	1.0	1.0	False	False		concordant (2-field)						
apr018	APR	HLA-B	HLA-B*08:01:01:02/HLA-B*51:07:01	HLA-B*08:01:01:02/HLA-B*51:07:01		1.0	1.0	1.0	1.0	False	False		concordant (2-field)						
apr018	APR	HLA-C	HLA-C*07:02:01:01/HLA-C*14:02:01:01	HLA-C*07:02:01:01/HLA-C*14:02:01:01		1.0	1.0	1.0	1.0	False	False		concordant (2-field)						
apr018	APR	HLA-DQA1	HLA-DQA1*04:01:01:03/HLA-DQA1*01:05:01:01	HLA-DQA1*01:05:01:01/HLA-DQA1*04:01:01:03		1.0	1.0	1.0	1.0	False	False		concordant (2-field)						
apr018	APR	HLA-DQB1	HLA-DQB1*04:02:01:04/HLA-DQB1*05:01:01:05	HLA-DQB1*04:02:01:04/HLA-DQB1*05:01:01:05		1.0	1.0	1.0	1.0	False	False		concordant (2-field)						
apr018	APR	HLA-DRB1	HLA-DRB1*08:01:01:01/HLA-DRB1*10:01:01	HLA-DRB1*08:01:01:01/HLA-DRB1*10:01:01:03		1.0	1.0	1.0	0.0	True	True		concordant (2-field)						
apr019	APR	HLA-A	HLA-A*02:05:01:01/HLA-A*02:01:01:01	HLA-A*02:01:01:01/HLA-A*02:05:01:01		1.0	1.0	1.0	1.0	False	False		concordant (2-field)						
apr019	APR	HLA-B	HLA-B*44:05:01:01/HLA-B*73:01:01:01	HLA-B*44:05:01:01/HLA-B*73:01:01:01		1.0	1.0	1.0	1.0	False	False		concordant (2-field)						
apr019	APR	HLA-C	HLA-C*02:02:02:01/HLA-C*15:05:01:01	HLA-C*02:02:02:01/HLA-C*15:05:01:01		1.0	1.0	1.0	1.0	False	False		concordant (2-field)						
apr019	APR	HLA-DQA1	HLA-DQA1*03:03:01:01/HLA-DQA1*01:05:01:02	HLA-DQA1*01:05:01:02/HLA-DQA1*03:03:01:01		1.0	1.0	1.0	1.0	False	False		concordant (2-field)						
apr019	APR	HLA-DQB1	HLA-DQB1*03:02:01:01/HLA-DQB1*05:01:01:02	HLA-DQB1*03:02:01:01/HLA-DQB1*05:01:01:02		1.0	1.0	1.0	1.0	False	False		concordant (2-field)						
apr019	APR	HLA-DRB1	HLA-DRB1*04:05:01/HLA-DRB1*10:01:01	HLA-DRB1*04:05:01:07/HLA-DRB1*10:01:01:03		1.0	1.0	1.0	0.0	True	True		concordant (2-field)						
apr020	APR	HLA-A	HLA-A*30:02:01:01/HLA-A*02:01:01:01	HLA-A*02:01:01:01/HLA-A*30:02:01:01		1.0	1.0	1.0	1.0	False	False		concordant (2-field)						
apr020	APR	HLA-B	HLA-B*35:08:01:01/HLA-B*08:01:01	HLA-B*08:01:01:03/HLA-B*35:08:01:01		1.0	1.0	1.0	0.0	True	True		concordant (2-field)						
apr020	APR	HLA-C	HLA-C*04:01:01:06/HLA-C*07:18:01:01	HLA-C*04:01:01:06/HLA-C*07:18:01:01		1.0	1.0	1.0	1.0	False	False		concordant (2-field)						
apr020	APR	HLA-DQA1	HLA-DQA1*01:02:02:01/HLA-DQA1*05:01:01:01	HLA-DQA1*01:02:02:01/HLA-DQA1*05:01:01:01		1.0	1.0	1.0	1.0	False	False		concordant (2-field)						
apr020	APR	HLA-DQB1	HLA-DQB1*05:02:01:01/HLA-DQB1*02:01:01:01	HLA-DQB1*02:01:01:01/HLA-DQB1*05:02:01:01		1.0	1.0	1.0	1.0	False	False		concordant (2-field)						
apr020	APR	HLA-DRB1	HLA-DRB1*16:02:01/HLA-DRB1*03:01:01	HLA-DRB1*03:01:01:02/HLA-DRB1*16:02:01:03		1.0	1.0	1.0	0.0	True	True		concordant (2-field)						
apr021	APR	HLA-A	HLA-A*26:01:01:01/HLA-A*01:01:01:01	HLA-A*01:01:01:01/HLA-A*26:01:01:01		1.0	1.0	1.0	1.0	False	False		concordant (2-field)						
apr021	APR	HLA-B	HLA-B*38:01:01:01/HLA-B*51:01:01	HLA-B*38:01:01:01/HLA-B*51:01:01:14		1.0	1.0	1.0	0.0	True	True		concordant (2-field)						
apr021	APR	HLA-C	HLA-C*12:03:01:01/HLA-C*15:02:01:01	HLA-C*12:03:01:01/HLA-C*15:02:01:01		1.0	1.0	1.0	1.0	False	False		concordant (2-field)						
apr021	APR	HLA-DQA1	HLA-DQA1*05:05:01/HLA-DQA1*05:01:01:03	HLA-DQA1*05:01:01:03/HLA-DQA1*05:05:01:32		1.0	1.0	1.0	0.0	True	True		concordant (2-field)						
apr021	APR	HLA-DQB1	HLA-DQB1*03:01:01:03/HLA-DQB1*02:01:01:01	HLA-DQB1*02:01:01:01/HLA-DQB1*03:01:01:03		1.0	1.0	1.0	1.0	False	False		concordant (2-field)						
apr021	APR	HLA-DRB1	HLA-DRB1*11:01:01:01/HLA-DRB1*03:01:01:03	HLA-DRB1*03:01:01:03/HLA-DRB1*11:01:01:01		1.0	1.0	1.0	1.0	False	False		concordant (2-field)						
apr022	APR	HLA-A	HLA-A*01:01:01:01/HLA-A*02:01:01:08	HLA-A*01:01:01:01/HLA-A*02:01:01:08		1.0	1.0	1.0	1.0	False	False		concordant (2-field)						
apr022	APR	HLA-B	HLA-B*40:06:01:13/HLA-B*35:01:01:80	HLA-B*35:01:01:80/HLA-B*40:06:01:13		1.0	1.0	1.0	1.0	False	False		concordant (2-field)						
apr022	APR	HLA-C	HLA-C*15:02:01:01/HLA-C*03:03:01:01	HLA-C*03:03:01:01/HLA-C*15:02:01:01		1.0	1.0	1.0	1.0	False	False		concordant (2-field)						
apr022	APR	HLA-DQA1	HLA-DQA1*01:02:02:01/HLA-DQA1*05:01:01:03	HLA-DQA1*01:02:02:01/HLA-DQA1*05:01:01:01		1.0	1.0	1.0	0.0	False	True		concordant (2-field)						
apr022	APR	HLA-DQB1	HLA-DQB1*05:02:01:12/HLA-DQB1*02:01:01:01	HLA-DQB1*02:01:01:01/HLA-DQB1*05:02:01:12		1.0	1.0	1.0	1.0	False	False		concordant (2-field)						
apr022	APR	HLA-DRB1	HLA-DRB1*16:75/HLA-DRB1*03:01:01:03	HLA-DRB1*03:01:01:03/HLA-DRB1*16:75		1.0	1.0	1.0	1.0	True	False		concordant (2-field)						
apr023	APR	HLA-A	HLA-A*66:01:01:01/HLA-A*23:17:01:01	HLA-A*23:17:01:01/HLA-A*66:01:01:01		1.0	1.0	1.0	1.0	False	False		concordant (2-field)						
apr023	APR	HLA-B	HLA-B*58:02:01/HLA-B*15:220:01:01	HLA-B*15:220:01:01/HLA-B*58:02:01:01		1.0	1.0	1.0	0.0	True	True		concordant (2-field)						
apr023	APR	HLA-C	HLA-C*04:339:02/HLA-C*04:01:01	HLA-C*04:01:01:14/HLA-C*04:339:02		1.0	1.0	1.0	0.0	True	True		concordant (2-field)						
apr023	APR	HLA-DQA1	HLA-DQA1*01:02:01:03/HLA-DQA1*03:03:01:01	HLA-DQA1*01:02:01:03/HLA-DQA1*03:03:01:01		1.0	1.0	1.0	1.0	False	False		concordant (2-field)						
apr023	APR	HLA-DQB1	HLA-DQB1*06:02:01:01/HLA-DQB1*02:02:01:02	HLA-DQB1*02:02:01:02/HLA-DQB1*06:02:01:01		1.0	1.0	1.0	1.0	False	False		concordant (2-field)						
apr023	APR	HLA-DRB1	HLA-DRB1*15:03:01/HLA-DRB1*08:04:01	HLA-DRB1*08:04:01:01/HLA-DRB1*15:03:01:01		1.0	1.0	1.0	0.0	True	True		concordant (2-field)						
apr024	APR	HLA-A	HLA-A*01:01:01:01/HLA-A*11:01:01:01	HLA-A*01:01:01:01/HLA-A*11:01:01:01		1.0	1.0	1.0	1.0	False	False		concordant (2-field)						
apr024	APR	HLA-B	HLA-B*41:01:01:01/HLA-B*51:01:01:01	HLA-B*41:01:01:01/HLA-B*51:01:01:01		1.0	1.0	1.0	1.0	False	False		concordant (2-field)						
apr024	APR	HLA-C	HLA-C*16:02:01:01/HLA-C*07:02:01:01	HLA-C*07:02:01:01/HLA-C*16:02:01:01		1.0	1.0	1.0	1.0	False	False		concordant (2-field)						
apr024	APR	HLA-DQA1	HLA-DQA1*01:02:02:01/HLA-DQA1*01:02:02:01	HLA-DQA1*01:02:02:01/HLA-DQA1*01:02:02:01		1.0	1.0	1.0	1.0	False	False		concordant (2-field)						
apr024	APR	HLA-DQB1	HLA-DQB1*05:02:01:01/HLA-DQB1*05:02:01:01	HLA-DQB1*05:02:01:01/HLA-DQB1*05:02:01:01		1.0	1.0	1.0	1.0	False	False		concordant (2-field)						
apr024	APR	HLA-DRB1	HLA-DRB1*15:01:01:03/HLA-DRB1*16:02:01:03	HLA-DRB1*15:01:01:03/HLA-DRB1*16:02:01:03		1.0	1.0	1.0	1.0	False	False		concordant (2-field)						
apr025	APR	HLA-A	HLA-A*03:02:01:01/HLA-A*34:02:01:01	HLA-A*03:02:01:01/HLA-A*34:02:01:01		1.0	1.0	1.0	1.0	False	False		concordant (2-field)						
apr025	APR	HLA-B	HLA-B*07:05:01:01/HLA-B*44:03:01:19	HLA-B*07:05:01:01/HLA-B*44:03:01:78		1.0	1.0	1.0	0.0	False	False		concordant (2-field)						
apr025	APR	HLA-C	HLA-C*15:05:02:01/HLA-C*04:01:01:14	HLA-C*04:01:01:14/HLA-C*15:05:02:01		1.0	1.0	1.0	1.0	False	False		concordant (2-field)						
apr025	APR	HLA-DQA1	HLA-DQA1*01:05:01:01/HLA-DQA1*03:03:01:01	HLA-DQA1*01:05:01:01/HLA-DQA1*03:03:01:01		1.0	1.0	1.0	1.0	False	False		concordant (2-field)						
apr025	APR	HLA-DQB1	HLA-DQB1*05:01:01:02/HLA-DQB1*02:02:01:02	HLA-DQB1*02:02:01:02/HLA-DQB1*05:01:01:02		1.0	1.0	1.0	1.0	False	False		concordant (2-field)						
apr025	APR	HLA-DRB1	HLA-DRB1*10:01:01:03/HLA-DRB1*07:01:01	HLA-DRB1*07:01:01:02/HLA-DRB1*10:01:01:03		1.0	1.0	1.0	0.0	True	True		concordant (2-field)						
apr026	APR	HLA-A	HLA-A*30:01:01:01/HLA-A*68:01:01:02	HLA-A*30:01:01:01/HLA-A*68:01:01:02		1.0	1.0	1.0	1.0	False	False		concordant (2-field)						
apr026	APR	HLA-B	HLA-B*13:02:01:01/HLA-B*35:03:01:01	HLA-B*13:02:01:01/HLA-B*35:03:01:01		1.0	1.0	1.0	1.0	False	False		concordant (2-field)						
apr026	APR	HLA-C	HLA-C*06:02:01:01/HLA-C*04:01:01:14	HLA-C*04:01:01:14/HLA-C*06:02:01:01		1.0	1.0	1.0	1.0	False	False		concordant (2-field)						
apr026	APR	HLA-DQA1	HLA-DQA1*02:01:01:01/HLA-DQA1*03:03:01:01	HLA-DQA1*02:01:01:01/HLA-DQA1*03:03:01:01		1.0	1.0	1.0	1.0	False	False		concordant (2-field)						
apr026	APR	HLA-DQB1	HLA-DQB1*02:02:01:01/HLA-DQB1*03:02:01:01	HLA-DQB1*02:02:01:01/HLA-DQB1*03:02:01:01		1.0	1.0	1.0	1.0	False	False		concordant (2-field)						
apr026	APR	HLA-DRB1	HLA-DRB1*07:01:01:01/HLA-DRB1*04:05:01	HLA-DRB1*04:05:01:07/HLA-DRB1*07:01:01:01		1.0	1.0	1.0	0.0	True	True		concordant (2-field)						
apr027	APR	HLA-A	HLA-A*02:01:01:01/HLA-A*33:03:01:01	HLA-A*02:01:01:01/HLA-A*33:03:01:01		1.0	1.0	1.0	1.0	False	False		concordant (2-field)						
apr027	APR	HLA-B	HLA-B*14:02:01:01/HLA-B*50:01:01:01	HLA-B*14:02:01:01/HLA-B*50:01:01:01		1.0	1.0	1.0	1.0	False	False		concordant (2-field)						
apr027	APR	HLA-C	HLA-C*08:02:01:01/HLA-C*06:02:01:02	HLA-C*06:02:01:02/HLA-C*08:02:01:01		1.0	1.0	1.0	1.0	False	False		concordant (2-field)						
apr027	APR	HLA-DQA1	HLA-DQA1*02:01:01:01/HLA-DQA1*01:01:02:01	HLA-DQA1*01:01:02:01/HLA-DQA1*02:01:01:01		1.0	1.0	1.0	1.0	False	False		concordant (2-field)						
apr027	APR	HLA-DQB1	HLA-DQB1*05:01:01:01	HLA-DQB1*02:02:05/HLA-DQB1*05:01:01:01						False	False	4916.0	FuFiHLA artefact (consensus not present in the assembly)						
apr027	APR	HLA-DRB1	HLA-DRB1*07:01:01:01/HLA-DRB1*01:126	HLA-DRB1*01:126/HLA-DRB1*07:01:01:01		1.0	1.0	1.0	1.0	True	True		concordant (2-field)						
apr029	APR	HLA-A	HLA-A*68:01:01:02/HLA-A*68:01:01:02	HLA-A*68:01:01:02/HLA-A*68:01:01:02		1.0	1.0	1.0	1.0	False	False		concordant (2-field)						
apr029	APR	HLA-B	HLA-B*38:01:01:01/HLA-B*08:01:01:02	HLA-B*08:01:01:02/HLA-B*38:01:01:01		1.0	1.0	1.0	1.0	False	False		concordant (2-field)						
apr029	APR	HLA-C	HLA-C*12:03:01:01/HLA-C*07:02:01:01	HLA-C*07:02:01:01/HLA-C*12:03:01:01		1.0	1.0	1.0	1.0	False	False		concordant (2-field)						
apr029	APR	HLA-DQA1	HLA-DQA1*02:01:01:02/HLA-DQA1*05:01:01:03	HLA-DQA1*02:01:01:02/HLA-DQA1*05:01:01:01		1.0	1.0	1.0	0.0	False	True		concordant (2-field)						
apr029	APR	HLA-DQB1	HLA-DQB1*02:02:01:01/HLA-DQB1*02:01:01:01	HLA-DQB1*02:01:01:01/HLA-DQB1*02:02:01:01		1.0	1.0	1.0	1.0	False	False		concordant (2-field)						
apr029	APR	HLA-DRB1	HLA-DRB1*07:01:01:01/HLA-DRB1*03:01:01:03	HLA-DRB1*03:01:01:03/HLA-DRB1*07:01:01:01		1.0	1.0	1.0	1.0	False	False		concordant (2-field)						
apr030	APR	HLA-A	HLA-A*24:02:01:01/HLA-A*29:02:01:01	HLA-A*24:02:01:01/HLA-A*29:02:01:01		1.0	1.0	1.0	1.0	False	False		concordant (2-field)						
apr030	APR	HLA-B	HLA-B*40:06:01:13/HLA-B*40:06:01:13	HLA-B*40:06:01:13/HLA-B*40:06:01:13		1.0	1.0	1.0	1.0	False	False		concordant (2-field)						
apr030	APR	HLA-C	HLA-C*15:02:01:01/HLA-C*15:02:01:01	HLA-C*15:02:01:01/HLA-C*15:02:01:01		1.0	1.0	1.0	1.0	False	False		concordant (2-field)						
apr030	APR	HLA-DQA1	HLA-DQA1*01:02:02:01/HLA-DQA1*01:05:01:01	HLA-DQA1*01:02:02:01/HLA-DQA1*01:05:01:01		1.0	1.0	1.0	1.0	False	False		concordant (2-field)						
apr030	APR	HLA-DQB1	HLA-DQB1*05:02:01:01/HLA-DQB1*05:01:01:05	HLA-DQB1*05:01:01:05/HLA-DQB1*05:02:01:01		1.0	1.0	1.0	1.0	False	False		concordant (2-field)						
apr030	APR	HLA-DRB1	HLA-DRB1*11:01:01/HLA-DRB1*10:01:01	HLA-DRB1*10:01:01:03/HLA-DRB1*11:01:01:19		1.0	1.0	1.0	0.0	True	True		concordant (2-field)						
apr031	APR	HLA-A	HLA-A*30:01:01:01/HLA-A*24:02:01:01	HLA-A*24:02:01:01/HLA-A*30:01:01:01		1.0	1.0	1.0	1.0	False	False		concordant (2-field)						
apr031	APR	HLA-B	HLA-B*13:02:01:01/HLA-B*13:01:01	HLA-B*13:01:01:03/HLA-B*13:02:01:01		1.0	1.0	1.0	0.0	True	True		concordant (2-field)						
apr031	APR	HLA-C	HLA-C*06:02:01:01/HLA-C*04:03:01:01	HLA-C*04:03:01:01/HLA-C*06:02:01:01		1.0	1.0	1.0	1.0	False	False		concordant (2-field)						
apr031	APR	HLA-DQA1	HLA-DQA1*01:01:01:01/HLA-DQA1*01:02:02:01	HLA-DQA1*01:01:01:01/HLA-DQA1*01:02:02:01		1.0	1.0	1.0	1.0	False	False		concordant (2-field)						
apr031	APR	HLA-DQB1	HLA-DQB1*05:01:01/HLA-DQB1*05:02:01:01	HLA-DQB1*05:01:01:03/HLA-DQB1*05:02:01:01		1.0	1.0	1.0	0.0	True	True		concordant (2-field)						
apr031	APR	HLA-DRB1	HLA-DRB1*01:01:01/HLA-DRB1*16:02:01:03	HLA-DRB1*01:01:01:01/HLA-DRB1*16:02:01:03		1.0	1.0	1.0	0.0	True	True		concordant (2-field)						
apr032	APR	HLA-A	HLA-A*02:01:01:01/HLA-A*03:01:01:01	HLA-A*02:01:01:01/HLA-A*03:01:01:01		1.0	1.0	1.0	1.0	False	False		concordant (2-field)						
apr032	APR	HLA-B	HLA-B*44:05:01:01/HLA-B*50:01:01:01	HLA-B*44:05:01:01/HLA-B*50:01:01:01		1.0	1.0	1.0	1.0	False	False		concordant (2-field)						
apr032	APR	HLA-C	HLA-C*02:02:02:01/HLA-C*06:02:01:02	HLA-C*02:02:02:01/HLA-C*06:02:01:02		1.0	1.0	1.0	1.0	False	False		concordant (2-field)						
apr032	APR	HLA-DQA1	HLA-DQA1*02:01:01:01/HLA-DQA1*02:01:01:01	HLA-DQA1*02:01:01:01/HLA-DQA1*02:01:01:01		1.0	1.0	1.0	1.0	False	False		concordant (2-field)						
apr032	APR	HLA-DQB1	HLA-DQB1*03:03:02:01/HLA-DQB1*02:02:01:01	HLA-DQB1*02:02:01:01/HLA-DQB1*03:03:02:01		1.0	1.0	1.0	1.0	False	False		concordant (2-field)						
apr032	APR	HLA-DRB1	HLA-DRB1*07:01:01:02/HLA-DRB1*07:01:01	HLA-DRB1*07:01:01:01/HLA-DRB1*07:01:01:02		1.0	1.0	1.0	0.0	True	True		concordant (2-field)						
apr033	APR	HLA-A	HLA-A*30:01:01:01/HLA-A*23:01:01:01	HLA-A*23:01:01:01/HLA-A*30:01:01:01		1.0	1.0	1.0	1.0	False	False		concordant (2-field)						
apr033	APR	HLA-B	HLA-B*42:02:01:02/HLA-B*44:03:01:19	HLA-B*42:02:01:02/HLA-B*44:03:01:19		1.0	1.0	1.0	1.0	False	False		concordant (2-field)						
apr033	APR	HLA-C	HLA-C*17:01:01:02/HLA-C*04:01:01:14	HLA-C*04:01:01:14/HLA-C*17:01:01:02		1.0	1.0	1.0	1.0	False	False		concordant (2-field)						
apr033	APR	HLA-DQA1	HLA-DQA1*01:05:01:01/HLA-DQA1*01:01:01:01	HLA-DQA1*01:01:01:01/HLA-DQA1*01:05:01:01		1.0	1.0	1.0	1.0	False	False		concordant (2-field)						
apr033	APR	HLA-DQB1	HLA-DQB1*05:01:01:02/HLA-DQB1*05:01:01:03	HLA-DQB1*05:01:01:02/HLA-DQB1*05:01:01:03		1.0	1.0	1.0	1.0	False	False		concordant (2-field)						
apr033	APR	HLA-DRB1	HLA-DRB1*12:01:01:01/HLA-DRB1*01:01:01:01	HLA-DRB1*01:01:01:01/HLA-DRB1*12:01:01:01		1.0	1.0	1.0	1.0	False	False		concordant (2-field)						
apr034	APR	HLA-A	HLA-A*02:01:01:01/HLA-A*32:01:01:01	HLA-A*02:01:01:01/HLA-A*32:01:01:01		1.0	1.0	1.0	1.0	False	False		concordant (2-field)						
apr034	APR	HLA-B	HLA-B*51:01:01:06/HLA-B*35:02:01:02	HLA-B*35:02:01:02/HLA-B*51:01:01:06		1.0	1.0	1.0	1.0	False	False		concordant (2-field)						
apr034	APR	HLA-C	HLA-C*15:02:01:01/HLA-C*04:01:01:06	HLA-C*04:01:01:06/HLA-C*15:02:01:01		1.0	1.0	1.0	1.0	False	False		concordant (2-field)						
apr034	APR	HLA-DQA1	HLA-DQA1*01:01:01:01/HLA-DQA1*05:05:01:02	HLA-DQA1*01:01:01:01/HLA-DQA1*05:05:01:02		1.0	1.0	1.0	1.0	False	False		concordant (2-field)						
apr034	APR	HLA-DQB1	HLA-DQB1*05:01:01:03/HLA-DQB1*03:01:01:02	HLA-DQB1*03:01:01:02/HLA-DQB1*05:01:01:03		1.0	1.0	1.0	1.0	False	False		concordant (2-field)						
apr034	APR	HLA-DRB1	HLA-DRB1*01:08/HLA-DRB1*11:04:01	HLA-DRB1*01:08/HLA-DRB1*11:04:01:01		1.0	1.0	1.0	0.0	True	True		concordant (2-field)						
apr035	APR	HLA-A	HLA-A*11:01:01:01/HLA-A*30:02:01:02	HLA-A*11:01:01:01/HLA-A*30:02:01:02		1.0	1.0	1.0	1.0	False	False		concordant (2-field)						
apr035	APR	HLA-B	HLA-B*55:01:01:01/HLA-B*45:01:01:03	HLA-B*45:01:01:03/HLA-B*55:01:01:01		1.0	1.0	1.0	1.0	False	False		concordant (2-field)						
apr035	APR	HLA-C	HLA-C*01:02:01:01/HLA-C*16:01:01:02	HLA-C*01:02:01:01/HLA-C*16:01:01:02		1.0	1.0	1.0	1.0	False	False		concordant (2-field)						
apr035	APR	HLA-DQA1	HLA-DQA1*01:03:01:02/HLA-DQA1*05:01:01:02	HLA-DQA1*01:03:01:02/HLA-DQA1*05:01:01:02		1.0	1.0	1.0	1.0	False	False		concordant (2-field)						
apr035	APR	HLA-DQB1	HLA-DQB1*06:03:01:01/HLA-DQB1*02:01:01:01	HLA-DQB1*02:01:01:01/HLA-DQB1*06:03:01:01		1.0	1.0	1.0	1.0	False	False		concordant (2-field)						
apr035	APR	HLA-DRB1	HLA-DRB1*13:01:01/HLA-DRB1*03:01:01	HLA-DRB1*03:01:01:02/HLA-DRB1*13:01:01:01		1.0	1.0	1.0	0.0	True	True		concordant (2-field)						
apr036	APR	HLA-A	HLA-A*36:01:01:01/HLA-A*34:02:01:01	HLA-A*34:02:01:01/HLA-A*36:01:01:01		1.0	1.0	1.0	1.0	False	False		concordant (2-field)						
apr036	APR	HLA-B	HLA-B*58:02:01:01/HLA-B*81:01:01:01	HLA-B*58:02:01:01/HLA-B*81:01:01:01		1.0	1.0	1.0	1.0	False	False		concordant (2-field)						
apr036	APR	HLA-C	HLA-C*06:02:01:95/HLA-C*08:04:01	HLA-C*06:02:01:95/HLA-C*08:04:01:04		1.0	1.0	1.0	0.0	True	False		concordant (2-field)						
apr036	APR	HLA-DQA1	HLA-DQA1*05:05:01:35/HLA-DQA1*05:01:01:02	HLA-DQA1*05:01:01:02/HLA-DQA1*05:05:01:35		1.0	1.0	1.0	1.0	False	False		concordant (2-field)						
apr036	APR	HLA-DQB1	HLA-DQB1*03:01:01:16/HLA-DQB1*02:01:01:01	HLA-DQB1*02:01:01:01/HLA-DQB1*03:01:01:16		1.0	1.0	1.0	1.0	False	False		concordant (2-field)						
apr036	APR	HLA-DRB1	HLA-DRB1*11:02:01/HLA-DRB1*03:01:01	HLA-DRB1*03:01:01:02/HLA-DRB1*11:02:01:02		1.0	1.0	1.0	0.0	True	True		concordant (2-field)						
apr037	APR	HLA-A	HLA-A*26:01:01:01/HLA-A*32:01:01:01	HLA-A*26:01:01:01/HLA-A*32:01:01:01		1.0	1.0	1.0	1.0	False	False		concordant (2-field)						
apr037	APR	HLA-B	HLA-B*55:01:01:01/HLA-B*35:01:01:05	HLA-B*35:01:01:05/HLA-B*55:01:01:01		1.0	1.0	1.0	1.0	False	False		concordant (2-field)						
apr037	APR	HLA-C	HLA-C*01:02:01:01/HLA-C*04:01:01:11	HLA-C*01:02:01:01/HLA-C*04:01:01:11		1.0	1.0	1.0	1.0	False	False		concordant (2-field)						
apr037	APR	HLA-DQA1	HLA-DQA1*01:01:01:01/HLA-DQA1*01:02:01	HLA-DQA1*01:01:01:01/HLA-DQA1*01:02:01:01		1.0	1.0	1.0	0.0	True	True		concordant (2-field)						
apr037	APR	HLA-DQB1	HLA-DQB1*05:01:01:03/HLA-DQB1*06:02:01	HLA-DQB1*05:01:01:03/HLA-DQB1*06:02:01:01		1.0	1.0	1.0	0.0	True	True		concordant (2-field)						
apr037	APR	HLA-DRB1	HLA-DRB1*01:01:01/HLA-DRB1*15:01:01:03	HLA-DRB1*01:01:01:01/HLA-DRB1*15:01:01:03		1.0	1.0	1.0	0.0	True	True		concordant (2-field)						
apr038	APR	HLA-A	HLA-A*30:02:01:02/HLA-A*68:01:01:02	HLA-A*30:02:01:02/HLA-A*68:01:01:02		1.0	1.0	1.0	1.0	False	False		concordant (2-field)						
apr038	APR	HLA-B	HLA-B*45:01:01:03/HLA-B*51:01:01:07	HLA-B*45:01:01:03/HLA-B*51:01:01:07		1.0	1.0	1.0	1.0	False	False		concordant (2-field)						
apr038	APR	HLA-C	HLA-C*16:01:01:02/HLA-C*12:02:02:01	HLA-C*12:02:02:01/HLA-C*16:01:01:02		1.0	1.0	1.0	1.0	False	True		concordant (2-field)						
apr038	APR	HLA-DQA1	HLA-DQA1*01:01:02:01/HLA-DQA1*01:03:01:02	HLA-DQA1*01:01:02:01/HLA-DQA1*01:03:01:02		1.0	1.0	1.0	1.0	False	False		concordant (2-field)						
apr038	APR	HLA-DQB1	HLA-DQB1*05:01:01:01/HLA-DQB1*06:03:01:01	HLA-DQB1*05:01:01:01/HLA-DQB1*06:03:01:01		1.0	1.0	1.0	1.0	False	False		concordant (2-field)						
apr038	APR	HLA-DRB1	HLA-DRB1*14/HLA-DRB1*13:01:01	HLA-DRB1*01:02:01:01/HLA-DRB1*13:01:01:01		0.0	0.0	0.0	0.0	True	True	314.0	FuFiHLA artefact (consensus not present in the assembly)						
apr039	APR	HLA-A	HLA-A*32:01:01:01/HLA-A*33:01:01:01	HLA-A*32:01:01:01/HLA-A*33:01:01:01		1.0	1.0	1.0	1.0	False	False		concordant (2-field)						
apr039	APR	HLA-B	HLA-B*13:01:01:01/HLA-B*50:01:01:02	HLA-B*13:01:01:01/HLA-B*50:01:01:02		1.0	1.0	1.0	1.0	False	False		concordant (2-field)						
apr039	APR	HLA-C	HLA-C*04:03:01:01/HLA-C*04:01:01:14	HLA-C*04:01:01:14/HLA-C*04:03:01:01		1.0	1.0	1.0	1.0	False	False		concordant (2-field)						
apr039	APR	HLA-DQA1	HLA-DQA1*01:02:02/HLA-DQA1*01:01:02:01	HLA-DQA1*01:01:02:01/HLA-DQA1*01:02:02:04		1.0	1.0	1.0	0.0	True	True		concordant (2-field)						
apr039	APR	HLA-DQB1	HLA-DQB1*05:02:01:01/HLA-DQB1*05:01:01:01	HLA-DQB1*05:01:01:01/HLA-DQB1*05:02:01:01		1.0	1.0	1.0	1.0	False	False		concordant (2-field)						
apr039	APR	HLA-DRB1	HLA-DRB1*16:02:01/HLA-DRB1*01:02:01:01	HLA-DRB1*01:02:01:01/HLA-DRB1*16:02:01:03		1.0	1.0	1.0	0.0	True	True		concordant (2-field)						
apr040	APR	HLA-A	HLA-A*02:06:01:01/HLA-A*03:01:01:05	HLA-A*02:06:01:01/HLA-A*03:01:01:05		1.0	1.0	1.0	1.0	False	False		concordant (2-field)						
apr040	APR	HLA-B	HLA-B*15:02:01:01/HLA-B*14:02:01:01	HLA-B*14:02:01:01/HLA-B*15:02:01:01		1.0	1.0	1.0	1.0	False	False		concordant (2-field)						
apr040	APR	HLA-C	HLA-C*08:01:01:01/HLA-C*08:02:01:01	HLA-C*08:01:01:01/HLA-C*08:02:01:01		1.0	1.0	1.0	1.0	False	False		concordant (2-field)						
apr040	APR	HLA-DQA1	HLA-DQA1*01:02:01:03/HLA-DQA1*01:02:02:01	HLA-DQA1*01:02:01:03/HLA-DQA1*01:02:02:01		1.0	1.0	1.0	1.0	False	False		concordant (2-field)						
apr040	APR	HLA-DQB1	HLA-DQB1*06:01:01:01/HLA-DQB1*06:03:01:16	HLA-DQB1*06:01:01:01/HLA-DQB1*06:03:01:16		1.0	1.0	1.0	1.0	False	False		concordant (2-field)						
apr040	APR	HLA-DRB1	HLA-DRB1*15:01:01:02/HLA-DRB1*15:03:01	HLA-DRB1*15:01:01:02/HLA-DRB1*15:03:01:01		1.0	1.0	1.0	0.0	True	True		concordant (2-field)						
apr041	APR	HLA-A	HLA-A*01:01:01:01/HLA-A*02:01:01:01	HLA-A*01:01:01:01/HLA-A*02:01:01:01		1.0	1.0	1.0	1.0	False	False		concordant (2-field)						
apr041	APR	HLA-B	HLA-B*57:01:01:01/HLA-B*50:01:01:01	HLA-B*50:01:01:01/HLA-B*57:01:01:01		1.0	1.0	1.0	1.0	False	False		concordant (2-field)						
apr041	APR	HLA-C	HLA-C*06:02:01:01/HLA-C*06:02:01:02	HLA-C*06:02:01:01/HLA-C*06:02:01:02		1.0	1.0	1.0	1.0	False	False		concordant (2-field)						
apr041	APR	HLA-DQA1	HLA-DQA1*01:04:02/HLA-DQA1*01:02:01:01	HLA-DQA1*01:02:01:01/HLA-DQA1*01:04:02:01		1.0	1.0	1.0	0.0	True	True		concordant (2-field)						
apr041	APR	HLA-DQB1	HLA-DQB1*05:03:01:01/HLA-DQB1*06:02:01:01	HLA-DQB1*05:03:01:01/HLA-DQB1*06:02:01:01		1.0	1.0	1.0	1.0	False	False		concordant (2-field)						
apr041	APR	HLA-DRB1	HLA-DRB1*14:04:01/HLA-DRB1*15:01:01:03	HLA-DRB1*14:04:01:01/HLA-DRB1*15:01:01:03		1.0	1.0	1.0	0.0	True	True		concordant (2-field)						
apr042	APR	HLA-A	HLA-A*24:02:01:01/HLA-A*26:01:01:01	HLA-A*24:02:01:01/HLA-A*26:01:01:01		1.0	1.0	1.0	1.0	False	False		concordant (2-field)						
apr042	APR	HLA-B	HLA-B*35:01:01:05/HLA-B*38:01:01:01	HLA-B*35:01:01:05/HLA-B*38:01:01:01		1.0	1.0	1.0	1.0	False	False		concordant (2-field)						
apr042	APR	HLA-C	HLA-C*04:01:01:06/HLA-C*12:03:01:01	HLA-C*04:01:01:06/HLA-C*12:03:01:01		1.0	1.0	1.0	1.0	False	False		concordant (2-field)						
apr042	APR	HLA-DQA1	HLA-DQA1*05:01:01:03/HLA-DQA1*05:05:01:17	HLA-DQA1*05:01:01:01/HLA-DQA1*05:05:01:17		1.0	1.0	1.0	0.0	False	True		concordant (2-field)						
apr042	APR	HLA-DQB1	HLA-DQB1*02:01:01:01/HLA-DQB1*03:01:01:03	HLA-DQB1*02:01:01:01/HLA-DQB1*03:01:01:03		1.0	1.0	1.0	1.0	False	False		concordant (2-field)						
apr042	APR	HLA-DRB1	HLA-DRB1*03:01:01:03/HLA-DRB1*13:03:01	HLA-DRB1*03:01:01:03/HLA-DRB1*13:03:01:05		1.0	1.0	1.0	0.0	True	True		concordant (2-field)						
apr043	APR	HLA-A	HLA-A*30:10/HLA-A*03:01:01:05	HLA-A*03:01:01:05/HLA-A*30:10		1.0	1.0	1.0	1.0	False	False		concordant (2-field)						
apr043	APR	HLA-B	HLA-B*13:02:01:01/HLA-B*41:02:01	HLA-B*13:02:01:01/HLA-B*41:02:01:03		1.0	1.0	1.0	0.0	True	True		concordant (2-field)						
apr043	APR	HLA-C	HLA-C*06:02:01:01/HLA-C*17:03:01:01	HLA-C*06:02:01:01/HLA-C*17:03:01:01		1.0	1.0	1.0	1.0	False	False		concordant (2-field)						
apr043	APR	HLA-DQA1	HLA-DQA1*05:05:01:13/HLA-DQA1*02:01:01:01	HLA-DQA1*02:01:01:01/HLA-DQA1*05:05:01:13		1.0	1.0	1.0	1.0	False	False		concordant (2-field)						
apr043	APR	HLA-DQB1	HLA-DQB1*03:01:01:03/HLA-DQB1*02:02:01:01	HLA-DQB1*02:02:01:01/HLA-DQB1*03:01:01:03		1.0	1.0	1.0	1.0	False	False		concordant (2-field)						
apr043	APR	HLA-DRB1	HLA-DRB1*13:03:01/HLA-DRB1*07:01:01	HLA-DRB1*07:01:01:01/HLA-DRB1*13:03:01:01		1.0	1.0	1.0	0.0	True	True		concordant (2-field)						
apr044	APR	HLA-A	HLA-A*03:02:01:01/HLA-A*11:01:01:01	HLA-A*03:02:01:01/HLA-A*11:01:01:01		1.0	1.0	1.0	1.0	False	False		concordant (2-field)						
apr044	APR	HLA-B	HLA-B*51:01:01:04/HLA-B*52:01:01:02	HLA-B*51:01:01:04/HLA-B*52:01:01:02		1.0	1.0	1.0	1.0	False	False		concordant (2-field)						
apr044	APR	HLA-C	HLA-C*15:02:01/HLA-C*12:02:02:01	HLA-C*12:02:02:01/HLA-C*15:02:01:01		1.0	1.0	1.0	0.0	True	True		concordant (2-field)						
apr044	APR	HLA-DQA1	HLA-DQA1*01:03:01:01/HLA-DQA1*05:05:01:04	HLA-DQA1*01:03:01:01/HLA-DQA1*05:05:01:02		1.0	1.0	1.0	0.0	False	True		concordant (2-field)						
apr044	APR	HLA-DQB1	HLA-DQB1*06:01:01:01/HLA-DQB1*03:01:01:03	HLA-DQB1*03:01:01:03/HLA-DQB1*06:01:01:01		1.0	1.0	1.0	1.0	False	False		concordant (2-field)						
apr044	APR	HLA-DRB1	HLA-DRB1*15:02:01/HLA-DRB1*11:01:01	HLA-DRB1*11:01:01:01/HLA-DRB1*15:02:01:02		1.0	1.0	1.0	0.0	True	True		concordant (2-field)						
apr045	APR	HLA-A	HLA-A*25:01:01:01/HLA-A*30:01:01:01	HLA-A*25:01:01:01/HLA-A*30:01:01:01		1.0	1.0	1.0	1.0	False	False		concordant (2-field)						
apr045	APR	HLA-B	HLA-B*44:02:01:01/HLA-B*13:02:01:01	HLA-B*13:02:01:01/HLA-B*44:02:01:01		1.0	1.0	1.0	1.0	False	False		concordant (2-field)						
apr045	APR	HLA-C	HLA-C*16:04:01:01/HLA-C*06:02:01:01	HLA-C*06:02:01:01/HLA-C*16:04:01:01		1.0	1.0	1.0	1.0	False	False		concordant (2-field)						
apr045	APR	HLA-DQA1	HLA-DQA1*05:05:01:17/HLA-DQA1*03:03:01:12	HLA-DQA1*03:03:01:12/HLA-DQA1*05:05:01:17		1.0	1.0	1.0	1.0	False	False		concordant (2-field)						
apr045	APR	HLA-DQB1	HLA-DQB1*03:01:01:03/HLA-DQB1*04:02:01:13	HLA-DQB1*03:01:01:03/HLA-DQB1*04:02:01:13		1.0	1.0	1.0	1.0	False	False		concordant (2-field)						
apr045	APR	HLA-DRB1	HLA-DRB1*13:03:01/HLA-DRB1*04:04:01	HLA-DRB1*04:04:01:12/HLA-DRB1*13:03:01:01		1.0	1.0	1.0	0.0	True	True		concordant (2-field)						
apr046	APR	HLA-A	HLA-A*24:02:01:04/HLA-A*01:01:01:01	HLA-A*01:01:01:01/HLA-A*24:02:01:04		1.0	1.0	1.0	1.0	False	False		concordant (2-field)						
apr046	APR	HLA-B	HLA-B*35:03:01:01/HLA-B*57:03:01:10	HLA-B*35:03:01:01/HLA-B*57:03:01:10		1.0	1.0	1.0	1.0	False	False		concordant (2-field)						
apr046	APR	HLA-C	HLA-C*12:03:01:01/HLA-C*07:01:02:01	HLA-C*07:01:02:01/HLA-C*12:03:01:01		1.0	1.0	1.0	1.0	False	False		concordant (2-field)						
apr046	APR	HLA-DQA1	HLA-DQA1*01:04:01/HLA-DQA1*01:02:01:04	HLA-DQA1*01:02:01:04/HLA-DQA1*01:04:01:02		1.0	1.0	1.0	0.0	True	True		concordant (2-field)						
apr046	APR	HLA-DQB1	HLA-DQB1*05:03:01:01/HLA-DQB1*06:04:01:01	HLA-DQB1*05:03:01:01/HLA-DQB1*06:04:01:01		1.0	1.0	1.0	1.0	False	False		concordant (2-field)						
apr046	APR	HLA-DRB1	HLA-DRB1*14:54:01/HLA-DRB1*13:02:01	HLA-DRB1*13:02:01:02/HLA-DRB1*14:54:01:08		1.0	1.0	1.0	0.0	True	True		concordant (2-field)						
apr047	APR	HLA-A	HLA-A*33:01:01:08/HLA-A*32:01:01:01	HLA-A*32:01:01:01/HLA-A*33:01:01:08		1.0	1.0	1.0	1.0	False	False		concordant (2-field)						
apr047	APR	HLA-B	HLA-B*14:02:01:01/HLA-B*52:01:01	HLA-B*14:02:01:01/HLA-B*52:01:01:02		1.0	1.0	1.0	0.0	True	True		concordant (2-field)						
apr047	APR	HLA-C	HLA-C*08:02:01:01/HLA-C*12:02:02:01	HLA-C*08:02:01:01/HLA-C*12:02:02:01		1.0	1.0	1.0	1.0	False	False		concordant (2-field)						
apr047	APR	HLA-DQA1	HLA-DQA1*03:03:01:12/HLA-DQA1*01:03:01:01	HLA-DQA1*01:03:01:01/HLA-DQA1*03:03:01:12		1.0	1.0	1.0	1.0	False	False		concordant (2-field)						
apr047	APR	HLA-DQB1	HLA-DQB1*04:02:01:13/HLA-DQB1*06:01:01:01	HLA-DQB1*04:02:01:13/HLA-DQB1*06:01:01:01		1.0	1.0	1.0	1.0	False	False		concordant (2-field)						
apr047	APR	HLA-DRB1	HLA-DRB1*04:04:01/HLA-DRB1*15:02:01	HLA-DRB1*04:04:01:12/HLA-DRB1*15:02:01:03		1.0	1.0	1.0	0.0	True	True		concordant (2-field)						
apr048	APR	HLA-A	HLA-A*11:01:01:01/HLA-A*11:01:01:01	HLA-A*11:01:01:01/HLA-A*11:01:01:01		1.0	1.0	1.0	1.0	False	False		concordant (2-field)						
apr048	APR	HLA-B	HLA-B*40:01:02:04/HLA-B*40:06:01:13	HLA-B*40:01:02:04/HLA-B*40:06:01:13		1.0	1.0	1.0	1.0	False	False		concordant (2-field)						
apr048	APR	HLA-C	HLA-C*12:03:01/HLA-C*15:02:01:01	HLA-C*12:03:01:71/HLA-C*15:02:01:01		1.0	1.0	1.0	0.0	True	False		concordant (2-field)						
apr048	APR	HLA-DQA1	HLA-DQA1*01:03:01:01/HLA-DQA1*01:02:02:01	HLA-DQA1*01:02:02:01/HLA-DQA1*01:03:01:01		1.0	1.0	1.0	1.0	False	False		concordant (2-field)						
apr048	APR	HLA-DQB1	HLA-DQB1*06:01:01:01/HLA-DQB1*05:02:01:12	HLA-DQB1*05:02:01:12/HLA-DQB1*06:01:01:01		1.0	1.0	1.0	1.0	False	False		concordant (2-field)						
apr048	APR	HLA-DRB1	HLA-DRB1*15:02:01/HLA-DRB1*16:75	HLA-DRB1*15:02:01:02/HLA-DRB1*16:75		1.0	1.0	1.0	0.0	True	True		concordant (2-field)						
apr049	APR	HLA-A	HLA-A*02:01:01:01/HLA-A*33:03:01:01	HLA-A*02:01:01:01/HLA-A*33:03:01:01		1.0	1.0	1.0	1.0	False	False		concordant (2-field)						
apr049	APR	HLA-B	HLA-B*37:01:01:01/HLA-B*58:01:01:03	HLA-B*37:01:01:01/HLA-B*58:01:01:03		1.0	1.0	1.0	1.0	False	False		concordant (2-field)						
apr049	APR	HLA-C	HLA-C*06:02:01:01/HLA-C*03:02:02:05	HLA-C*03:02:02:05/HLA-C*06:02:01:01		1.0	1.0	1.0	1.0	False	False		concordant (2-field)						
apr049	APR	HLA-DQA1	HLA-DQA1*01:02:02:01/HLA-DQA1*01:02:02	HLA-DQA1*01:02:02:01/HLA-DQA1*01:02:02:01		1.0	1.0	1.0	0.0	True	False		concordant (2-field)						
apr049	APR	HLA-DQB1	HLA-DQB1*05:02:01:01/HLA-DQB1*05:02:01:01	HLA-DQB1*05:02:01:01/HLA-DQB1*05:02:01:01		1.0	1.0	1.0	1.0	False	False		concordant (2-field)						
apr049	APR	HLA-DRB1	HLA-DRB1*16:01:01/HLA-DRB1*16:01:01:02	HLA-DRB1*16:01:01:02/HLA-DRB1*16:01:01:02		1.0	1.0	1.0	0.0	True	True		concordant (2-field)						
apr050	APR	HLA-A	HLA-A*03:01:01:01/HLA-A*68:02:01:01	HLA-A*03:01:01:01/HLA-A*68:02:01:01		1.0	1.0	1.0	1.0	False	False		concordant (2-field)						
apr050	APR	HLA-B	HLA-B*07:06:01:01/HLA-B*58:01:01:03	HLA-B*07:06:01:06/HLA-B*58:01:01:03		1.0	1.0	1.0	0.0	False	False		concordant (2-field)						
apr050	APR	HLA-C	HLA-C*15:05:02:14/HLA-C*03:02:02:05	HLA-C*03:02:02:05/HLA-C*15:05:02:14		1.0	1.0	1.0	1.0	False	False		concordant (2-field)						
apr050	APR	HLA-DQA1	HLA-DQA1*03:03:01:12/HLA-DQA1*05:01:01:01	HLA-DQA1*03:03:01:12/HLA-DQA1*05:01:01:01		1.0	1.0	1.0	1.0	False	False		concordant (2-field)						
apr050	APR	HLA-DQB1	HLA-DQB1*04:02:01:13/HLA-DQB1*02:01:01:01	HLA-DQB1*02:01:01:01/HLA-DQB1*04:02:01:13		1.0	1.0	1.0	1.0	False	False		concordant (2-field)						
apr050	APR	HLA-DRB1	HLA-DRB1*04:06:02/HLA-DRB1*03:01:01:02	HLA-DRB1*03:01:01:02/HLA-DRB1*04:06:02		1.0	1.0	1.0	1.0	True	True		concordant (2-field)						
apr051	APR	HLA-A	HLA-A*26:01:01:01/HLA-A*02:01:01:01	HLA-A*02:01:01:01/HLA-A*26:01:01:01		1.0	1.0	1.0	1.0	False	False		concordant (2-field)						
apr051	APR	HLA-B	HLA-B*38:01:01:01/HLA-B*45:01:01	HLA-B*38:01:01:01/HLA-B*45:01:01:03		1.0	1.0	1.0	0.0	True	True		concordant (2-field)						
apr051	APR	HLA-C	HLA-C*12:03:01:63/HLA-C*16:01:01:01	HLA-C*12:03:01:63/HLA-C*16:01:01:01		1.0	1.0	1.0	1.0	False	False		concordant (2-field)						
apr051	APR	HLA-DQA1	HLA-DQA1*01:02:01:01/HLA-DQA1*01:02:01:01	HLA-DQA1*01:02:01:01/HLA-DQA1*01:02:01:01		1.0	1.0	1.0	1.0	False	False		concordant (2-field)						
apr051	APR	HLA-DQB1	HLA-DQB1*06:02:01:01/HLA-DQB1*05:02:01:08	HLA-DQB1*05:02:01:08/HLA-DQB1*06:02:01:01		1.0	1.0	1.0	1.0	False	False		concordant (2-field)						
apr051	APR	HLA-DRB1	HLA-DRB1*15:01:01:01/HLA-DRB1*11:01:02	HLA-DRB1*11:01:02:03/HLA-DRB1*15:01:01:01		1.0	1.0	1.0	0.0	True	True		concordant (2-field)						
apr52	APR	HLA-A	HLA-A*68:01:01:02/HLA-A*24:02:01:01	HLA-A*24:02:01:01/HLA-A*68:01:01:02		1.0	1.0	1.0	1.0	False	False		concordant (2-field)						
apr52	APR	HLA-B	HLA-B*51:01:01:09/HLA-B*18:01:01:52	HLA-B*18:01:01:52/HLA-B*51:01:01:09		1.0	1.0	1.0	1.0	False	False		concordant (2-field)						
apr52	APR	HLA-C	HLA-C*15:02:01:01/HLA-C*07:01:01:16	HLA-C*07:01:01:16/HLA-C*15:02:01:01		1.0	1.0	1.0	1.0	False	False		concordant (2-field)						
apr52	APR	HLA-DQA1	HLA-DQA1*02:01:01:01/HLA-DQA1*03:01:01:01	HLA-DQA1*02:01:01:01/HLA-DQA1*03:01:01:01		1.0	1.0	1.0	1.0	False	False		concordant (2-field)						
apr52	APR	HLA-DQB1	HLA-DQB1*03:03:02:01/HLA-DQB1*03:02:01:01	HLA-DQB1*03:02:01:01/HLA-DQB1*03:03:02:01		1.0	1.0	1.0	1.0	False	False		concordant (2-field)						
apr52	APR	HLA-DRB1	HLA-DRB1*07:01:01:02/HLA-DRB1*04:03:01	HLA-DRB1*04:03:01:03/HLA-DRB1*07:01:01:02		1.0	1.0	1.0	0.0	True	True		concordant (2-field)						
hg002	HPRC-Jewish	HLA-A	HLA-A*26:01:01:01/HLA-A*01:01:01:01	HLA-A*01:01:01:01/HLA-A*26:01:01:01		1.0	1.0	1.0	1.0	False	False		concordant (2-field)						
hg002	HPRC-Jewish	HLA-B	HLA-B*38:01:01:01/HLA-B*35:08:01:01	HLA-B*35:08:01:01/HLA-B*38:01:01:01		1.0	1.0	1.0	1.0	False	False		concordant (2-field)						
hg002	HPRC-Jewish	HLA-C	HLA-C*12:03:01:01/HLA-C*04:01:01:06	HLA-C*04:01:01:06/HLA-C*12:03:01:01		1.0	1.0	1.0	1.0	False	False		concordant (2-field)						
hg002	HPRC-Jewish	HLA-DQA1	HLA-DQA1*03:01:01:01/HLA-DQA1*01:05:01:01	HLA-DQA1*01:05:01:01/HLA-DQA1*03:01:01:01		1.0	1.0	1.0	1.0	False	False		concordant (2-field)						
hg002	HPRC-Jewish	HLA-DQB1	HLA-DQB1*03:02:01:01/HLA-DQB1*05:01:01:05	HLA-DQB1*03:02:01:01/HLA-DQB1*05:01:01:05		1.0	1.0	1.0	1.0	False	False		concordant (2-field)						
hg002	HPRC-Jewish	HLA-DRB1	HLA-DRB1*04:02:01/HLA-DRB1*10:01:01:03	HLA-DRB1*04:02:01/HLA-DRB1*10:01:01:03		1.0	1.0	1.0	1.0	True	True		concordant (2-field)						
ksa001	JaSaPaGe-Saudi	HLA-A	HLA-A*69:01:01:01/HLA-A*31:01:02:01	HLA-A*31:01:02:01/HLA-A*69:01:01:01		1.0	1.0	1.0	1.0	False	False		concordant (2-field)						
ksa001	JaSaPaGe-Saudi	HLA-B	HLA-B*44:03:01:19/HLA-B*35:03:01:01	HLA-B*35:03:01:01/HLA-B*44:03:01:19		1.0	1.0	1.0	1.0	False	False		concordant (2-field)						
ksa001	JaSaPaGe-Saudi	HLA-C	HLA-C*16:02:01:01/HLA-C*01:02:01:01	HLA-C*01:02:01:01/HLA-C*16:02:01:01		1.0	1.0	1.0	1.0	False	False		concordant (2-field)						
ksa001	JaSaPaGe-Saudi	HLA-DQA1	HLA-DQA1*03:01:01:01/HLA-DQA1*05:05:01:01	HLA-DQA1*03:01:01:01/HLA-DQA1*05:05:01:01		1.0	1.0	1.0	1.0	False	False		concordant (2-field)						
ksa001	JaSaPaGe-Saudi	HLA-DQB1	HLA-DQB1*03:02:01:01/HLA-DQB1*03:01:01:03	HLA-DQB1*03:01:01:03/HLA-DQB1*03:02:01:01		1.0	1.0	1.0	1.0	False	False		concordant (2-field)						
ksa001	JaSaPaGe-Saudi	HLA-DRB1	HLA-DRB1*04:02:01/HLA-DRB1*11:01:01	HLA-DRB1*04:02:01/HLA-DRB1*11:01:01:01		1.0	1.0	1.0	0.0	True	True		concordant (2-field)						
ksa002	JaSaPaGe-Saudi	HLA-A	HLA-A*68:01:01:02/HLA-A*68:01:01:02	HLA-A*68:01:01:02/HLA-A*68:01:01:02		1.0	1.0	1.0	1.0	False	False		concordant (2-field)						
ksa002	JaSaPaGe-Saudi	HLA-B	HLA-B*15:17:01:03/HLA-B*08:01:01:02	HLA-B*08:01:01:02/HLA-B*15:17:01:03		1.0	1.0	1.0	1.0	False	False		concordant (2-field)						
ksa002	JaSaPaGe-Saudi	HLA-C	HLA-C*07:01:02:08/HLA-C*07:02:01:01	HLA-C*07:01:02:08/HLA-C*07:02:01:01		1.0	1.0	1.0	1.0	False	False		concordant (2-field)						
ksa002	JaSaPaGe-Saudi	HLA-DQA1	HLA-DQA1*01:01:02:01/HLA-DQA1*05:01:01:03	HLA-DQA1*01:01:02:01/HLA-DQA1*05:01:01:01		1.0	1.0	1.0	0.0	False	True		concordant (2-field)						
ksa002	JaSaPaGe-Saudi	HLA-DQB1	HLA-DQB1*05:01:01:01/HLA-DQB1*02:01:01:01	HLA-DQB1*02:01:01:01/HLA-DQB1*05:01:01:01		1.0	1.0	1.0	1.0	False	False		concordant (2-field)						
ksa002	JaSaPaGe-Saudi	HLA-DRB1	HLA-DRB1*01:02:01/HLA-DRB1*03:01:01:03	HLA-DRB1*01:02:01:01/HLA-DRB1*03:01:01:03		1.0	1.0	1.0	0.0	True	True		concordant (2-field)						
ksa003	JaSaPaGe-Saudi	HLA-A	HLA-A*11:01:01:01/HLA-A*32:01:01:01	HLA-A*11:01:01:01/HLA-A*32:01:01:01		1.0	1.0	1.0	1.0	False	False		concordant (2-field)						
ksa003	JaSaPaGe-Saudi	HLA-B	HLA-B*51:01:01:01/HLA-B*51:01:01:09	HLA-B*51:01:01:01/HLA-B*51:01:01:09		1.0	1.0	1.0	1.0	False	False		concordant (2-field)						
ksa003	JaSaPaGe-Saudi	HLA-C	HLA-C*07:02:01:01/HLA-C*15:02:01:01	HLA-C*07:02:01:01/HLA-C*15:02:01:01		1.0	1.0	1.0	1.0	False	False		concordant (2-field)						
ksa003	JaSaPaGe-Saudi	HLA-DQA1	HLA-DQA1*03:03:01:01/HLA-DQA1*03:02:01:01	HLA-DQA1*03:02:01:01/HLA-DQA1*03:03:01:01		1.0	1.0	1.0	1.0	False	False		concordant (2-field)						
ksa003	JaSaPaGe-Saudi	HLA-DQB1	HLA-DQB1*03:02:01:01/HLA-DQB1*03:03:02:02	HLA-DQB1*03:02:01:01/HLA-DQB1*03:03:02:02		1.0	1.0	1.0	1.0	False	False		concordant (2-field)						
ksa003	JaSaPaGe-Saudi	HLA-DRB1	HLA-DRB1*04:05:01/HLA-DRB1*09:01:02	HLA-DRB1*04:05:01:07/HLA-DRB1*09:01:02:03		1.0	1.0	1.0	0.0	True	True		concordant (2-field)						
ksa004	JaSaPaGe-Saudi	HLA-A	HLA-A*02/HLA-A*01:01:01:01	HLA-A*01:01:01:01/HLA-A*02:1119		1.0	0.0	0.0	0.0	True	True	0.0	both novel (no exact IPD-IMGT/HLA match)						
ksa004	JaSaPaGe-Saudi	HLA-B	HLA-B*51:01:01:10/HLA-B*15:17:01:03	HLA-B*15:17:01:03/HLA-B*51:01:01:10		1.0	1.0	1.0	1.0	False	False		concordant (2-field)						
ksa004	JaSaPaGe-Saudi	HLA-C	HLA-C*16:02:01:01/HLA-C*07:01:02:01	HLA-C*07:01:02:01/HLA-C*16:02:01:01		1.0	1.0	1.0	1.0	False	False		concordant (2-field)						
ksa004	JaSaPaGe-Saudi	HLA-DQA1	HLA-DQA1*01:03:01:10/HLA-DQA1*01:02:01	HLA-DQA1*01:02:01:04/HLA-DQA1*01:03:01:10		1.0	1.0	1.0	0.0	True	True		concordant (2-field)						
ksa004	JaSaPaGe-Saudi	HLA-DQB1	HLA-DQB1*06:03:01:02/HLA-DQB1*06:04:01:01	HLA-DQB1*06:03:01:02/HLA-DQB1*06:04:01:01		1.0	1.0	1.0	1.0	False	False		concordant (2-field)						
ksa004	JaSaPaGe-Saudi	HLA-DRB1	HLA-DRB1*13:01:01/HLA-DRB1*13:02:01	HLA-DRB1*13:01:01:01/HLA-DRB1*13:02:01:02		1.0	1.0	1.0	0.0	True	True		concordant (2-field)						
ksa005	JaSaPaGe-Saudi	HLA-A	HLA-A*03:01:01:01/HLA-A*31:01:02:01	HLA-A*03:01:01:01/HLA-A*31:01:02:01		1.0	1.0	1.0	1.0	False	False		concordant (2-field)						
ksa005	JaSaPaGe-Saudi	HLA-B	HLA-B*51:01:01:06/HLA-B*35:08:01:01	HLA-B*35:08:01:01/HLA-B*51:01:01:06		1.0	1.0	1.0	1.0	False	False		concordant (2-field)						
ksa005	JaSaPaGe-Saudi	HLA-C	HLA-C*15:02:01:01/HLA-C*04:01:01:06	HLA-C*04:01:01:06/HLA-C*15:02:01:01		1.0	1.0	1.0	1.0	False	False		concordant (2-field)						
ksa005	JaSaPaGe-Saudi	HLA-DQA1	HLA-DQA1*01:03:01:10/HLA-DQA1*03:01:01	HLA-DQA1*01:03:01:10/HLA-DQA1*03:01:01:10		1.0	1.0	1.0	0.0	True	False		concordant (2-field)						
ksa005	JaSaPaGe-Saudi	HLA-DQB1	HLA-DQB1*06:03:01:02/HLA-DQB1*03:02:01:01	HLA-DQB1*03:02:01:01/HLA-DQB1*06:03:01:02		1.0	1.0	1.0	1.0	False	False		concordant (2-field)						
ksa005	JaSaPaGe-Saudi	HLA-DRB1	HLA-DRB1*13:01:01:01/HLA-DRB1*04:03:01	HLA-DRB1*04:03:01:03/HLA-DRB1*13:01:01:01		1.0	1.0	1.0	0.0	True	True		concordant (2-field)						
ksa006	JaSaPaGe-Saudi	HLA-A	HLA-A*02:05:01:01/HLA-A*74:01:01:01	HLA-A*02:05:01:01/HLA-A*74:01:01:01		1.0	1.0	1.0	1.0	False	False		concordant (2-field)						
ksa006	JaSaPaGe-Saudi	HLA-B	HLA-B*50:01:01:01/HLA-B*35:03:01:03	HLA-B*35:03:01:03/HLA-B*50:01:01:01		1.0	1.0	1.0	1.0	False	False		concordant (2-field)						
ksa006	JaSaPaGe-Saudi	HLA-C	HLA-C*06:02:01:02/HLA-C*04:01:01:14	HLA-C*04:01:01:14/HLA-C*06:02:01:02		1.0	1.0	1.0	1.0	False	False		concordant (2-field)						
ksa006	JaSaPaGe-Saudi	HLA-DQA1	HLA-DQA1*02:01:01:01/HLA-DQA1*03:03:01:01	HLA-DQA1*02:01:01:01/HLA-DQA1*03:03:01:01		1.0	1.0	1.0	1.0	False	False		concordant (2-field)						
ksa006	JaSaPaGe-Saudi	HLA-DQB1	HLA-DQB1*02:02:01:01/HLA-DQB1*03:02:01:01	HLA-DQB1*02:02:01:01/HLA-DQB1*03:02:01:01		1.0	1.0	1.0	1.0	False	False		concordant (2-field)						
ksa006	JaSaPaGe-Saudi	HLA-DRB1	HLA-DRB1*07:01:01:01/HLA-DRB1*04:05:01	HLA-DRB1*04:05:01:07/HLA-DRB1*07:01:01:01		1.0	1.0	1.0	0.0	True	True		concordant (2-field)						
ksa007	JaSaPaGe-Saudi	HLA-A	HLA-A*68:01:01:02/HLA-A*24:02:01:01	HLA-A*24:02:01:01/HLA-A*68:01:01:02		1.0	1.0	1.0	1.0	False	False		concordant (2-field)						
ksa007	JaSaPaGe-Saudi	HLA-B	HLA-B*51:01:01:06/HLA-B*52:01:01:02	HLA-B*51:01:01:06/HLA-B*52:01:01:02		1.0	1.0	1.0	1.0	False	False		concordant (2-field)						
ksa007	JaSaPaGe-Saudi	HLA-C	HLA-C*15:02:01:01/HLA-C*12:02:02:01	HLA-C*12:02:02:01/HLA-C*15:02:01:01		1.0	1.0	1.0	1.0	False	False		concordant (2-field)						
ksa007	JaSaPaGe-Saudi	HLA-DQA1	HLA-DQA1*01:03:01:10/HLA-DQA1*01:03:01:01	HLA-DQA1*01:03:01:01/HLA-DQA1*01:03:01:10		1.0	1.0	1.0	1.0	False	False		concordant (2-field)						
ksa007	JaSaPaGe-Saudi	HLA-DQB1	HLA-DQB1*06:03:01:02/HLA-DQB1*06:01:01:01	HLA-DQB1*06:01:01:01/HLA-DQB1*06:03:01:02		1.0	1.0	1.0	1.0	False	False		concordant (2-field)						
ksa007	JaSaPaGe-Saudi	HLA-DRB1	HLA-DRB1*13:01:01/HLA-DRB1*15:02:01	HLA-DRB1*13:01:01:01/HLA-DRB1*15:02:01:03		1.0	1.0	1.0	0.0	True	True		concordant (2-field)						
ksa008	JaSaPaGe-Saudi	HLA-A	HLA-A*02:05:01:01/HLA-A*29:02:01:02	HLA-A*02:05:01:01/HLA-A*29:02:01:02		1.0	1.0	1.0	1.0	False	False		concordant (2-field)						
ksa008	JaSaPaGe-Saudi	HLA-B	HLA-B*50:01:01:01/HLA-B*45:01:01	HLA-B*45:01:01:01/HLA-B*50:01:01:01		1.0	1.0	1.0	0.0	True	False		concordant (2-field)						
ksa008	JaSaPaGe-Saudi	HLA-C	HLA-C*06:02:01:02/HLA-C*06:02:01:03	HLA-C*06:02:01:02/HLA-C*06:02:01:03		1.0	1.0	1.0	1.0	False	False		concordant (2-field)						
ksa008	JaSaPaGe-Saudi	HLA-DQA1	HLA-DQA1*02:01:01:01/HLA-DQA1*01:03:01:10	HLA-DQA1*01:03:01:10/HLA-DQA1*02:01:01:01		1.0	1.0	1.0	1.0	False	False		concordant (2-field)						
ksa008	JaSaPaGe-Saudi	HLA-DQB1	HLA-DQB1*02:02:01:01/HLA-DQB1*06:04:01:01	HLA-DQB1*02:02:01:01/HLA-DQB1*06:04:01:01		1.0	1.0	1.0	1.0	False	False		concordant (2-field)						
ksa008	JaSaPaGe-Saudi	HLA-DRB1	HLA-DRB1*07:01:01:01/HLA-DRB1*13:01:01	HLA-DRB1*07:01:01:01/HLA-DRB1*13:01:01:10		1.0	1.0	1.0	0.0	True	True		concordant (2-field)						
ksa009	JaSaPaGe-Saudi	HLA-A	HLA-A*29:02:01:02/HLA-A*24:02:01:01	HLA-A*24:02:01:01/HLA-A*29:02:01:02		1.0	1.0	1.0	1.0	False	False		concordant (2-field)						
ksa009	JaSaPaGe-Saudi	HLA-B	HLA-B*45:01:01:01/HLA-B*35:02:01:02	HLA-B*35:02:01:02/HLA-B*45:01:01:01		1.0	1.0	1.0	1.0	False	False		concordant (2-field)						
ksa009	JaSaPaGe-Saudi	HLA-C	HLA-C*06:02:01:03/HLA-C*04:01:01:06	HLA-C*04:01:01:06/HLA-C*06:02:01:03		1.0	1.0	1.0	1.0	False	False		concordant (2-field)						
ksa009	JaSaPaGe-Saudi	HLA-DQA1	HLA-DQA1*03:03:01:01/HLA-DQA1*05:05:01:02	HLA-DQA1*03:03:01:01/HLA-DQA1*05:05:01:02		1.0	1.0	1.0	1.0	False	False		concordant (2-field)						
ksa009	JaSaPaGe-Saudi	HLA-DQB1	HLA-DQB1*03:02:01:01/HLA-DQB1*03:01:01:02	HLA-DQB1*03:01:01:02/HLA-DQB1*03:02:01:01		1.0	1.0	1.0	1.0	False	False		concordant (2-field)						
ksa009	JaSaPaGe-Saudi	HLA-DRB1	HLA-DRB1*04:05:01/HLA-DRB1*11:04:01	HLA-DRB1*04:05:01:09/HLA-DRB1*11:04:01:01		1.0	1.0	1.0	0.0	True	True		concordant (2-field)						
