sample	gene	published	t1k	pub_t1k_1f	pub_t1k_2f
HG00096	HLA-A	01:01:01:01/01:01:01:02N/01:04N/01:22N/01:32/01:34N/01:37/29:02:01	HLA-A*29:02:01/HLA-A*01:01:01	1.0	1.0
HG00096	HLA-B	08:01:01/08:19N/44:03:01/44:03:03/44:03:04	HLA-B*08:01:01/HLA-B*44:03:01	1.0	1.0
HG00096	HLA-C	07:01:01/07:01:02/07:01:09/07:06/07:18/07:52/16:01:01	HLA-C*07:01:01/HLA-C*16:01:01	1.0	1.0
HG00096	HLA-DRB1	03:01:01:01/03:01:01:02/07:01:01:01/07:01:01:02	HLA-DRB1*07:01:01/HLA-DRB1*03:01:01	1.0	1.0
HG00096	HLA-DQB1	02:01:01/02:02/02:04/02:01:01/02:02/02:04	HLA-DQB1*02:01:01/HLA-DQB1*02:02:01	1.0	1.0
HG00097	HLA-A	03:01:01:01/03:01:01:02N/03:01:01:03/03:01:07/03:20/03:21N/03:26/03:37/03:45/24:02:01:01/24:02:01:02L/24:02:03/24:02:10/24:02:13/24:09N/24:11N/24:40N/24:76/24:79/24:83N	HLA-A*03:01:01/HLA-A*24:02:01	1.0	1.0
HG00097	HLA-B	07:02:01/07:02:06/07:02:09/07:44/07:49N/07:58/07:59/07:61/07:02:01/07:02:06/07:02:09/07:44/07:49N/07:58/07:59/07:61	HLA-B*07:02:01/HLA-B*07:02:01	1.0	1.0
HG00097	HLA-C	07:02:01:01/07:02:01:02/07:02:01:03/07:50/07:66/07:74/07:02:01:01/07:02:01:02/07:02:01:03/07:50/07:66/07:74	HLA-C*07:02:01/HLA-C*07:02:01	1.0	1.0
HG00097	HLA-DRB1	15:01:01:01/15:01:01:02/13:03:01	HLA-DRB1*13:03:01/HLA-DRB1*15:01:01	1.0	1.0
HG00097	HLA-DQB1	03:01:01/03:01:04/03:09/03:19/03:21/03:22/03:24/06:02:01	HLA-DQB1*06:02:01/HLA-DQB1*03:01:01	1.0	1.0
HG00099	HLA-A	01:01:01:01/01:01:01:02N/01:04N/01:22N/01:32/01:34N/01:37/68:01:02/68:11N/68:33	HLA-A*01:01:01/HLA-A*68:01:02	1.0	1.0
HG00099	HLA-B	08:01:01/08:19N/44:02:01:01/44:02:01:02S/44:19N/44:27/44:66	HLA-B*44:02:01/HLA-B*08:01:01	1.0	1.0
HG00099	HLA-C	07:01:01/07:01:02/07:01:09/07:06/07:18/07:52/07:04:01/07:11	HLA-C*07:04:01/HLA-C*07:01:01	1.0	1.0
HG00099	HLA-DRB1	03:01:01:01/03:01:01:02/11:01:01/11:01:08	HLA-DRB1*03:01:01/HLA-DRB1*11:01:01	1.0	1.0
HG00099	HLA-DQB1	02:01:01/02:02/02:04/03:01:01/03:01:04/03:09/03:19/03:21/03:22/03:24	HLA-DQB1*02:01:01/HLA-DQB1*03:01:01	1.0	1.0
HG00100	HLA-A	01:01:01:01/01:01:01:02N/01:04N/01:22N/01:32/01:34N/01:37/01:01:01:01/01:01:01:02N/01:04N/01:22N/01:32/01:34N/01:37	HLA-A*01:01:01/HLA-A*01:01:01	1.0	1.0
HG00100	HLA-B	08:01:01/08:19N/57:01:01	HLA-B*57:01:01/HLA-B*08:01:01	1.0	1.0
HG00100	HLA-C	06:02:01:01/06:02:01:02/06:02:03/07:01:01/07:01:02/07:01:09/07:06/07:18/07:52	HLA-C*07:01:01/HLA-C*06:02:01	1.0	1.0
HG00100	HLA-DRB1	03:01:01:01/03:01:01:02/07:01:01:01/07:01:01:02	HLA-DRB1*07:01:01/HLA-DRB1*03:01:01	1.0	1.0
HG00100	HLA-DQB1	02:01:01/02:02/02:04/03:03:02	HLA-DQB1*02:01:01/HLA-DQB1*03:03:02	1.0	1.0
HG00101	HLA-A	11:01:01/11:21N/32:01:01/32:01:02	HLA-A*11:01:01/HLA-A*32:01:01	1.0	1.0
HG00101	HLA-B	27:05:02/27:05:04/27:13/57:01:01	HLA-B*27:05:02/HLA-B*57:01:01	1.0	1.0
HG00101	HLA-C	02:02:02/06:02:01:01/06:02:01:02/06:02:03	HLA-C*02:02:02/HLA-C*06:02:01	1.0	1.0
HG00101	HLA-DRB1	15:01:01:01/15:01:01:02/04:04	HLA-DRB1*15:01:01/HLA-DRB1*04:04:01	1.0	1.0
HG00101	HLA-DQB1	03:02:01/06:02:01	HLA-DQB1*06:02:01/HLA-DQB1*03:02:01	1.0	1.0
HG00102	HLA-A	01:01:01:01/01:01:01:02N/01:04N/01:22N/01:32/01:34N/01:37/01:01:01:01/01:01:01:02N/01:04N/01:22N/01:32/01:34N/01:37	HLA-A*01:01:01/HLA-A*01:01:01	1.0	1.0
HG00102	HLA-B	07:02:01/07:02:06/07:02:09/07:44/07:49N/07:58/07:59/07:61/08:01:01/08:19N	HLA-B*08:01:01/HLA-B*07:02:01	1.0	1.0
HG00102	HLA-C	07:01:01/07:01:02/07:01:09/07:06/07:18/07:52/07:02:01:01/07:02:01:02/07:02:01:03/07:50/07:66/07:74	HLA-C*07:02:01/HLA-C*07:01:01	1.0	1.0
HG00102	HLA-DRB1	01:01:01/12:01:01/12:06/12:10/12:17	HLA-DRB1*01:01:01/HLA-DRB1*12:01:01	1.0	1.0
HG00102	HLA-DQB1	03:01:01/03:01:04/03:09/03:19/03:21/03:22/03:24/05:01:01	HLA-DQB1*05:01:01/HLA-DQB1*03:01:01	1.0	1.0
HG00103	HLA-A	02:01:01:01/02:01:01:02L/02:01:01:03/02:01:08/02:01:11/02:01:14/02:01:15/02:01:21/02:09/02:43N/02:66/02:75/02:83N/02:89/02:97/02:132/02:134/02:140/11:01:01/11:21N	HLA-A*11:01:01/HLA-A*02:01:01	1.0	1.0
HG00103	HLA-B	35:01:01/35:01:03/35:40N/35:42/35:57/35:94/40:01:01/40:01:02/40:55	HLA-B*40:01:02/HLA-B*35:01:01	1.0	1.0
HG00103	HLA-C	03:04:01/03:04:03/04:01:01:01/04:01:01:02/04:01:01:03/04:09N/04:28/04:30/04:41	HLA-C*03:04:01/HLA-C*04:01:01	1.0	1.0
HG00103	HLA-DRB1	01:01:01/13:02:01	HLA-DRB1*13:02:01/HLA-DRB1*01:01:01	1.0	1.0
HG00103	HLA-DQB1	05:01:01/06:04:01/06:34	HLA-DQB1*06:04:01/HLA-DQB1*05:01:01	1.0	1.0
HG00105	HLA-A	02:01:01:01/02:01:01:02L/02:01:01:03/02:01:08/02:01:11/02:01:14/02:01:15/02:01:21/02:09/02:43N/02:66/02:75/02:83N/02:89/02:97/02:132/02:134/02:140/03:01:01:01/03:01:01:02N/03:01:01:03/03:01:07/03:20/03:21N/03:26/03:37/03:45	HLA-A*03:01:01/HLA-A*02:01:01	1.0	1.0
HG00105	HLA-B	07:02:01/07:02:06/07:02:09/07:44/07:49N/07:58/07:59/07:61/44:03:01/44:03:03/44:03:04	HLA-B*44:03:01/HLA-B*07:02:01	1.0	1.0
HG00105	HLA-C	04:01:01:01/04:01:01:02/04:01:01:03/04:09N/04:28/04:30/04:41/07:02:01:01/07:02:01:02/07:02:01:03/07:50/07:66/07:74	HLA-C*04:01:01/HLA-C*07:02:01	1.0	1.0
HG00105	HLA-DRB1	15:01:01:01/15:01:01:02/07:01:01:01/07:01:01:02	HLA-DRB1*15:01:01/HLA-DRB1*07:01:01	1.0	1.0
HG00105	HLA-DQB1	02:01:01/02:02/02:04/06:03:01	HLA-DQB1*06:03:01/HLA-DQB1*02:02:01	1.0	1.0
HG00106	HLA-A	01:01:01:01/01:01:01:02N/01:04N/01:22N/01:32/01:34N/01:37/11:01:01/11:21N	HLA-A*01:01:01/HLA-A*11:01:01	1.0	1.0
HG00106	HLA-B	08:01:01/08:19N/35:03:01/35:70	HLA-B*35:03:01/HLA-B*08:01:01	1.0	1.0
HG00106	HLA-C	04:01:01:01/04:01:01:02/04:01:01:03/04:09N/04:28/04:30/04:41/07:01:01/07:01:02/07:01:09/07:06/07:18/07:52	HLA-C*07:01:01/HLA-C*04:01:01	1.0	1.0
HG00106	HLA-DRB1	03:01:01:01/03:01:01:02/11:01:01/11:01:08	HLA-DRB1*03:01:01/HLA-DRB1*11:01:01	1.0	1.0
HG00106	HLA-DQB1	02:01:01/02:02/02:04/03:01:01/03:01:04/03:09/03:19/03:21/03:22/03:24	HLA-DQB1*02:01:01/HLA-DQB1*03:01:01	1.0	1.0
HG00107	HLA-A	03:01:01:01/03:01:01:02N/03:01:01:03/03:01:07/03:20/03:21N/03:26/03:37/03:45/03:01:01:01/03:01:01:02N/03:01:01:03/03:01:07/03:20/03:21N/03:26/03:37/03:45	HLA-A*03:01:01/HLA-A*03:01:01	1.0	1.0
HG00107	HLA-B	07:02:01/07:02:06/07:02:09/07:44/07:49N/07:58/07:59/07:61/40:01:01/40:01:02/40:55	HLA-B*40:01:02/HLA-B*07:02:01	1.0	1.0
HG00107	HLA-C	03:04:01/03:04:03/07:02:01:01/07:02:01:02/07:02:01:03/07:50/07:66/07:74	HLA-C*03:04:01/HLA-C*07:02:01	1.0	1.0
HG00107	HLA-DRB1	15:01:01:01/15:01:01:02/15:01:01:01/15:01:01:02	HLA-DRB1*15:01:01/HLA-DRB1*15:01:01	1.0	1.0
HG00107	HLA-DQB1	06:02:01/06:02:01	HLA-DQB1*06:02:01/HLA-DQB1*06:02:01	1.0	1.0
HG00108	HLA-A	03:01:01:01/03:01:01:02N/03:01:01:03/03:01:07/03:20/03:21N/03:26/03:37/03:45/24:02:01:01/24:02:01:02L/24:02:03/24:02:10/24:02:13/24:09N/24:11N/24:40N/24:76/24:79/24:83N	HLA-A*03:01:01/HLA-A*24:02:01	1.0	1.0
HG00108	HLA-B	35:02:01/40:01:01/40:01:02/40:55	HLA-B*35:02:01/HLA-B*40:01:02	1.0	1.0
HG00108	HLA-C	03:04:01/03:04:03/04:01:01:01/04:01:01:02/04:01:01:03/04:09N/04:28/04:30/04:41	HLA-C*03:04:01/HLA-C*04:01:01	1.0	1.0
HG00108	HLA-DRB1	11:04:01/04:04	HLA-DRB1*04:04:01/HLA-DRB1*11:04:01	1.0	1.0
HG00108	HLA-DQB1	03:02:01/03:01:01/03:01:04/03:09/03:19/03:21/03:22/03:24	HLA-DQB1*03:02:01/HLA-DQB1*03:01:01	1.0	1.0
HG00109	HLA-A	01:01:01:01/01:01:01:02N/01:04N/01:22N/01:32/01:34N/01:37/02:05:01/02:179	HLA-A*01:01:01/HLA-A*02:05:01	1.0	1.0
HG00109	HLA-B	08:01:01/08:19N/44:02:01:01/44:02:01:02S/44:19N/44:27/44:66	HLA-B*08:01:01/HLA-B*44:02:01	1.0	1.0
HG00109	HLA-C	05:01:01:01/05:01:01:02/05:01:04/05:01:05/05:03/07:01:01/07:01:02/07:01:09/07:06/07:18/07:52	HLA-C*05:01:01/HLA-C*07:01:01	1.0	1.0
HG00109	HLA-DRB1	15:01:01:01/15:01:01:02/03:01:01:01/03:01:01:02	HLA-DRB1*15:01:01/HLA-DRB1*03:01:01	1.0	1.0
HG00109	HLA-DQB1	02:01:01/02:02/02:04/06:02:01	HLA-DQB1*02:01:01/HLA-DQB1*06:02:01	1.0	1.0
HG00110	HLA-A	02:01:01:01/02:01:01:02L/02:01:01:03/02:01:08/02:01:11/02:01:14/02:01:15/02:01:21/02:09/02:43N/02:66/02:75/02:83N/02:89/02:97/02:132/02:134/02:140/11:01:01/11:21N	HLA-A*11:01:01/HLA-A*02:01:01	1.0	1.0
HG00110	HLA-B	44:02:01:01/44:02:01:02S/44:19N/44:27/44:66/55:01:01/55:01:03	HLA-B*55:01:01/HLA-B*44:02:01	1.0	1.0
HG00110	HLA-C	03:03:01/03:20N/05:01:01:01/05:01:01:02/05:01:04/05:01:05/05:03	HLA-C*05:01:01/HLA-C*03:03:01	1.0	1.0
HG00110	HLA-DRB1	13:01:01/04:01:01	HLA-DRB1*04:01:01/HLA-DRB1*13:01:01	1.0	1.0
HG00110	HLA-DQB1	03:01:01/03:01:04/03:09/03:19/03:21/03:22/03:24/06:03:01	HLA-DQB1*06:03:01/HLA-DQB1*03:01:01	1.0	1.0
HG00111	HLA-A	11:01:01/11:21N/30:02:01/30:02:02	HLA-A*11:01:01/HLA-A*30:02:01	1.0	1.0
HG00111	HLA-B	27:05:02/27:05:04/27:13/57:01:01	HLA-B*27:05:02/HLA-B*57:01:01	1.0	1.0
HG00111	HLA-C	02:02:02/05:01:01:01/05:01:01:02/05:01:04/05:01:05/05:03	HLA-C*02:02:02/HLA-C*05:01:01	1.0	1.0
HG00111	HLA-DRB1	04:03:01/07:01:01:01/07:01:01:02	HLA-DRB1*07:01:01/HLA-DRB1*04:03:01	1.0	1.0
HG00111	HLA-DQB1	03:02:01/03:03:02	HLA-DQB1*03:02:01/HLA-DQB1*03:03:02	1.0	1.0
HG00112	HLA-A	02:01:01:01/02:01:01:02L/02:01:01:03/02:01:08/02:01:11/02:01:14/02:01:15/02:01:21/02:09/02:43N/02:66/02:75/02:83N/02:89/02:97/02:132/02:134/02:140/24:02:01:01/24:02:01:02L/24:02:03/24:02:10/24:02:13/24:09N/24:11N/24:40N/24:76/24:79/24:83N	HLA-A*02:01:01/HLA-A*24:02:01	1.0	1.0
HG00112	HLA-B	14:02:01/51:01:01/51:01:05/51:01:07/51:11N/51:30/51:32/51:48/51:51	HLA-B*14:02:01/HLA-B*51:01:01	1.0	1.0
HG00112	HLA-C	08:02/14:02:01	HLA-C*14:02:01/HLA-C*08:02:01	1.0	1.0
HG00112	HLA-DRB1	13:03:01/08:01:01/08:01:03	HLA-DRB1*08:01:01/HLA-DRB1*13:03:01	1.0	1.0
HG00112	HLA-DQB1	03:01:01/03:01:04/03:09/03:19/03:21/03:22/03:24/04:02	HLA-DQB1*04:02:01/HLA-DQB1*03:01:01	1.0	1.0
HG00113	HLA-A	02:01:01:01/02:01:01:02L/02:01:01:03/02:01:08/02:01:11/02:01:14/02:01:15/02:01:21/02:09/02:43N/02:66/02:75/02:83N/02:89/02:97/02:132/02:134/02:140/29:02:01	HLA-A*29:02:01/HLA-A*02:01:01	1.0	1.0
HG00113	HLA-B	07:02:01/07:02:06/07:02:09/07:44/07:49N/07:58/07:59/07:61/44:03:01/44:03:03/44:03:04	HLA-B*07:02:01/HLA-B*44:03:01	1.0	1.0
HG00113	HLA-C	07:02:01:01/07:02:01:02/07:02:01:03/07:50/07:66/07:74/16:01:01	HLA-C*07:02:01/HLA-C*16:01:01	1.0	1.0
HG00113	HLA-DRB1	15:01:01:01/15:01:01:02/07:01:01:01/07:01:01:02	HLA-DRB1*07:01:01/HLA-DRB1*15:01:01	1.0	1.0
HG00113	HLA-DQB1	02:01:01/02:02/02:04/06:02:01	HLA-DQB1*02:02:01/HLA-DQB1*06:02:01	1.0	1.0
HG00114	HLA-A	01:01:01:01/01:01:01:02N/01:04N/01:22N/01:32/01:34N/01:37/03:01:01:01/03:01:01:02N/03:01:01:03/03:01:07/03:20/03:21N/03:26/03:37/03:45	HLA-A*03:01:01/HLA-A*01:01:01	1.0	1.0
HG00114	HLA-B	07:02:01/07:02:06/07:02:09/07:44/07:49N/07:58/07:59/07:61/08:01:01/08:19N	HLA-B*08:01:01/HLA-B*07:02:01	1.0	1.0
HG00114	HLA-C	07:01:01/07:01:02/07:01:09/07:06/07:18/07:52/07:02:01:01/07:02:01:02/07:02:01:03/07:50/07:66/07:74	HLA-C*07:01:01/HLA-C*07:02:01	1.0	1.0
HG00114	HLA-DRB1	15:01:01:01/15:01:01:02/03:01:01:01/03:01:01:02	HLA-DRB1*03:01:01/HLA-DRB1*15:01:01	1.0	1.0
HG00114	HLA-DQB1	02:01:01/02:02/02:04/06:02:01	HLA-DQB1*02:01:01/HLA-DQB1*06:02:01	1.0	1.0
HG00115	HLA-A	03:01:01:01/03:01:01:02N/03:01:01:03/03:01:07/03:20/03:21N/03:26/03:37/03:45/11:01:01/11:21N	HLA-A*11:01:01/HLA-A*03:01:01	1.0	1.0
HG00115	HLA-B	27:05:02/27:05:04/27:13/27:05:02/27:05:04/27:13	HLA-B*27:05:02/HLA-B*27:05:02	1.0	1.0
HG00115	HLA-C	01:02:01/01:02:02/01:02:03/01:02:04/01:02:05/01:02:06/01:02:07/01:02:08/01:02:09/01:25/01:02:01/01:02:02/01:02:03/01:02:04/01:02:05/01:02:06/01:02:07/01:02:08/01:02:09/01:25	HLA-C*01:02:01/HLA-C*01:02:01	1.0	1.0
HG00115	HLA-DRB1	01:01:01/01:01:01	HLA-DRB1*01:01:01/HLA-DRB1*01:01:01	1.0	1.0
HG00115	HLA-DQB1	05:01:01/05:01:01	HLA-DQB1*05:01:01/HLA-DQB1*05:01:01	1.0	1.0
HG00116	HLA-A	01:01:01:01/01:01:01:02N/01:04N/01:22N/01:32/01:34N/01:37/29:02:01	HLA-A*29:02:01/HLA-A*01:01:01	1.0	1.0
HG00116	HLA-B	07:02:01/07:02:06/07:02:09/07:44/07:49N/07:58/07:59/07:61/14:02:01	HLA-B*14:02:01/HLA-B*07:02:01	1.0	1.0
HG00116	HLA-C	07:02:01:01/07:02:01:02/07:02:01:03/07:50/07:66/07:74/08:02	HLA-C*07:02:01/HLA-C*08:02:01	1.0	1.0
HG00116	HLA-DRB1	01:01:01/13:02:01	HLA-DRB1*01:01:01/HLA-DRB1*13:02:01	1.0	1.0
HG00116	HLA-DQB1	05:01:01/06:09	HLA-DQB1*06:09:01/HLA-DQB1*05:01:01	1.0	1.0
HG00117	HLA-A	01:01:01:01/01:01:01:02N/01:04N/01:22N/01:32/01:34N/01:37/11:01:01/11:21N	HLA-A*01:01:01/HLA-A*11:01:01	1.0	1.0
HG00117	HLA-B	08:01:01/08:19N/55:01:01/55:01:03	HLA-B*08:01:01/HLA-B*55:01:01	1.0	1.0
HG00117	HLA-C	03:03:01/03:20N/07:01:01/07:01:02/07:01:09/07:06/07:18/07:52	HLA-C*07:01:01/HLA-C*03:03:01	1.0	1.0
HG00117	HLA-DRB1	03:01:01:01/03:01:01:02/04:07:01	HLA-DRB1*03:01:01/HLA-DRB1*04:07:01	1.0	1.0
HG00117	HLA-DQB1	02:01:01/02:02/02:04/03:01:01/03:01:04/03:09/03:19/03:21/03:22/03:24	HLA-DQB1*02:01:01/HLA-DQB1*03:01:01	1.0	1.0
HG00118	HLA-A	02:01:01:01/02:01:01:02L/02:01:01:03/02:01:08/02:01:11/02:01:14/02:01:15/02:01:21/02:09/02:43N/02:66/02:75/02:83N/02:89/02:97/02:132/02:134/02:140/24:02:01:01/24:02:01:02L/24:02:03/24:02:10/24:02:13/24:09N/24:11N/24:40N/24:76/24:79/24:83N	HLA-A*24:02:01/HLA-A*02:01:01	1.0	1.0
HG00118	HLA-B	07:02:01/07:02:06/07:02:09/07:44/07:49N/07:58/07:59/07:61/40:01:01/40:01:02/40:55	HLA-B*07:02:01/HLA-B*40:01:02	1.0	1.0
HG00118	HLA-C	03:04:01/03:04:03/07:02:01:01/07:02:01:02/07:02:01:03/07:50/07:66/07:74	HLA-C*07:02:01/HLA-C*03:04:01	1.0	1.0
HG00118	HLA-DRB1	15:01:01:01/15:01:01:02/15:01:01:01/15:01:01:02	HLA-DRB1*15:01:01/HLA-DRB1*15:01:01	1.0	1.0
HG00118	HLA-DQB1	06:02:01/06:02:01	HLA-DQB1*06:02:01/HLA-DQB1*06:02:01	1.0	1.0
HG00119	HLA-A	03:01:01:01/03:01:01:02N/03:01:01:03/03:01:07/03:20/03:21N/03:26/03:37/03:45/26:01:01/26:01:07/26:24/26:26	HLA-A*03:01:01/HLA-A*26:01:01	1.0	1.0
HG00119	HLA-B	35:03:01/35:70/38:01:01	HLA-B*38:01:01/HLA-B*35:03:01	1.0	1.0
HG00119	HLA-C	04:01:01:01/04:01:01:02/04:01:01:03/04:09N/04:28/04:30/04:41/12:03:01:01/12:03:01:02/12:03:06	HLA-C*04:01:01/HLA-C*12:03:01	1.0	1.0
HG00119	HLA-DRB1	03:01:01:01/03:01:01:02/14:01:01/14:54	HLA-DRB1*03:01:01/HLA-DRB1*14:01:01	1.0	1.0
HG00119	HLA-DQB1	02:01:01/02:02/02:04/05:03:01	HLA-DQB1*02:01:01/HLA-DQB1*05:03:01	1.0	1.0
HG00120	HLA-A	01:01:01:01/01:01:01:02N/01:04N/01:22N/01:32/01:34N/01:37/02:01:01:01/02:01:01:02L/02:01:01:03/02:01:08/02:01:11/02:01:14/02:01:15/02:01:21/02:09/02:43N/02:66/02:75/02:83N/02:89/02:97/02:132/02:134/02:140	HLA-A*01:01:01/HLA-A*02:01:01	1.0	1.0
HG00120	HLA-B	08:01:01/08:19N/27:05:02/27:05:04/27:13	HLA-B*27:05:02/HLA-B*08:01:01	1.0	1.0
HG00120	HLA-C	02:02:02/07:01:01/07:01:02/07:01:09/07:06/07:18/07:52	HLA-C*07:01:01/HLA-C*02:02:02	1.0	1.0
HG00120	HLA-DRB1	15:01:01:01/15:01:01:02/03:01:01:01/03:01:01:02	HLA-DRB1*15:01:01/HLA-DRB1*03:01:01	1.0	1.0
HG00120	HLA-DQB1	06:02:01/06:02:01	HLA-DQB1*06:02:01/HLA-DQB1*06:02:01	1.0	1.0
HG00121	HLA-A	03:01:01:01/03:01:01:02N/03:01:01:03/03:01:07/03:20/03:21N/03:26/03:37/03:45/24:02:01:01/24:02:01:02L/24:02:03/24:02:10/24:02:13/24:09N/24:11N/24:40N/24:76/24:79/24:83N	HLA-A*24:02:01/HLA-A*03:01:01	1.0	1.0
HG00121	HLA-B	07:02:01/07:02:06/07:02:09/07:44/07:49N/07:58/07:59/07:61/40:01:01/40:01:02/40:55	HLA-B*40:01:02/HLA-B*07:02:01	1.0	1.0
HG00121	HLA-C	03:04:01/03:04:03/07:02:01:01/07:02:01:02/07:02:01:03/07:50/07:66/07:74	HLA-C*07:02:01/HLA-C*03:04:01	1.0	1.0
HG00121	HLA-DRB1	15:01:01:01/15:01:01:02/04:04	HLA-DRB1*15:01:01/HLA-DRB1*04:04:01	1.0	1.0
HG00121	HLA-DQB1	03:02:01/06:02:01	HLA-DQB1*03:02:01/HLA-DQB1*06:02:01	1.0	1.0
HG00122	HLA-A	01:01:01:01/01:01:01:02N/01:04N/01:22N/01:32/01:34N/01:37/02:01:01:01/02:01:01:02L/02:01:01:03/02:01:08/02:01:11/02:01:14/02:01:15/02:01:21/02:09/02:43N/02:66/02:75/02:83N/02:89/02:97/02:132/02:134/02:140	HLA-A*02:01:01/HLA-A*01:01:01	1.0	1.0
HG00122	HLA-B	14:01/57:01:01	HLA-B*14:01:01/HLA-B*57:01:01	1.0	1.0
HG00122	HLA-C	06:02:01:01/06:02:01:02/06:02:03/08:02	HLA-C*08:02:01/HLA-C*06:02:01	1.0	1.0
HG00122	HLA-DRB1	07:01:01:01/07:01:01:02/07:01:01:01/07:01:01:02	HLA-DRB1*07:01:01/HLA-DRB1*07:01:01	1.0	1.0
HG00122	HLA-DQB1	02:01:01/02:02/02:04/03:03:02	HLA-DQB1*02:02:01/HLA-DQB1*03:03:02	1.0	1.0
HG00123	HLA-A	01:01:01:01/01:01:01:02N/01:04N/01:22N/01:32/01:34N/01:37/11:01:01/11:21N	HLA-A*11:01:01/HLA-A*01:01:01	1.0	1.0
HG00123	HLA-B	44:03:01/44:03:03/44:03:04/57:01:01	HLA-B*57:01:01/HLA-B*44:03:01	1.0	1.0
HG00123	HLA-C	05:01:01:01/05:01:01:02/05:01:04/05:01:05/05:03/06:02:01:01/06:02:01:02/06:02:03	HLA-C*05:01:01/HLA-C*06:02:01	1.0	1.0
HG00123	HLA-DRB1	07:01:01:01/07:01:01:02/07:01:01:01/07:01:01:02	HLA-DRB1*07:01:01/HLA-DRB1*07:01:01	1.0	1.0
HG00123	HLA-DQB1	02:01:01/02:02/02:04/03:03:02	HLA-DQB1*03:03:02/HLA-DQB1*02:02:01	1.0	1.0
HG00125	HLA-A	02:01:01:01/02:01:01:02L/02:01:01:03/02:01:08/02:01:11/02:01:14/02:01:15/02:01:21/02:09/02:43N/02:66/02:75/02:83N/02:89/02:97/02:132/02:134/02:140/24:02:01:01/24:02:01:02L/24:02:03/24:02:10/24:02:13/24:09N/24:11N/24:40N/24:76/24:79/24:83N	HLA-A*24:02:01/HLA-A*02:01:01	1.0	1.0
HG00125	HLA-B	14:02:01/44:02:01:01/44:02:01:02S/44:19N/44:27/44:66	HLA-B*14:02:01/HLA-B*44:02:01	1.0	1.0
HG00125	HLA-C	05:01:01:01/05:01:01:02/05:01:04/05:01:05/05:03/08:02	HLA-C*05:01:01/HLA-C*08:02:01	1.0	1.0
HG00125	HLA-DRB1	13:03:01/04:01:01	HLA-DRB1*04:01:01/HLA-DRB1*13:03:01	1.0	1.0
HG00125	HLA-DQB1	03:01:01/03:01:04/03:09/03:19/03:21/03:22/03:24/03:01:01/03:01:04/03:09/03:19/03:21/03:22/03:24	HLA-DQB1*03:01:01/HLA-DQB1*03:01:01	1.0	1.0
HG00126	HLA-A	24:02:01:01/24:02:01:02L/24:02:03/24:02:10/24:02:13/24:09N/24:11N/24:40N/24:76/24:79/24:83N/29:02:01	HLA-A*29:02:01/HLA-A*24:02:01	1.0	1.0
HG00126	HLA-B	35:03:01/35:70/44:03:01/44:03:03/44:03:04	HLA-B*44:03:01/HLA-B*35:03:01	1.0	1.0
HG00126	HLA-C	12:03:01:01/12:03:01:02/12:03:06/16:01:01	HLA-C*16:01:01/HLA-C*12:03:01	1.0	1.0
HG00126	HLA-DRB1	14:01:01/14:54/07:01:01:01/07:01:01:02	HLA-DRB1*07:01:01/HLA-DRB1*14:54:01	1.0	1.0
HG00126	HLA-DQB1	02:01:01/02:02/02:04/05:03:01	HLA-DQB1*02:02:01/HLA-DQB1*05:03:01	1.0	1.0
HG00127	HLA-A	26:01:01/26:01:07/26:24/26:26/26:01:01/26:01:07/26:24/26:26	HLA-A*26:01:01/HLA-A*26:01:01	1.0	1.0
HG00127	HLA-B	38:01:01/45:01/45:07	HLA-B*38:01:01/HLA-B*45:01:01	1.0	1.0
HG00127	HLA-C	06:02:01:01/06:02:01:02/06:02:03/12:03:01:01/12:03:01:02/12:03:06	HLA-C*12:03:01/HLA-C*06:02:01	1.0	1.0
HG00127	HLA-DRB1	04:01:01/04:03:01	HLA-DRB1*04:01:01/HLA-DRB1*04:03:01	1.0	1.0
HG00127	HLA-DQB1	03:02:01/03:04	HLA-DQB1*03:02:01/HLA-DQB1*03:04:01	1.0	1.0
HG00128	HLA-A	02:01:01:01/02:01:01:02L/02:01:01:03/02:01:08/02:01:11/02:01:14/02:01:15/02:01:21/02:09/02:43N/02:66/02:75/02:83N/02:89/02:97/02:132/02:134/02:140/02:01:01:01/02:01:01:02L/02:01:01:03/02:01:08/02:01:11/02:01:14/02:01:15/02:01:21/02:09/02:43N/02:66/02:75/02:83N/02:89/02:97/02:132/02:134/02:140	HLA-A*02:01:01/HLA-A*02:01:01	1.0	1.0
HG00128	HLA-B	14:02:01/27:05:02/27:05:04/27:13	HLA-B*14:02:01/HLA-B*27:05:02	1.0	1.0
HG00128	HLA-C	02:02:02/08:02	HLA-C*02:02:02/HLA-C*08:02:01	1.0	1.0
HG00128	HLA-DRB1	01:01:01/12:01:01/12:06/12:10/12:17	HLA-DRB1*01:01:01/HLA-DRB1*12:01:01	1.0	1.0
HG00128	HLA-DQB1	03:01:01/03:01:04/03:09/03:19/03:21/03:22/03:24/05:01:01	HLA-DQB1*05:01:01/HLA-DQB1*03:01:01	1.0	1.0
HG00129	HLA-A	01:01:01:01/01:01:01:02N/01:04N/01:22N/01:32/01:34N/01:37/02:01:01:01/02:01:01:02L/02:01:01:03/02:01:08/02:01:11/02:01:14/02:01:15/02:01:21/02:09/02:43N/02:66/02:75/02:83N/02:89/02:97/02:132/02:134/02:140	HLA-A*01:01:01/HLA-A*02:01:01	1.0	1.0
HG00129	HLA-B	13:02:01/13:02:05/35:01:01/35:01:03/35:40N/35:42/35:57/35:94	HLA-B*13:02:01/HLA-B*35:01:01	1.0	1.0
HG00129	HLA-C	04:01:01:01/04:01:01:02/04:01:01:03/04:09N/04:28/04:30/04:41/06:02:01:01/06:02:01:02/06:02:03	HLA-C*06:02:01/HLA-C*04:01:01	1.0	1.0
HG00129	HLA-DRB1	01:01:01/07:01:01:01/07:01:01:02	HLA-DRB1*07:01:01/HLA-DRB1*01:01:01	1.0	1.0
HG00129	HLA-DQB1	02:01:01/02:02/02:04/05:01:01	HLA-DQB1*02:02:01/HLA-DQB1*05:01:01	1.0	1.0
HG00130	HLA-A	23:01:01/23:07N/23:17/23:18/23:20/29:02:01	HLA-A*29:02:01/HLA-A*23:01:01	1.0	1.0
HG00130	HLA-B	15:03:01/15:103/44:03:01/44:03:03/44:03:04	HLA-B*44:03:01/HLA-B*15:03:01	1.0	1.0
HG00130	HLA-C	02:10/16:01:01	HLA-C*02:10:01/HLA-C*16:01:01	1.0	1.0
HG00130	HLA-DRB1	07:01:01:01/07:01:01:02/10:01:01	HLA-DRB1*07:01:01/HLA-DRB1*10:01:01	1.0	1.0
HG00130	HLA-DQB1	02:01:01/02:02/02:04/05:01:01	HLA-DQB1*05:01:01/HLA-DQB1*02:02:01	1.0	1.0
HG00131	HLA-A	01:01:01:01/01:01:01:02N/01:04N/01:22N/01:32/01:34N/01:37/03:01:01:01/03:01:01:02N/03:01:01:03/03:01:07/03:20/03:21N/03:26/03:37/03:45	HLA-A*01:01:01/HLA-A*03:01:01	1.0	1.0
HG00131	HLA-B	37:01:01/57:01:01	HLA-B*57:01:01/HLA-B*37:01:01	1.0	1.0
HG00131	HLA-C	06:02:01:01/06:02:01:02/06:02:03/06:02:01:01/06:02:01:02/06:02:03	HLA-C*06:02:01/HLA-C*06:02:01	1.0	1.0
HG00131	HLA-DRB1	11:01:01/11:01:08/07:01:01:01/07:01:01:02	HLA-DRB1*07:01:01/HLA-DRB1*11:01:01	1.0	1.0
HG00131	HLA-DQB1	03:03:02/03:01:01/03:01:04/03:09/03:19/03:21/03:22/03:24	HLA-DQB1*03:03:02/HLA-DQB1*03:01:01	1.0	1.0
HG00132	HLA-A	02:01:01:01/02:01:01:02L/02:01:01:03/02:01:08/02:01:11/02:01:14/02:01:15/02:01:21/02:09/02:43N/02:66/02:75/02:83N/02:89/02:97/02:132/02:134/02:140/68:01:01/68:01:07	HLA-A*68:01:01/HLA-A*02:01:01	1.0	1.0
HG00132	HLA-B	35:03:01/35:70/44:02:01:01/44:02:01:02S/44:19N/44:27/44:66	HLA-B*35:03:01/HLA-B*44:02:01	1.0	1.0
HG00132	HLA-C	04:01:01:01/04:01:01:02/04:01:01:03/04:09N/04:28/04:30/04:41/05:01:01:01/05:01:01:02/05:01:04/05:01:05/05:03	HLA-C*05:01:01/HLA-C*04:01:01	1.0	1.0
HG00132	HLA-DRB1	01:01:01/04:01:01	HLA-DRB1*01:01:01/HLA-DRB1*04:01:01	1.0	1.0
HG00132	HLA-DQB1	03:01:01/03:01:04/03:09/03:19/03:21/03:22/03:24/05:01:01	HLA-DQB1*05:01:01/HLA-DQB1*03:01:01	1.0	1.0
HG00133	HLA-A	02:01:01:01/02:01:01:02L/02:01:01:03/02:01:08/02:01:11/02:01:14/02:01:15/02:01:21/02:09/02:43N/02:66/02:75/02:83N/02:89/02:97/02:132/02:134/02:140/32:01:01/32:01:02	HLA-A*32:01:01/HLA-A*02:01:01	1.0	1.0
HG00133	HLA-B	44:02:01:01/44:02:01:02S/44:19N/44:27/44:66/53:01:01	HLA-B*53:01:01/HLA-B*44:02:01	1.0	1.0
HG00133	HLA-C	04:01:01:01/04:01:01:02/04:01:01:03/04:09N/04:28/04:30/04:41/05:01:01:01/05:01:01:02/05:01:04/05:01:05/05:03	HLA-C*04:01:01/HLA-C*05:01:01	1.0	1.0
HG00133	HLA-DRB1	13:02:01/04:04	HLA-DRB1*04:04:01/HLA-DRB1*13:02:01	1.0	1.0
HG00133	HLA-DQB1	03:02:01/06:04:01/06:34	HLA-DQB1*03:02:01/HLA-DQB1*06:04:01	1.0	1.0
HG00136	HLA-A	02:01:01:01/02:01:01:02L/02:01:01:03/02:01:08/02:01:11/02:01:14/02:01:15/02:01:21/02:09/02:43N/02:66/02:75/02:83N/02:89/02:97/02:132/02:134/02:140/02:01:01:01/02:01:01:02L/02:01:01:03/02:01:08/02:01:11/02:01:14/02:01:15/02:01:21/02:09/02:43N/02:66/02:75/02:83N/02:89/02:97/02:132/02:134/02:140	HLA-A*02:01:01/HLA-A*02:01:01	1.0	1.0
HG00136	HLA-B	44:02:01:01/44:02:01:02S/44:19N/44:27/44:66/51:01:01/51:01:05/51:01:07/51:11N/51:30/51:32/51:48/51:51	HLA-B*44:02:01/HLA-B*51:01:01	1.0	1.0
HG00136	HLA-C	05:01:01:01/05:01:01:02/05:01:04/05:01:05/05:03/16:02	HLA-C*16:02:01/HLA-C*05:01:01	1.0	1.0
HG00136	HLA-DRB1	13:01:01/04:01:01	HLA-DRB1*13:01:01/HLA-DRB1*04:01:01	1.0	1.0
HG00136	HLA-DQB1	03:01:01/03:01:04/03:09/03:19/03:21/03:22/03:24/06:03:01	HLA-DQB1*06:03:01/HLA-DQB1*03:01:01	1.0	1.0
HG00137	HLA-A	01:01:01:01/01:01:01:02N/01:04N/01:22N/01:32/01:34N/01:37/02:01:01:01/02:01:01:02L/02:01:01:03/02:01:08/02:01:11/02:01:14/02:01:15/02:01:21/02:09/02:43N/02:66/02:75/02:83N/02:89/02:97/02:132/02:134/02:140	HLA-A*01:01:01/HLA-A*02:01:01	1.0	1.0
HG00137	HLA-B	08:01:01/08:19N/44:02:01:01/44:02:01:02S/44:19N/44:27/44:66	HLA-B*44:02:01/HLA-B*08:01:01	1.0	1.0
HG00137	HLA-C	05:01:01:01/05:01:01:02/05:01:04/05:01:05/05:03/07:01:01/07:01:02/07:01:09/07:06/07:18/07:52	HLA-C*05:01:01/HLA-C*07:01:01	1.0	1.0
HG00137	HLA-DRB1	03:01:01:01/03:01:01:02/13:01:01	HLA-DRB1*03:01:01/HLA-DRB1*13:01:01	1.0	1.0
HG00137	HLA-DQB1	02:01:01/02:02/02:04/06:03:01	HLA-DQB1*02:01:01/HLA-DQB1*06:03:01	1.0	1.0
HG00138	HLA-A	02:01:01:01/02:01:01:02L/02:01:01:03/02:01:08/02:01:11/02:01:14/02:01:15/02:01:21/02:09/02:43N/02:66/02:75/02:83N/02:89/02:97/02:132/02:134/02:140/11:01:01/11:21N	HLA-A*11:01:01/HLA-A*02:01:01	1.0	1.0
HG00138	HLA-B	35:01:01/35:01:03/35:40N/35:42/35:57/35:94/51:01:01/51:01:05/51:01:07/51:11N/51:30/51:32/51:48/51:51	HLA-B*51:01:01/HLA-B*35:01:01	1.0	1.0
HG00138	HLA-C	04:01:01:01/04:01:01:02/04:01:01:03/04:09N/04:28/04:30/04:41/14:02:01	HLA-C*14:02:01/HLA-C*04:01:01	1.0	1.0
HG00138	HLA-DRB1	01:01:01/13:01:01	HLA-DRB1*01:01:01/HLA-DRB1*13:01:01	1.0	1.0
HG00138	HLA-DQB1	05:01:01/06:03:01	HLA-DQB1*05:01:01/HLA-DQB1*06:03:01	1.0	1.0
HG00139	HLA-A	02:01:01:01/02:01:01:02L/02:01:01:03/02:01:08/02:01:11/02:01:14/02:01:15/02:01:21/02:09/02:43N/02:66/02:75/02:83N/02:89/02:97/02:132/02:134/02:140/23:01:01/23:07N/23:17/23:18/23:20	HLA-A*23:01:01/HLA-A*02:01:01	1.0	1.0
HG00139	HLA-B	44:03:01/44:03:03/44:03:04/44:03:01/44:03:03/44:03:04	HLA-B*44:03:01/HLA-B*44:03:01	1.0	1.0
HG00139	HLA-C	16:01:01/16:01:01	HLA-C*16:01:01/HLA-C*16:01:01	1.0	1.0
HG00139	HLA-DRB1	07:01:01:01/07:01:01:02/07:01:01:01/07:01:01:02	HLA-DRB1*07:01:01/HLA-DRB1*07:01:01	1.0	1.0
HG00139	HLA-DQB1	02:01:01/02:02/02:04/02:01:01/02:02/02:04	HLA-DQB1*02:02:01/HLA-DQB1*02:02:01	1.0	1.0
HG00140	HLA-A	01:01:01:01/01:01:01:02N/01:04N/01:22N/01:32/01:34N/01:37/31:01:02/31:14N/31:23	HLA-A*31:01:02/HLA-A*01:01:01	1.0	1.0
HG00140	HLA-B	40:01:01/40:01:02/40:55/57:01:01	HLA-B*57:01:01/HLA-B*40:01:02	1.0	1.0
HG00140	HLA-C	03:04:01/03:04:03/06:02:01:01/06:02:01:02/06:02:03	HLA-C*06:02:01/HLA-C*03:04:01	1.0	1.0
HG00140	HLA-DRB1	01:01:01/03:01:01:01/03:01:01:02	HLA-DRB1*01:01:01/HLA-DRB1*03:01:01	1.0	1.0
HG00140	HLA-DQB1	02:01:01/02:02/02:04/05:01:01	HLA-DQB1*02:01:01/HLA-DQB1*05:01:01	1.0	1.0
HG00141	HLA-A	03:01:01:01/03:01:01:02N/03:01:01:03/03:01:07/03:20/03:21N/03:26/03:37/03:45/24:02:01:01/24:02:01:02L/24:02:03/24:02:10/24:02:13/24:09N/24:11N/24:40N/24:76/24:79/24:83N	HLA-A*03:01:01/HLA-A*24:02:01	1.0	1.0
HG00141	HLA-B	15:01:01:01/15:01:01:02N/15:01:06/15:01:07/15:102/15:104/15:140/15:146/35:01:01/35:01:03/35:40N/35:42/35:57/35:94	HLA-B*35:01:01/HLA-B*15:01:01	1.0	1.0
HG00141	HLA-C	03:03:01/03:20N/04:01:01:01/04:01:01:02/04:01:01:03/04:09N/04:28/04:30/04:41	HLA-C*03:03:01/HLA-C*04:01:01	1.0	1.0
HG00141	HLA-DRB1	01:01:01/04:01:01	HLA-DRB1*01:01:01/HLA-DRB1*04:01:01	1.0	1.0
HG00141	HLA-DQB1	03:02:01/05:01:01	HLA-DQB1*03:02:01/HLA-DQB1*05:01:01	1.0	1.0
HG00142	HLA-A	02:01:01:01/02:01:01:02L/02:01:01:03/02:01:08/02:01:11/02:01:14/02:01:15/02:01:21/02:09/02:43N/02:66/02:75/02:83N/02:89/02:97/02:132/02:134/02:140/29:02:01	HLA-A*29:02:01/HLA-A*02:01:01	1.0	1.0
HG00142	HLA-B	45:01/45:07/57:01:01	HLA-B*45:01:01/HLA-B*57:01:01	1.0	1.0
HG00142	HLA-C	06:02:01:01/06:02:01:02/06:02:03/06:02:01:01/06:02:01:02/06:02:03	HLA-C*06:02:01/HLA-C*06:02:01	1.0	1.0
HG00142	HLA-DRB1	04:01:01/07:01:01:01/07:01:01:02	HLA-DRB1*07:01:01/HLA-DRB1*04:01:01	1.0	1.0
HG00142	HLA-DQB1	03:03:02/03:01:01/03:01:04/03:09/03:19/03:21/03:22/03:24	HLA-DQB1*03:03:02/HLA-DQB1*03:01:01	1.0	1.0
HG00143	HLA-A	02:01:01:01/02:01:01:02L/02:01:01:03/02:01:08/02:01:11/02:01:14/02:01:15/02:01:21/02:09/02:43N/02:66/02:75/02:83N/02:89/02:97/02:132/02:134/02:140/02:01:01:01/02:01:01:02L/02:01:01:03/02:01:08/02:01:11/02:01:14/02:01:15/02:01:21/02:09/02:43N/02:66/02:75/02:83N/02:89/02:97/02:132/02:134/02:140	HLA-A*02:01:01/HLA-A*02:01:01	1.0	1.0
HG00143	HLA-B	07:02:01/07:02:06/07:02:09/07:44/07:49N/07:58/07:59/07:61/57:01:01	HLA-B*57:01:01/HLA-B*07:02:01	1.0	1.0
HG00143	HLA-C	06:02:01:01/06:02:01:02/06:02:03/07:02:01:01/07:02:01:02/07:02:01:03/07:50/07:66/07:74	HLA-C*07:02:01/HLA-C*06:02:01	1.0	1.0
HG00143	HLA-DRB1	15:01:01:01/15:01:01:02/07:01:01:01/07:01:01:02	HLA-DRB1*07:01:01/HLA-DRB1*15:01:01	1.0	1.0
HG00143	HLA-DQB1	03:03:02/06:03:01	HLA-DQB1*03:03:02/HLA-DQB1*06:03:01	1.0	1.0
HG00145	HLA-A	01:01:01:01/01:01:01:02N/01:04N/01:22N/01:32/01:34N/01:37/24:02:01:01/24:02:01:02L/24:02:03/24:02:10/24:02:13/24:09N/24:11N/24:40N/24:76/24:79/24:83N	HLA-A*24:02:01/HLA-A*01:01:01	1.0	1.0
HG00145	HLA-B	07:02:01/07:02:06/07:02:09/07:44/07:49N/07:58/07:59/07:61/40:01:01/40:01:02/40:55	HLA-B*40:01:02/HLA-B*07:02:01	1.0	1.0
HG00145	HLA-C	03:04:01/03:04:03/07:02:01:01/07:02:01:02/07:02:01:03/07:50/07:66/07:74	HLA-C*03:04:01/HLA-C*07:02:01	1.0	1.0
HG00145	HLA-DRB1	15:01:01:01/15:01:01:02/13:02:01	HLA-DRB1*13:02:01/HLA-DRB1*15:01:01	1.0	1.0
HG00145	HLA-DQB1	06:02:01/06:04:01/06:34	HLA-DQB1*06:02:01/HLA-DQB1*06:04:01	1.0	1.0
HG00146	HLA-A	01:01:01:01/01:01:01:02N/01:04N/01:22N/01:32/01:34N/01:37/25:01:01/25:07	HLA-A*25:01:01/HLA-A*01:01:01	1.0	1.0
HG00146	HLA-B	08:01:01/08:19N/35:01:01/35:01:03/35:40N/35:42/35:57/35:94	HLA-B*08:01:01/HLA-B*35:01:01	1.0	1.0
HG00146	HLA-C	04:01:01:01/04:01:01:02/04:01:01:03/04:09N/04:28/04:30/04:41/07:01:01/07:01:02/07:01:09/07:06/07:18/07:52	HLA-C*07:01:01/HLA-C*04:01:01	1.0	1.0
HG00146	HLA-DRB1	01:01:01/03:01:01:01/03:01:01:02	HLA-DRB1*01:01:01/HLA-DRB1*03:01:01	1.0	1.0
HG00146	HLA-DQB1	02:01:01/02:02/02:04/05:01:01	HLA-DQB1*02:01:01/HLA-DQB1*05:01:01	1.0	1.0
HG00148	HLA-A	02:01:01:01/02:01:01:02L/02:01:01:03/02:01:08/02:01:11/02:01:14/02:01:15/02:01:21/02:09/02:43N/02:66/02:75/02:83N/02:89/02:97/02:132/02:134/02:140/11:01:01/11:21N	HLA-A*11:01:01/HLA-A*02:01:01	1.0	1.0
HG00148	HLA-B	40:01:01/40:01:02/40:55/44:02:01:01/44:02:01:02S/44:19N/44:27/44:66	HLA-B*44:02:01/HLA-B*40:01:02	1.0	1.0
HG00148	HLA-C	03:04:01/03:04:03/05:01:01:01/05:01:01:02/05:01:04/05:01:05/05:03	HLA-C*05:01:01/HLA-C*03:04:01	1.0	1.0
HG00148	HLA-DRB1	13:02:01/04:01:01	HLA-DRB1*04:01:01/HLA-DRB1*13:02:01	1.0	1.0
HG00148	HLA-DQB1	03:01:01/03:01:04/03:09/03:19/03:21/03:22/03:24/06:04:01/06:34	HLA-DQB1*06:04:01/HLA-DQB1*03:01:01	1.0	1.0
HG00149	HLA-A	02:01:01:01/02:01:01:02L/02:01:01:03/02:01:08/02:01:11/02:01:14/02:01:15/02:01:21/02:09/02:43N/02:66/02:75/02:83N/02:89/02:97/02:132/02:134/02:140/02:01:01:01/02:01:01:02L/02:01:01:03/02:01:08/02:01:11/02:01:14/02:01:15/02:01:21/02:09/02:43N/02:66/02:75/02:83N/02:89/02:97/02:132/02:134/02:140	HLA-A*02:01:01/HLA-A*02:01:01	1.0	1.0
HG00149	HLA-B	13:02:01/13:02:05/44:03:01/44:03:03/44:03:04	HLA-B*44:03:01/HLA-B*13:02:01	1.0	1.0
HG00149	HLA-C	06:02:01:01/06:02:01:02/06:02:03/16:01:01	HLA-C*06:02:01/HLA-C*16:01:01	1.0	1.0
HG00149	HLA-DRB1	01:01:01/07:01:01:01/07:01:01:02	HLA-DRB1*01:01:01/HLA-DRB1*07:01:01	1.0	1.0
HG00149	HLA-DQB1	02:01:01/02:02/02:04/05:01:01	HLA-DQB1*05:01:01/HLA-DQB1*02:02:01	1.0	1.0
HG00150	HLA-A	02:01:01:01/02:01:01:02L/02:01:01:03/02:01:08/02:01:11/02:01:14/02:01:15/02:01:21/02:09/02:43N/02:66/02:75/02:83N/02:89/02:97/02:132/02:134/02:140/11:01:01/11:21N	HLA-A*11:01:01/HLA-A*02:01:01	1.0	1.0
HG00150	HLA-B	27:05:02/27:05:04/27:13/51:01:01/51:01:05/51:01:07/51:11N/51:30/51:32/51:48/51:51	HLA-B*27:05:02/HLA-B*51:01:01	1.0	1.0
HG00150	HLA-C	02:02:02/15:02:01/15:13	HLA-C*02:02:02/HLA-C*15:02:01	1.0	1.0
HG00150	HLA-DRB1	14:01:01/14:54/04:04	HLA-DRB1*14:54:01/HLA-DRB1*04:04:01	1.0	1.0
HG00150	HLA-DQB1	03:02:01/05:03:01	HLA-DQB1*03:02:01/HLA-DQB1*05:03:01	1.0	1.0
HG00151	HLA-A	11:01:01/11:21N/30:02:01/30:02:02	HLA-A*11:01:01/HLA-A*30:02:01	1.0	1.0
HG00151	HLA-B	08:01:01/08:19N/55:01:01/55:01:03	HLA-B*08:01:01/HLA-B*55:01:01	1.0	1.0
HG00151	HLA-C	03:03:01/03:20N/07:01:01/07:01:02/07:01:09/07:06/07:18/07:52	HLA-C*03:03:01/HLA-C*07:18:01	1.0	1.0
HG00151	HLA-DRB1	01:01:01/03:01:01:01/03:01:01:02	HLA-DRB1*01:01:01/HLA-DRB1*03:01:01	1.0	1.0
HG00151	HLA-DQB1	02:01:01/02:02/02:04/05:01:01	HLA-DQB1*02:01:01/HLA-DQB1*05:01:01	1.0	1.0
HG00154	HLA-A	02:01:01:01/02:01:01:02L/02:01:01:03/02:01:08/02:01:11/02:01:14/02:01:15/02:01:21/02:09/02:43N/02:66/02:75/02:83N/02:89/02:97/02:132/02:134/02:140/03:01:01:01/03:01:01:02N/03:01:01:03/03:01:07/03:20/03:21N/03:26/03:37/03:45	HLA-A*03:01:01/HLA-A*02:01:01	1.0	1.0
HG00154	HLA-B	35:01:01/35:01:03/35:40N/35:42/35:57/35:94/39:01:01:01/39:01:01:02L/39:01:03/39:46	HLA-B*39:01:01/HLA-B*35:01:01	1.0	1.0
HG00154	HLA-C	04:01:01:01/04:01:01:02/04:01:01:03/04:09N/04:28/04:30/04:41/12:03:01:01/12:03:01:02/12:03:06	HLA-C*04:01:01/HLA-C*12:03:01	1.0	1.0
HG00154	HLA-DRB1	01:01:01/04:04	HLA-DRB1*04:04:01/HLA-DRB1*01:01:01	1.0	1.0
HG00154	HLA-DQB1	03:02:01/05:01:01	HLA-DQB1*03:02:01/HLA-DQB1*05:01:01	1.0	1.0
HG00155	HLA-A	02:01:01:01/02:01:01:02L/02:01:01:03/02:01:08/02:01:11/02:01:14/02:01:15/02:01:21/02:09/02:43N/02:66/02:75/02:83N/02:89/02:97/02:132/02:134/02:140/32:01:01/32:01:02	HLA-A*32:01:01/HLA-A*02:01:01	1.0	1.0
HG00155	HLA-B	14:01/57:01:01	HLA-B*57:01:01/HLA-B*14:01:01	1.0	1.0
HG00155	HLA-C	06:02:01:01/06:02:01:02/06:02:03/08:02	HLA-C*06:02:01/HLA-C*08:02:01	1.0	1.0
HG00155	HLA-DRB1	07:01:01:01/07:01:01:02/07:01:01:01/07:01:01:02	HLA-DRB1*07:01:01/HLA-DRB1*07:01:01	1.0	1.0
HG00155	HLA-DQB1	02:01:01/02:02/02:04/03:03:02	HLA-DQB1*03:03:02/HLA-DQB1*02:02:01	1.0	1.0
HG00157	HLA-A	02:01:01:01/02:01:01:02L/02:01:01:03/02:01:08/02:01:11/02:01:14/02:01:15/02:01:21/02:09/02:43N/02:66/02:75/02:83N/02:89/02:97/02:132/02:134/02:140/68:01:01/68:01:07	HLA-A*68:01:01/HLA-A*02:01:01	1.0	1.0
HG00157	HLA-B	07:02:01/07:02:06/07:02:09/07:44/07:49N/07:58/07:59/07:61/45:01/45:07	HLA-B*45:01:01/HLA-B*07:02:01	1.0	1.0
HG00157	HLA-C	03:04:01/03:04:03/06:02:01:01/06:02:01:02/06:02:03	HLA-C*03:04:01/HLA-C*06:02:01	1.0	1.0
HG00157	HLA-DRB1	15:01:01:01/15:01:01:02/04:05:01	HLA-DRB1*15:01:01/HLA-DRB1*04:05:01	1.0	1.0
HG00157	HLA-DQB1	03:02:01/06:02:01	HLA-DQB1*03:02:01/HLA-DQB1*06:02:01	1.0	1.0
HG00158	HLA-A	02:01:01:01/02:01:01:02L/02:01:01:03/02:01:08/02:01:11/02:01:14/02:01:15/02:01:21/02:09/02:43N/02:66/02:75/02:83N/02:89/02:97/02:132/02:134/02:140/32:01:01/32:01:02	HLA-A*32:01:01/HLA-A*02:01:01	1.0	1.0
HG00158	HLA-B	07:02:01/07:02:06/07:02:09/07:44/07:49N/07:58/07:59/07:61/56:01/56:24	HLA-B*07:02:01/HLA-B*56:01:01	1.0	1.0
HG00158	HLA-C	01:02:01/01:02:02/01:02:03/01:02:04/01:02:05/01:02:06/01:02:07/01:02:08/01:02:09/01:25/07:02:01:01/07:02:01:02/07:02:01:03/07:50/07:66/07:74	HLA-C*01:02:01/HLA-C*07:02:01	1.0	1.0
HG00158	HLA-DRB1	15:01:01:01/15:01:01:02/04:01:01	HLA-DRB1*04:01:01/HLA-DRB1*15:01:01	1.0	1.0
HG00158	HLA-DQB1	03:02:01/06:02:01	HLA-DQB1*03:02:01/HLA-DQB1*06:02:01	1.0	1.0
HG00159	HLA-A	02:01:01:01/02:01:01:02L/02:01:01:03/02:01:08/02:01:11/02:01:14/02:01:15/02:01:21/02:09/02:43N/02:66/02:75/02:83N/02:89/02:97/02:132/02:134/02:140/11:01:01/11:21N	HLA-A*02:01:01/HLA-A*11:01:01	1.0	1.0
HG00159	HLA-B	07:02:01/07:02:06/07:02:09/07:44/07:49N/07:58/07:59/07:61/55:01:01/55:01:03	HLA-B*55:01:01/HLA-B*07:02:01	1.0	1.0
HG00159	HLA-C	03:03:01/03:20N/07:02:01:01/07:02:01:02/07:02:01:03/07:50/07:66/07:74	HLA-C*07:02:01/HLA-C*03:03:01	1.0	1.0
HG00159	HLA-DRB1	15:01:01:01/15:01:01:02/08:01:01/08:01:03	HLA-DRB1*08:01:01/HLA-DRB1*15:01:01	1.0	1.0
HG00159	HLA-DQB1	04:02/06:02:01	HLA-DQB1*04:02:01/HLA-DQB1*06:02:01	1.0	1.0
HG00160	HLA-A	02:01:01:01/02:01:01:02L/02:01:01:03/02:01:08/02:01:11/02:01:14/02:01:15/02:01:21/02:09/02:43N/02:66/02:75/02:83N/02:89/02:97/02:132/02:134/02:140/24:02:01:01/24:02:01:02L/24:02:03/24:02:10/24:02:13/24:09N/24:11N/24:40N/24:76/24:79/24:83N	HLA-A*02:01:01/HLA-A*24:02:01	1.0	1.0
HG00160	HLA-B	13:02:01/13:02:05/39:06:02	HLA-B*39:06:02/HLA-B*13:02:01	1.0	1.0
HG00160	HLA-C	06:02:01:01/06:02:01:02/06:02:03/07:02:01:01/07:02:01:02/07:02:01:03/07:50/07:66/07:74	HLA-C*07:02:01/HLA-C*06:02:01	1.0	1.0
HG00160	HLA-DRB1	07:01:01:01/07:01:01:02/08:01:01/08:01:03	HLA-DRB1*08:01:01/HLA-DRB1*07:01:01	1.0	1.0
HG00160	HLA-DQB1	02:01:01/02:02/02:04/04:02	HLA-DQB1*02:02:01/HLA-DQB1*04:02:01	1.0	1.0
HG00171	HLA-A	02:01:01:01/02:01:01:02L/02:01:01:03/02:01:08/02:01:11/02:01:14/02:01:15/02:01:21/02:09/02:43N/02:66/02:75/02:83N/02:89/02:97/02:132/02:134/02:140/02:01:01:01/02:01:01:02L/02:01:01:03/02:01:08/02:01:11/02:01:14/02:01:15/02:01:21/02:09/02:43N/02:66/02:75/02:83N/02:89/02:97/02:132/02:134/02:140	HLA-A*02:01:01/HLA-A*02:01:01	1.0	1.0
HG00171	HLA-B	13:02:01/13:02:05/51:01:01/51:01:05/51:01:07/51:11N/51:30/51:32/51:48/51:51	HLA-B*51:01:01/HLA-B*13:02:01	1.0	1.0
HG00171	HLA-C	06:02:01:01/06:02:01:02/06:02:03/15:02:01/15:13	HLA-C*06:02:01/HLA-C*15:02:01	1.0	1.0
HG00171	HLA-DRB1	07:01:01:01/07:01:01:02/09:01:02	HLA-DRB1*09:01:02/HLA-DRB1*07:01:01	1.0	1.0
HG00171	HLA-DQB1	02:01:01/02:02/02:04/03:03:02	HLA-DQB1*03:03:02/HLA-DQB1*02:02:01	1.0	1.0
HG00173	HLA-A	02:01:01:01/02:01:01:02L/02:01:01:03/02:01:08/02:01:11/02:01:14/02:01:15/02:01:21/02:09/02:43N/02:66/02:75/02:83N/02:89/02:97/02:132/02:134/02:140/31:01:02/31:14N/31:23	HLA-A*02:01:01/HLA-A*31:01:02	1.0	1.0
HG00173	HLA-B	40:01:01/40:01:02/40:55/44:02:01:01/44:02:01:02S/44:19N/44:27/44:66	HLA-B*44:27:01/HLA-B*40:01:02	1.0	1.0
HG00173	HLA-C	03:04:01/03:04:03/07:04:01/07:11	HLA-C*07:04:01/HLA-C*03:04:01	1.0	1.0
HG00173	HLA-DRB1	16:01:01/08:01:01/08:01:03	HLA-DRB1*08:01:01/HLA-DRB1*16:01:01	1.0	1.0
HG00173	HLA-DQB1	04:02/05:02:01	HLA-DQB1*04:02:01/HLA-DQB1*05:02:01	1.0	1.0
HG00174	HLA-A	02:01:01:01/02:01:01:02L/02:01:01:03/02:01:08/02:01:11/02:01:14/02:01:15/02:01:21/02:09/02:43N/02:66/02:75/02:83N/02:89/02:97/02:132/02:134/02:140/23:01:01/23:07N/23:17/23:18/23:20	HLA-A*23:01:01/HLA-A*02:01:01	1.0	1.0
HG00174	HLA-B	15:01:01:01/15:01:01:02N/15:01:06/15:01:07/15:102/15:104/15:140/15:146/38:01:01	HLA-B*38:01:01/HLA-B*15:01:01	1.0	1.0
HG00174	HLA-C	04:01:01:01/04:01:01:02/04:01:01:03/04:09N/04:28/04:30/04:41/12:03:01:01/12:03:01:02/12:03:06	HLA-C*12:03:01/HLA-C*04:01:01	1.0	1.0
HG00174	HLA-DRB1	01:01:01/08:01:01/08:01:03	HLA-DRB1*08:01:01/HLA-DRB1*01:01:01	1.0	1.0
HG00174	HLA-DQB1	04:02/05:01:01	HLA-DQB1*05:01:01/HLA-DQB1*04:02:01	1.0	1.0
HG00176	HLA-A	01:01:01:01/01:01:01:02N/01:04N/01:22N/01:32/01:34N/01:37/02:01:01:01/02:01:01:02L/02:01:01:03/02:01:08/02:01:11/02:01:14/02:01:15/02:01:21/02:09/02:43N/02:66/02:75/02:83N/02:89/02:97/02:132/02:134/02:140	HLA-A*02:01:01/HLA-A*01:01:01	1.0	1.0
HG00176	HLA-B	15:01:01:01/15:01:01:02N/15:01:06/15:01:07/15:102/15:104/15:140/15:146/35:01:01/35:01:03/35:40N/35:42/35:57/35:94	HLA-B*35:01:01/HLA-B*15:01:01	1.0	1.0
HG00176	HLA-C	03:03:01/03:20N/04:01:01:01/04:01:01:02/04:01:01:03/04:09N/04:28/04:30/04:41	HLA-C*03:03:01/HLA-C*04:01:01	1.0	1.0
HG00176	HLA-DRB1	13:01:01/04:01:01	HLA-DRB1*04:01:01/HLA-DRB1*13:01:01	1.0	1.0
HG00176	HLA-DQB1	03:02:01/06:03:01	HLA-DQB1*03:02:01/HLA-DQB1*06:03:01	1.0	1.0
HG00177	HLA-A	02:01:01:01/02:01:01:02L/02:01:01:03/02:01:08/02:01:11/02:01:14/02:01:15/02:01:21/02:09/02:43N/02:66/02:75/02:83N/02:89/02:97/02:132/02:134/02:140/02:01:01:01/02:01:01:02L/02:01:01:03/02:01:08/02:01:11/02:01:14/02:01:15/02:01:21/02:09/02:43N/02:66/02:75/02:83N/02:89/02:97/02:132/02:134/02:140	HLA-A*02:01:01/HLA-A*02:01:01	1.0	1.0
HG00177	HLA-B	13:02:01/13:02:05/40:01:01/40:01:02/40:55	HLA-B*40:01:02/HLA-B*13:02:01	1.0	1.0
HG00177	HLA-C	03:04:01/03:04:03/06:02:01:01/06:02:01:02/06:02:03	HLA-C*03:04:01/HLA-C*06:02:01	1.0	1.0
HG00177	HLA-DRB1	07:01:01:01/07:01:01:02/08:01:01/08:01:03	HLA-DRB1*07:01:01/HLA-DRB1*08:01:01	1.0	1.0
HG00177	HLA-DQB1	02:01:01/02:02/02:04/04:02	HLA-DQB1*04:02:01/HLA-DQB1*02:02:01	1.0	1.0
HG00178	HLA-A	01:01:01:01/01:01:01:02N/01:04N/01:22N/01:32/01:34N/01:37/03:01:01:01/03:01:01:02N/03:01:01:03/03:01:07/03:20/03:21N/03:26/03:37/03:45	HLA-A*03:01:01/HLA-A*01:01:01	1.0	1.0
HG00178	HLA-B	07:02:01/07:02:06/07:02:09/07:44/07:49N/07:58/07:59/07:61/08:01:01/08:19N	HLA-B*08:01:01/HLA-B*07:02:01	1.0	1.0
HG00178	HLA-C	07:01:01/07:01:02/07:01:09/07:06/07:18/07:52/07:02:01:01/07:02:01:02/07:02:01:03/07:50/07:66/07:74	HLA-C*07:01:01/HLA-C*07:02:01	1.0	1.0
HG00178	HLA-DRB1	15:01:01:01/15:01:01:02/04:01:01	HLA-DRB1*15:01:01/HLA-DRB1*04:01:01	1.0	1.0
HG00178	HLA-DQB1	03:02:01/06:02:01	HLA-DQB1*06:02:01/HLA-DQB1*03:02:01	1.0	1.0
HG00179	HLA-A	03:01:01:01/03:01:01:02N/03:01:01:03/03:01:07/03:20/03:21N/03:26/03:37/03:45/03:01:01:01/03:01:01:02N/03:01:01:03/03:01:07/03:20/03:21N/03:26/03:37/03:45	HLA-A*03:01:01/HLA-A*03:01:01	1.0	1.0
HG00179	HLA-B	07:02:01/07:02:06/07:02:09/07:44/07:49N/07:58/07:59/07:61/35:01:01/35:01:03/35:40N/35:42/35:57/35:94	HLA-B*07:02:01/HLA-B*35:01:01	1.0	1.0
HG00179	HLA-C	04:01:01:01/04:01:01:02/04:01:01:03/04:09N/04:28/04:30/04:41/07:02:01:01/07:02:01:02/07:02:01:03/07:50/07:66/07:74	HLA-C*07:02:01/HLA-C*04:01:01	1.0	1.0
HG00179	HLA-DRB1	01:01:01/15:01:01:01/15:01:01:02	HLA-DRB1*01:01:01/HLA-DRB1*15:01:01	1.0	1.0
HG00179	HLA-DQB1	05:01:01/06:02:01	HLA-DQB1*06:02:01/HLA-DQB1*05:01:01	1.0	1.0
HG00180	HLA-A	02:01:01:01/02:01:01:02L/02:01:01:03/02:01:08/02:01:11/02:01:14/02:01:15/02:01:21/02:09/02:43N/02:66/02:75/02:83N/02:89/02:97/02:132/02:134/02:140/03:01:01:01/03:01:01:02N/03:01:01:03/03:01:07/03:20/03:21N/03:26/03:37/03:45	HLA-A*02:01:01/HLA-A*03:01:01	1.0	1.0
HG00180	HLA-B	40:02:01/40:56/40:97/41:01	HLA-B*40:02:01/HLA-B*41:01:01	1.0	1.0
HG00180	HLA-C	02:02:02/07:01:01/07:01:02/07:01:09/07:06/07:18/07:52	HLA-C*07:01:01/HLA-C*02:02:02	1.0	1.0
HG00180	HLA-DRB1	11:01:01/11:01:08/11:01:02	HLA-DRB1*11:01:01/HLA-DRB1*11:01:02	1.0	1.0
HG00180	HLA-DQB1	03:01:01/03:01:04/03:09/03:19/03:21/03:22/03:24/03:01:01/03:01:04/03:09/03:19/03:21/03:22/03:24	HLA-DQB1*03:01:01/HLA-DQB1*03:01:01	1.0	1.0
HG00181	HLA-A	02:01:01:01/02:01:01:02L/02:01:01:03/02:01:08/02:01:11/02:01:14/02:01:15/02:01:21/02:09/02:43N/02:66/02:75/02:83N/02:89/02:97/02:132/02:134/02:140/69:01	HLA-A*69:01:01/HLA-A*02:01:01	1.0	1.0
HG00181	HLA-B	15:01:01:01/15:01:01:02N/15:01:06/15:01:07/15:102/15:104/15:140/15:146/55:01:01/55:01:03	HLA-B*55:01:01/HLA-B*15:01:01	1.0	1.0
HG00181	HLA-C	03:03:01/03:20N/04:01:01:01/04:01:01:02/04:01:01:03/04:09N/04:28/04:30/04:41	HLA-C*03:03:01/HLA-C*04:01:01	1.0	1.0
HG00181	HLA-DRB1	15:01:01:01/15:01:01:02/08:01:01/08:01:03	HLA-DRB1*15:01:01/HLA-DRB1*08:01:01	1.0	1.0
HG00181	HLA-DQB1	04:02/06:03:01	HLA-DQB1*04:02:01/HLA-DQB1*06:03:01	1.0	1.0
HG00182	HLA-A	02:01:01:01/02:01:01:02L/02:01:01:03/02:01:08/02:01:11/02:01:14/02:01:15/02:01:21/02:09/02:43N/02:66/02:75/02:83N/02:89/02:97/02:132/02:134/02:140/32:01:01/32:01:02	HLA-A*32:01:01/HLA-A*02:01:01	1.0	1.0
HG00182	HLA-B	35:01:01/35:01:03/35:40N/35:42/35:57/35:94/44:02:01:01/44:02:01:02S/44:19N/44:27/44:66	HLA-B*35:01:01/HLA-B*44:02:01	1.0	1.0
HG00182	HLA-C	04:01:01:01/04:01:01:02/04:01:01:03/04:09N/04:28/04:30/04:41/05:01:01:01/05:01:01:02/05:01:04/05:01:05/05:03	HLA-C*05:01:01/HLA-C*04:01:01	1.0	1.0
HG00182	HLA-DRB1	01:01:01/03:01:01:01/03:01:01:02	HLA-DRB1*01:01:01/HLA-DRB1*03:01:01	1.0	1.0
HG00182	HLA-DQB1	02:01:01/02:02/02:04/05:01:01	HLA-DQB1*05:01:01/HLA-DQB1*02:01:01	1.0	1.0
HG00183	HLA-A	02:01:01:01/02:01:01:02L/02:01:01:03/02:01:08/02:01:11/02:01:14/02:01:15/02:01:21/02:09/02:43N/02:66/02:75/02:83N/02:89/02:97/02:132/02:134/02:140/11:01:01/11:21N	HLA-A*11:01:01/HLA-A*02:01:01	1.0	1.0
HG00183	HLA-B	40:02:01/40:56/40:97/55:01:01/55:01:03	HLA-B*55:01:01/HLA-B*40:02:01	1.0	1.0
HG00183	HLA-C	02:02:02/03:03:01/03:20N	HLA-C*02:02:02/HLA-C*03:03:01	1.0	1.0
HG00183	HLA-DRB1	11:01:01/11:01:08/04:07:01	HLA-DRB1*11:01:01/HLA-DRB1*04:07:01	1.0	1.0
HG00183	HLA-DQB1	03:01:01/03:01:04/03:09/03:19/03:21/03:22/03:24/03:01:01/03:01:04/03:09/03:19/03:21/03:22/03:24	HLA-DQB1*03:01:01/HLA-DQB1*03:01:01	1.0	1.0
HG00185	HLA-A	02:01:01:01/02:01:01:02L/02:01:01:03/02:01:08/02:01:11/02:01:14/02:01:15/02:01:21/02:09/02:43N/02:66/02:75/02:83N/02:89/02:97/02:132/02:134/02:140/26:01:01/26:01:07/26:24/26:26	HLA-A*26:01:01/HLA-A*02:01:01	1.0	1.0
HG00185	HLA-B	40:02:01/40:56/40:97/44:02:01:01/44:02:01:02S/44:19N/44:27/44:66	HLA-B*44:02:01/HLA-B*40:02:01	1.0	1.0
HG00185	HLA-C	03:04:01/03:04:03/05:01:01:01/05:01:01:02/05:01:04/05:01:05/05:03	HLA-C*03:04:01/HLA-C*05:01:01	1.0	1.0
HG00185	HLA-DRB1	01:01:01/13:02:01	HLA-DRB1*01:01:01/HLA-DRB1*13:02:01	1.0	1.0
HG00185	HLA-DQB1	05:01:01/06:04:01/06:34	HLA-DQB1*05:01:01/HLA-DQB1*06:04:01	1.0	1.0
HG00186	HLA-A	02:01:01:01/02:01:01:02L/02:01:01:03/02:01:08/02:01:11/02:01:14/02:01:15/02:01:21/02:09/02:43N/02:66/02:75/02:83N/02:89/02:97/02:132/02:134/02:140/32:01:01/32:01:02	HLA-A*32:01:01/HLA-A*02:01:01	1.0	1.0
HG00186	HLA-B	15:18/27:05:02/27:05:04/27:13	HLA-B*15:18:01/HLA-B*27:05:02	1.0	1.0
HG00186	HLA-C	02:02:02/07:04:01/07:11	HLA-C*07:04:01/HLA-C*02:02:02	1.0	1.0
HG00186	HLA-DRB1	04:04/08:01:01/08:01:03	HLA-DRB1*04:04:01/HLA-DRB1*08:01:01	1.0	1.0
HG00186	HLA-DQB1	03:02:01/04:02	HLA-DQB1*04:02:01/HLA-DQB1*03:02:01	1.0	1.0
HG00187	HLA-A	11:01:01/11:21N/68:01:02/68:11N/68:33	HLA-A*68:01:02/HLA-A*11:01:01	1.0	1.0
HG00187	HLA-B	15:01:01:01/15:01:01:02N/15:01:06/15:01:07/15:102/15:104/15:140/15:146/55:01:01/55:01:03	HLA-B*55:01:01/HLA-B*15:01:01	1.0	1.0
HG00187	HLA-C	03:04:01/03:04:03/03:03:01/03:20N	HLA-C*03:04:01/HLA-C*03:03:01	1.0	1.0
HG00187	HLA-DRB1	15:01:01:01/15:01:01:02/04:03:01	HLA-DRB1*04:03:01/HLA-DRB1*15:01:01	1.0	1.0
HG00187	HLA-DQB1	03:02:01/06:02:01	HLA-DQB1*03:02:01/HLA-DQB1*06:02:01	1.0	1.0
HG00188	HLA-A	29:02:01/31:01:02/31:14N/31:23	HLA-A*31:01:02/HLA-A*29:02:01	1.0	1.0
HG00188	HLA-B	39:01:01:01/39:01:01:02L/39:01:03/39:46/44:03:01/44:03:03/44:03:04	HLA-B*39:01:01/HLA-B*44:03:01	1.0	1.0
HG00188	HLA-C	12:03:01:01/12:03:01:02/12:03:06/16:01:01	HLA-C*12:03:01/HLA-C*16:01:01	1.0	1.0
HG00188	HLA-DRB1	07:01:01:01/07:01:01:02/12:01:01/12:06/12:10/12:17	HLA-DRB1*07:01:01/HLA-DRB1*12:01:01	1.0	1.0
HG00188	HLA-DQB1	03:03:02/03:01:01/03:01:04/03:09/03:19/03:21/03:22/03:24	HLA-DQB1*03:03:02/HLA-DQB1*03:01:01	1.0	1.0
HG00189	HLA-A	02:01:01:01/02:01:01:02L/02:01:01:03/02:01:08/02:01:11/02:01:14/02:01:15/02:01:21/02:09/02:43N/02:66/02:75/02:83N/02:89/02:97/02:132/02:134/02:140/03:01:01:01/03:01:01:02N/03:01:01:03/03:01:07/03:20/03:21N/03:26/03:37/03:45	HLA-A*03:01:01/HLA-A*02:01:01	1.0	1.0
HG00189	HLA-B	07:02:01/07:02:06/07:02:09/07:44/07:49N/07:58/07:59/07:61/08:01:01/08:19N	HLA-B*08:01:01/HLA-B*07:02:01	1.0	1.0
HG00189	HLA-C	07:01:01/07:01:02/07:01:09/07:06/07:18/07:52/07:02:01:01/07:02:01:02/07:02:01:03/07:50/07:66/07:74	HLA-C*07:02:01/HLA-C*07:01:01	1.0	1.0
HG00189	HLA-DRB1	03:01:01:01/03:01:01:02/13:01:01	HLA-DRB1*13:01:01/HLA-DRB1*03:01:01	1.0	1.0
HG00189	HLA-DQB1	02:01:01/02:02/02:04/06:03:01	HLA-DQB1*02:01:01/HLA-DQB1*06:03:01	1.0	1.0
HG00190	HLA-A	11:01:01/11:21N/68:01:02/68:11N/68:33	HLA-A*11:01:01/HLA-A*68:01:02	1.0	1.0
HG00190	HLA-B	35:01:01/35:01:03/35:40N/35:42/35:57/35:94/35:01:01/35:01:03/35:40N/35:42/35:57/35:94	HLA-B*35:01:01/HLA-B*35:01:01	1.0	1.0
HG00190	HLA-C	03:03:01/03:20N/04:01:01:01/04:01:01:02/04:01:01:03/04:09N/04:28/04:30/04:41	HLA-C*04:01:01/HLA-C*03:03:01	1.0	1.0
HG00190	HLA-DRB1	04:01:01/08:01:01/08:01:03	HLA-DRB1*04:01:01/HLA-DRB1*08:01:01	1.0	1.0
HG00190	HLA-DQB1	03:02:01/04:02	HLA-DQB1*03:02:01/HLA-DQB1*04:02:01	1.0	1.0
HG00231	HLA-A	02:01:01:01/02:01:01:02L/02:01:01:03/02:01:08/02:01:11/02:01:14/02:01:15/02:01:21/02:09/02:43N/02:66/02:75/02:83N/02:89/02:97/02:132/02:134/02:140/25:01:01/25:07	HLA-A*25:01:01/HLA-A*02:01:01	1.0	1.0
HG00231	HLA-B	44:02:01:01/44:02:01:02S/44:19N/44:27/44:66/51:01:01/51:01:05/51:01:07/51:11N/51:30/51:32/51:48/51:51	HLA-B*44:02:01/HLA-B*51:01:01	1.0	1.0
HG00231	HLA-C	07:04:01/07:11/15:02:01/15:13	HLA-C*07:04:01/HLA-C*15:02:01	1.0	1.0
HG00231	HLA-DRB1	13:02:01/04:04	HLA-DRB1*13:02:01/HLA-DRB1*04:04:01	1.0	1.0
HG00231	HLA-DQB1	03:02:01/06:04:01/06:34	HLA-DQB1*03:02:01/HLA-DQB1*06:04:01	1.0	1.0
HG00232	HLA-A	03:01:01:01/03:01:01:02N/03:01:01:03/03:01:07/03:20/03:21N/03:26/03:37/03:45/03:01:01:01/03:01:01:02N/03:01:01:03/03:01:07/03:20/03:21N/03:26/03:37/03:45	HLA-A*03:01:01/HLA-A*03:01:01	1.0	1.0
HG00232	HLA-B	07:02:01/07:02:06/07:02:09/07:44/07:49N/07:58/07:59/07:61/27:05:02/27:05:04/27:13	HLA-B*27:05:02/HLA-B*07:02:01	1.0	1.0
HG00232	HLA-C	02:02:02/07:02:01:01/07:02:01:02/07:02:01:03/07:50/07:66/07:74	HLA-C*02:02:02/HLA-C*07:02:01	1.0	1.0
HG00232	HLA-DRB1	15:01:01:01/15:01:01:02/14:01:01/14:54	HLA-DRB1*15:01:01/HLA-DRB1*14:54:01	1.0	1.0
HG00232	HLA-DQB1	05:03:01/06:02:01	HLA-DQB1*06:02:01/HLA-DQB1*05:03:01	1.0	1.0
HG00233	HLA-A	02:01:01:01/02:01:01:02L/02:01:01:03/02:01:08/02:01:11/02:01:14/02:01:15/02:01:21/02:09/02:43N/02:66/02:75/02:83N/02:89/02:97/02:132/02:134/02:140/29:02:01	HLA-A*29:02:01/HLA-A*02:01:01	1.0	1.0
HG00233	HLA-B	35:01:01/35:01:03/35:40N/35:42/35:57/35:94/44:02:01:01/44:02:01:02S/44:19N/44:27/44:66	HLA-B*44:02:01/HLA-B*35:01:01	1.0	1.0
HG00233	HLA-C	04:01:01:01/04:01:01:02/04:01:01:03/04:09N/04:28/04:30/04:41/05:01:01:01/05:01:01:02/05:01:04/05:01:05/05:03	HLA-C*05:01:01/HLA-C*04:01:01	1.0	1.0
HG00233	HLA-DRB1	01:01:01/04:04	HLA-DRB1*01:01:01/HLA-DRB1*04:04:01	1.0	1.0
HG00233	HLA-DQB1	03:02:01/05:01:01	HLA-DQB1*03:02:01/HLA-DQB1*05:01:01	1.0	1.0
HG00234	HLA-A	02:01:01:01/02:01:01:02L/02:01:01:03/02:01:08/02:01:11/02:01:14/02:01:15/02:01:21/02:09/02:43N/02:66/02:75/02:83N/02:89/02:97/02:132/02:134/02:140/25:01:01/25:07	HLA-A*25:01:01/HLA-A*02:01:01	1.0	1.0
HG00234	HLA-B	18:01:01/18:01:03/18:17N/44:02:01:01/44:02:01:02S/44:19N/44:27/44:66	HLA-B*18:01:01/HLA-B*44:02:01	1.0	1.0
HG00234	HLA-C	05:01:01:01/05:01:01:02/05:01:04/05:01:05/05:03/12:03:01:01/12:03:01:02/12:03:06	HLA-C*05:01:01/HLA-C*12:03:01	1.0	1.0
HG00234	HLA-DRB1	15:01:01:01/15:01:01:02/04:04	HLA-DRB1*15:01:01/HLA-DRB1*04:04:01	1.0	1.0
HG00234	HLA-DQB1	03:02:01/06:02:01	HLA-DQB1*03:02:01/HLA-DQB1*06:02:01	1.0	1.0
HG00235	HLA-A	26:01:01/26:01:07/26:24/26:26/68:01:02/68:11N/68:33	HLA-A*26:01:01/HLA-A*68:01:02	1.0	1.0
HG00235	HLA-B	07:02:01/07:02:06/07:02:09/07:44/07:49N/07:58/07:59/07:61/44:02:01:01/44:02:01:02S/44:19N/44:27/44:66	HLA-B*07:02:01/HLA-B*44:02:01	1.0	1.0
HG00235	HLA-C	05:01:01:01/05:01:01:02/05:01:04/05:01:05/05:03/07:02:01:01/07:02:01:02/07:02:01:03/07:50/07:66/07:74	HLA-C*07:02:01/HLA-C*05:01:01	1.0	1.0
HG00235	HLA-DRB1	04:04/09:01:02	HLA-DRB1*09:01:02/HLA-DRB1*04:04:01	1.0	1.0
HG00235	HLA-DQB1	03:02:01/03:03:02	HLA-DQB1*03:02:01/HLA-DQB1*03:03:02	1.0	1.0
HG00236	HLA-A	03:01:01:01/03:01:01:02N/03:01:01:03/03:01:07/03:20/03:21N/03:26/03:37/03:45/24:02:01:01/24:02:01:02L/24:02:03/24:02:10/24:02:13/24:09N/24:11N/24:40N/24:76/24:79/24:83N	HLA-A*24:02:01/HLA-A*03:01:01	1.0	1.0
HG00236	HLA-B	07:02:01/07:02:06/07:02:09/07:44/07:49N/07:58/07:59/07:61/39:06:02	HLA-B*39:06:02/HLA-B*07:02:01	1.0	1.0
HG00236	HLA-C	07:02:01:01/07:02:01:02/07:02:01:03/07:50/07:66/07:74/07:02:01:01/07:02:01:02/07:02:01:03/07:50/07:66/07:74	HLA-C*07:02:01/HLA-C*07:02:01	1.0	1.0
HG00236	HLA-DRB1	15:01:01:01/15:01:01:02/04:04	HLA-DRB1*04:04:01/HLA-DRB1*15:01:01	1.0	1.0
HG00236	HLA-DQB1	03:02:01/06:02:01	HLA-DQB1*06:02:01/HLA-DQB1*03:02:01	1.0	1.0
HG00237	HLA-A	03:01:01:01/03:01:01:02N/03:01:01:03/03:01:07/03:20/03:21N/03:26/03:37/03:45/24:02:01:01/24:02:01:02L/24:02:03/24:02:10/24:02:13/24:09N/24:11N/24:40N/24:76/24:79/24:83N	HLA-A*03:01:01/HLA-A*24:02:01	1.0	1.0
HG00237	HLA-B	35:01:01/35:01:03/35:40N/35:42/35:57/35:94/39:06:02	HLA-B*35:01:01/HLA-B*39:06:02	1.0	1.0
HG00237	HLA-C	04:01:01:01/04:01:01:02/04:01:01:03/04:09N/04:28/04:30/04:41/07:02:01:01/07:02:01:02/07:02:01:03/07:50/07:66/07:74	HLA-C*04:01:01/HLA-C*07:02:01	1.0	1.0
HG00237	HLA-DRB1	01:01:01/08:01:01/08:01:03	HLA-DRB1*08:01:01/HLA-DRB1*01:01:01	1.0	1.0
HG00237	HLA-DQB1	04:02/05:01:01	HLA-DQB1*04:02:01/HLA-DQB1*05:01:01	1.0	1.0
HG00238	HLA-A	02:01:01:01/02:01:01:02L/02:01:01:03/02:01:08/02:01:11/02:01:14/02:01:15/02:01:21/02:09/02:43N/02:66/02:75/02:83N/02:89/02:97/02:132/02:134/02:140/11:01:01/11:21N	HLA-A*11:01:01/HLA-A*02:01:01	1.0	1.0
HG00238	HLA-B	51:01:01/51:01:05/51:01:07/51:11N/51:30/51:32/51:48/51:51/56:01/56:24	HLA-B*56:01:01/HLA-B*51:01:01	1.0	1.0
HG00238	HLA-C	01:02:01/01:02:02/01:02:03/01:02:04/01:02:05/01:02:06/01:02:07/01:02:08/01:02:09/01:25/15:02:01/15:13	HLA-C*01:02:01/HLA-C*15:02:01	1.0	1.0
HG00238	HLA-DRB1	15:01:01:01/15:01:01:02/11:01:01/11:01:08	HLA-DRB1*11:01:01/HLA-DRB1*15:01:01	1.0	1.0
HG00238	HLA-DQB1	03:01:01/03:01:04/03:09/03:19/03:21/03:22/03:24/06:02:01	HLA-DQB1*06:02:01/HLA-DQB1*03:01:01	1.0	1.0
HG00239	HLA-A	02:01:01:01/02:01:01:02L/02:01:01:03/02:01:08/02:01:11/02:01:14/02:01:15/02:01:21/02:09/02:43N/02:66/02:75/02:83N/02:89/02:97/02:132/02:134/02:140/24:02:01:01/24:02:01:02L/24:02:03/24:02:10/24:02:13/24:09N/24:11N/24:40N/24:76/24:79/24:83N	HLA-A*24:02:01/HLA-A*02:01:01	1.0	1.0
HG00239	HLA-B	37:01:01/44:02:01:01/44:02:01:02S/44:19N/44:27/44:66	HLA-B*37:01:01/HLA-B*44:02:01	1.0	1.0
HG00239	HLA-C	05:01:01:01/05:01:01:02/05:01:04/05:01:05/05:03/06:02:01:01/06:02:01:02/06:02:03	HLA-C*05:01:01/HLA-C*06:02:01	1.0	1.0
HG00239	HLA-DRB1	11:03/12:01:01/12:06/12:10/12:17	HLA-DRB1*12:01:01/HLA-DRB1*11:03:01	1.0	1.0
HG00239	HLA-DQB1	03:01:01/03:01:04/03:09/03:19/03:21/03:22/03:24/03:01:01/03:01:04/03:09/03:19/03:21/03:22/03:24	HLA-DQB1*03:01:01/HLA-DQB1*03:01:01	1.0	1.0
HG00240	HLA-A	02:01:01:01/02:01:01:02L/02:01:01:03/02:01:08/02:01:11/02:01:14/02:01:15/02:01:21/02:09/02:43N/02:66/02:75/02:83N/02:89/02:97/02:132/02:134/02:140/02:01:01:01/02:01:01:02L/02:01:01:03/02:01:08/02:01:11/02:01:14/02:01:15/02:01:21/02:09/02:43N/02:66/02:75/02:83N/02:89/02:97/02:132/02:134/02:140	HLA-A*02:01:01/HLA-A*02:01:01	1.0	1.0
HG00240	HLA-B	51:01:01/51:01:05/51:01:07/51:11N/51:30/51:32/51:48/51:51/56:01/56:24	HLA-B*56:01:01/HLA-B*51:01:01	1.0	1.0
HG00240	HLA-C	01:02:01/01:02:02/01:02:03/01:02:04/01:02:05/01:02:06/01:02:07/01:02:08/01:02:09/01:25/14:02:01	HLA-C*14:02:01/HLA-C*01:02:01	1.0	1.0
HG00240	HLA-DRB1	11:01:01/11:01:08/08:01:01/08:01:03	HLA-DRB1*08:01:01/HLA-DRB1*11:01:01	1.0	1.0
HG00240	HLA-DQB1	03:01:01/03:01:04/03:09/03:19/03:21/03:22/03:24/04:02	HLA-DQB1*04:02:01/HLA-DQB1*03:01:01	1.0	1.0
HG00242	HLA-A	31:01:02/31:14N/31:23/68:01:01/68:01:07	HLA-A*31:01:02/HLA-A*68:01:01	1.0	1.0
HG00242	HLA-B	27:05:02/27:05:04/27:13/27:05:02/27:05:04/27:13	HLA-B*27:05:02/HLA-B*27:05:02	1.0	1.0
HG00242	HLA-C	02:02:02/02:02:02	HLA-C*02:02:02/HLA-C*02:02:02	1.0	1.0
HG00242	HLA-DRB1	13:01:01/04:01:01	HLA-DRB1*04:01:01/HLA-DRB1*13:01:01	1.0	1.0
HG00242	HLA-DQB1	03:02:01/06:03:01	HLA-DQB1*03:02:01/HLA-DQB1*06:03:01	1.0	1.0
HG00243	HLA-A	29:02:01/68:01:01/68:01:07	HLA-A*68:01:01/HLA-A*29:02:01	1.0	1.0
HG00243	HLA-B	44:03:01/44:03:03/44:03:04/44:02:01:01/44:02:01:02S/44:19N/44:27/44:66	HLA-B*44:03:01/HLA-B*44:02:01	1.0	1.0
HG00243	HLA-C	16:01:01/16:04:01	HLA-C*16:01:01/HLA-C*16:04:01	1.0	1.0
HG00243	HLA-DRB1	15:01:01:01/15:01:01:02/07:01:01:01/07:01:01:02	HLA-DRB1*07:01:01/HLA-DRB1*15:01:01	1.0	1.0
HG00243	HLA-DQB1	02:01:01/02:02/02:04/06:02:01	HLA-DQB1*02:02:01/HLA-DQB1*06:02:01	1.0	1.0
HG00244	HLA-A	02:01:01:01/02:01:01:02L/02:01:01:03/02:01:08/02:01:11/02:01:14/02:01:15/02:01:21/02:09/02:43N/02:66/02:75/02:83N/02:89/02:97/02:132/02:134/02:140/02:05:01/02:179	HLA-A*02:05:01/HLA-A*02:01:01	1.0	1.0
HG00244	HLA-B	15:01:01:01/15:01:01:02N/15:01:06/15:01:07/15:102/15:104/15:140/15:146/58:01:01/58:11	HLA-B*58:01:01/HLA-B*15:01:01	1.0	1.0
HG00244	HLA-C	03:04:01/03:04:03/07:01:01/07:01:02/07:01:09/07:06/07:18/07:52	HLA-C*07:18:01/HLA-C*03:04:01	1.0	1.0
HG00244	HLA-DRB1	03:01:01:01/03:01:01:02/04:01:01	HLA-DRB1*03:01:01/HLA-DRB1*04:01:01	1.0	1.0
HG00244	HLA-DQB1	02:01:01/02:02/02:04/03:02:01	HLA-DQB1*02:01:01/HLA-DQB1*03:02:01	1.0	1.0
HG00245	HLA-A	02:01:01:01/02:01:01:02L/02:01:01:03/02:01:08/02:01:11/02:01:14/02:01:15/02:01:21/02:09/02:43N/02:66/02:75/02:83N/02:89/02:97/02:132/02:134/02:140/32:01:01/32:01:02	HLA-A*32:01:01/HLA-A*02:01:01	1.0	1.0
HG00245	HLA-B	40:01:01/40:01:02/40:55/40:01:01/40:01:02/40:55	HLA-B*40:01:02/HLA-B*40:01:02	1.0	1.0
HG00245	HLA-C	03:04:01/03:04:03/03:04:01/03:04:03	HLA-C*03:04:01/HLA-C*03:04:01	1.0	1.0
HG00245	HLA-DRB1	11:02:01/04:04	HLA-DRB1*11:02:01/HLA-DRB1*04:04:01	1.0	1.0
HG00245	HLA-DQB1	03:02:01/03:01:01/03:01:04/03:09/03:19/03:21/03:22/03:24	HLA-DQB1*03:02:01/HLA-DQB1*03:19:01	1.0	1.0
HG00246	HLA-A	03:01:01:01/03:01:01:02N/03:01:01:03/03:01:07/03:20/03:21N/03:26/03:37/03:45/11:01:01/11:21N	HLA-A*11:01:01/HLA-A*03:01:01	1.0	1.0
HG00246	HLA-B	27:05:02/27:05:04/27:13/51:01:01/51:01:05/51:01:07/51:11N/51:30/51:32/51:48/51:51	HLA-B*51:01:01/HLA-B*27:05:02	1.0	1.0
HG00246	HLA-C	01:02:01/01:02:02/01:02:03/01:02:04/01:02:05/01:02:06/01:02:07/01:02:08/01:02:09/01:25/01:02:01/01:02:02/01:02:03/01:02:04/01:02:05/01:02:06/01:02:07/01:02:08/01:02:09/01:25	HLA-C*01:02:01/HLA-C*01:02:01	1.0	1.0
HG00246	HLA-DRB1	01:01:01/11:01:01/11:01:08	HLA-DRB1*01:01:01/HLA-DRB1*11:01:01	1.0	1.0
HG00246	HLA-DQB1	03:01:01/03:01:04/03:09/03:19/03:21/03:22/03:24/05:01:01	HLA-DQB1*05:01:01/HLA-DQB1*03:01:01	1.0	1.0
HG00250	HLA-A	01:01:01:01/01:01:01:02N/01:04N/01:22N/01:32/01:34N/01:37/02:01:01:01/02:01:01:02L/02:01:01:03/02:01:08/02:01:11/02:01:14/02:01:15/02:01:21/02:09/02:43N/02:66/02:75/02:83N/02:89/02:97/02:132/02:134/02:140	HLA-A*01:01:01/HLA-A*02:01:01	1.0	1.0
HG00250	HLA-B	40:01:01/40:01:02/40:55/57:01:01	HLA-B*57:01:01/HLA-B*40:01:02	1.0	1.0
HG00250	HLA-C	03:04:01/03:04:03/06:02:01:01/06:02:01:02/06:02:03	HLA-C*03:04:01/HLA-C*06:02:01	1.0	1.0
HG00250	HLA-DRB1	04:01:01/04:04	HLA-DRB1*04:01:01/HLA-DRB1*04:04:01	1.0	1.0
HG00250	HLA-DQB1	03:02:01/03:01:01/03:01:04/03:09/03:19/03:21/03:22/03:24	HLA-DQB1*03:02:01/HLA-DQB1*03:01:01	1.0	1.0
HG00251	HLA-A	01:01:01:01/01:01:01:02N/01:04N/01:22N/01:32/01:34N/01:37/02:01:01:01/02:01:01:02L/02:01:01:03/02:01:08/02:01:11/02:01:14/02:01:15/02:01:21/02:09/02:43N/02:66/02:75/02:83N/02:89/02:97/02:132/02:134/02:140	HLA-A*01:01:01/HLA-A*02:01:01	1.0	1.0
HG00251	HLA-B	08:01:01/08:19N/39:01:01:01/39:01:01:02L/39:01:03/39:46	HLA-B*39:01:01/HLA-B*08:01:01	1.0	1.0
HG00251	HLA-C	07:01:01/07:01:02/07:01:09/07:06/07:18/07:52/07:02:01:01/07:02:01:02/07:02:01:03/07:50/07:66/07:74	HLA-C*07:01:01/HLA-C*07:02:01	1.0	1.0
HG00251	HLA-DRB1	03:01:01:01/03:01:01:02/08:01:01/08:01:03	HLA-DRB1*03:01:01/HLA-DRB1*08:01:01	1.0	1.0
HG00251	HLA-DQB1	02:01:01/02:02/02:04/04:02	HLA-DQB1*02:01:01/HLA-DQB1*04:02:01	1.0	1.0
HG00252	HLA-A	02:01:01:01/02:01:01:02L/02:01:01:03/02:01:08/02:01:11/02:01:14/02:01:15/02:01:21/02:09/02:43N/02:66/02:75/02:83N/02:89/02:97/02:132/02:134/02:140/29:02:01	HLA-A*29:02:01/HLA-A*02:01:01	1.0	1.0
HG00252	HLA-B	40:02:01/40:56/40:97/44:03:01/44:03:03/44:03:04	HLA-B*40:02:01/HLA-B*44:03:01	1.0	1.0
HG00252	HLA-C	02:02:02/16:01:01	HLA-C*16:01:01/HLA-C*02:02:02	1.0	1.0
HG00252	HLA-DRB1	07:01:01:01/07:01:01:02/09:01:02	HLA-DRB1*07:01:01/HLA-DRB1*09:01:02	1.0	1.0
HG00252	HLA-DQB1	02:01:01/02:02/02:04/03:03:02	HLA-DQB1*03:03:02/HLA-DQB1*02:02:01	1.0	1.0
HG00253	HLA-A	01:01:01:01/01:01:01:02N/01:04N/01:22N/01:32/01:34N/01:37/25:01:01/25:07	HLA-A*01:01:01/HLA-A*25:01:01	1.0	1.0
HG00253	HLA-B	07:02:01/07:02:06/07:02:09/07:44/07:49N/07:58/07:59/07:61/58:01:01/58:11	HLA-B*58:01:01/HLA-B*07:02:01	1.0	1.0
HG00253	HLA-C	07:01:01/07:01:02/07:01:09/07:06/07:18/07:52/07:02:01:01/07:02:01:02/07:02:01:03/07:50/07:66/07:74	HLA-C*07:02:01/HLA-C*07:18:01	1.0	1.0
HG00253	HLA-DRB1	15:01:01:01/15:01:01:02/13:03:01	HLA-DRB1*13:03:01/HLA-DRB1*15:01:01	1.0	1.0
HG00253	HLA-DQB1	03:01:01/03:01:04/03:09/03:19/03:21/03:22/03:24/06:02:01	HLA-DQB1*06:02:01/HLA-DQB1*03:01:01	1.0	1.0
HG00254	HLA-A	03:01:01:01/03:01:01:02N/03:01:01:03/03:01:07/03:20/03:21N/03:26/03:37/03:45/33:01:01	HLA-A*33:01:01/HLA-A*03:01:01	1.0	1.0
HG00254	HLA-B	14:02:01/14:02:01	HLA-B*14:02:01/HLA-B*14:02:01	1.0	1.0
HG00254	HLA-C	08:02/08:02	HLA-C*08:02:01/HLA-C*08:02:01	1.0	1.0
HG00254	HLA-DRB1	01:02:01/13:02:01	HLA-DRB1*13:02:01/HLA-DRB1*01:02:01	1.0	1.0
HG00254	HLA-DQB1	05:01:01/06:09	HLA-DQB1*05:01:01/HLA-DQB1*06:09:01	1.0	1.0
HG00255	HLA-A	02:01:01:01/02:01:01:02L/02:01:01:03/02:01:08/02:01:11/02:01:14/02:01:15/02:01:21/02:09/02:43N/02:66/02:75/02:83N/02:89/02:97/02:132/02:134/02:140/29:02:01	HLA-A*29:02:01/HLA-A*02:01:01	1.0	1.0
HG00255	HLA-B	39:01:01:01/39:01:01:02L/39:01:03/39:46/44:03:01/44:03:03/44:03:04	HLA-B*39:01:01/HLA-B*44:03:01	1.0	1.0
HG00255	HLA-C	07:02:01:01/07:02:01:02/07:02:01:03/07:50/07:66/07:74/16:01:01	HLA-C*16:01:01/HLA-C*07:02:01	1.0	1.0
HG00255	HLA-DRB1	07:01:01:01/07:01:01:02/08:01:01/08:01:03	HLA-DRB1*08:01:01/HLA-DRB1*07:01:01	1.0	1.0
HG00255	HLA-DQB1	02:01:01/02:02/02:04/04:02	HLA-DQB1*04:02:01/HLA-DQB1*02:02:01	1.0	1.0
HG00256	HLA-A	02:01:01:01/02:01:01:02L/02:01:01:03/02:01:08/02:01:11/02:01:14/02:01:15/02:01:21/02:09/02:43N/02:66/02:75/02:83N/02:89/02:97/02:132/02:134/02:140/32:01:01/32:01:02	HLA-A*32:01:01/HLA-A*02:01:01	1.0	1.0
HG00256	HLA-B	14:01/15:01:01:01/15:01:01:02N/15:01:06/15:01:07/15:102/15:104/15:140/15:146	HLA-B*14:01:01/HLA-B*15:01:01	1.0	1.0
HG00256	HLA-C	03:03:01/03:20N/08:02	HLA-C*08:02:01/HLA-C*03:03:01	1.0	1.0
HG00256	HLA-DRB1	13:01:01/07:01:01:01/07:01:01:02	HLA-DRB1*07:01:01/HLA-DRB1*13:01:01	1.0	1.0
HG00256	HLA-DQB1	02:01:01/02:02/02:04/06:03:01	HLA-DQB1*02:02:15/HLA-DQB1*06:03:01	1.0	1.0
HG00257	HLA-A	02:01:01:01/02:01:01:02L/02:01:01:03/02:01:08/02:01:11/02:01:14/02:01:15/02:01:21/02:09/02:43N/02:66/02:75/02:83N/02:89/02:97/02:132/02:134/02:140/68:01:02/68:11N/68:33	HLA-A*68:01:02/HLA-A*02:01:01	1.0	1.0
HG00257	HLA-B	08:01:01/08:19N/40:02:01/40:56/40:97	HLA-B*40:02:01/HLA-B*08:01:01	1.0	1.0
HG00257	HLA-C	01:02:01/01:02:02/01:02:03/01:02:04/01:02:05/01:02:06/01:02:07/01:02:08/01:02:09/01:25/07:01:01/07:01:02/07:01:09/07:06/07:18/07:52	HLA-C*07:01:01/HLA-C*01:02:01	1.0	1.0
HG00257	HLA-DRB1	03:01:01:01/03:01:01:02/13:01:01	HLA-DRB1*03:01:01/HLA-DRB1*13:01:01	1.0	1.0
HG00257	HLA-DQB1	02:01:01/02:02/02:04/06:03:01	HLA-DQB1*02:01:01/HLA-DQB1*06:03:01	1.0	1.0
HG00258	HLA-A	02:01:01:01/02:01:01:02L/02:01:01:03/02:01:08/02:01:11/02:01:14/02:01:15/02:01:21/02:09/02:43N/02:66/02:75/02:83N/02:89/02:97/02:132/02:134/02:140/68:01:01/68:01:07	HLA-A*68:01:01/HLA-A*02:01:01	1.0	1.0
HG00258	HLA-B	40:01:01/40:01:02/40:55/40:01:01/40:01:02/40:55	HLA-B*40:01:02/HLA-B*40:01:02	1.0	1.0
HG00258	HLA-C	03:04:01/03:04:03/03:04:01/03:04:03	HLA-C*03:04:01/HLA-C*03:04:01	1.0	1.0
HG00258	HLA-DRB1	14:01:01/14:54/04:04	HLA-DRB1*14:54:01/HLA-DRB1*04:04:01	1.0	1.0
HG00258	HLA-DQB1	03:02:01/05:03:01	HLA-DQB1*05:03:01/HLA-DQB1*03:02:01	1.0	1.0
HG00259	HLA-A	02:01:01:01/02:01:01:02L/02:01:01:03/02:01:08/02:01:11/02:01:14/02:01:15/02:01:21/02:09/02:43N/02:66/02:75/02:83N/02:89/02:97/02:132/02:134/02:140/11:01:01/11:21N	HLA-A*11:01:01/HLA-A*02:01:01	1.0	1.0
HG00259	HLA-B	13:02:01/13:02:05/40:01:01/40:01:02/40:55	HLA-B*13:02:01/HLA-B*40:01:02	1.0	1.0
HG00259	HLA-C	03:04:01/03:04:03/06:02:01:01/06:02:01:02/06:02:03	HLA-C*03:04:01/HLA-C*06:02:01	1.0	1.0
HG00259	HLA-DRB1	11:04:01/04:03:01	HLA-DRB1*04:03:01/HLA-DRB1*11:04:01	1.0	1.0
HG00259	HLA-DQB1	03:02:01/03:01:01/03:01:04/03:09/03:19/03:21/03:22/03:24	HLA-DQB1*03:02:01/HLA-DQB1*03:01:01	1.0	1.0
HG00260	HLA-A	02:01:01:01/02:01:01:02L/02:01:01:03/02:01:08/02:01:11/02:01:14/02:01:15/02:01:21/02:09/02:43N/02:66/02:75/02:83N/02:89/02:97/02:132/02:134/02:140/25:01:01/25:07	HLA-A*25:01:01/HLA-A*02:01:01	1.0	1.0
HG00260	HLA-B	18:01:01/18:01:03/18:17N/44:02:01:01/44:02:01:02S/44:19N/44:27/44:66	HLA-B*44:02:01/HLA-B*18:01:01	1.0	1.0
HG00260	HLA-C	05:01:01:01/05:01:01:02/05:01:04/05:01:05/05:03/07:01:01/07:01:02/07:01:09/07:06/07:18/07:52	HLA-C*05:01:01/HLA-C*07:01:01	1.0	1.0
HG00260	HLA-DRB1	01:01:01/04:01:01	HLA-DRB1*01:01:01/HLA-DRB1*04:01:01	1.0	1.0
HG00260	HLA-DQB1	03:02:01/05:01:01	HLA-DQB1*03:02:01/HLA-DQB1*05:01:01	1.0	1.0
HG00261	HLA-A	01:01:01:01/01:01:01:02N/01:04N/01:22N/01:32/01:34N/01:37/25:01:01/25:07	HLA-A*01:01:01/HLA-A*25:01:01	1.0	1.0
HG00261	HLA-B	55:01:01/55:01:03/57:01:01	HLA-B*55:01:01/HLA-B*57:01:01	1.0	1.0
HG00261	HLA-C	03:03:01/03:20N/06:02:01:01/06:02:01:02/06:02:03	HLA-C*06:02:01/HLA-C*03:03:01	1.0	1.0
HG00261	HLA-DRB1	03:01:01:01/03:01:01:02/14:01:01/14:54	HLA-DRB1*03:01:01/HLA-DRB1*14:54:01	1.0	1.0
HG00261	HLA-DQB1	02:01:01/02:02/02:04/05:03:01	HLA-DQB1*02:01:01/HLA-DQB1*05:03:01	1.0	1.0
HG00262	HLA-A	03:01:01:01/03:01:01:02N/03:01:01:03/03:01:07/03:20/03:21N/03:26/03:37/03:45/03:01:01:01/03:01:01:02N/03:01:01:03/03:01:07/03:20/03:21N/03:26/03:37/03:45	HLA-A*03:01:01/HLA-A*03:01:01	1.0	1.0
HG00262	HLA-B	44:03:01/44:03:03/44:03:04/44:02:01:01/44:02:01:02S/44:19N/44:27/44:66	HLA-B*44:02:01/HLA-B*44:03:01	1.0	1.0
HG00262	HLA-C	04:01:01:01/04:01:01:02/04:01:01:03/04:09N/04:28/04:30/04:41/05:01:01:01/05:01:01:02/05:01:04/05:01:05/05:03	HLA-C*05:01:01/HLA-C*04:01:01	1.0	1.0
HG00262	HLA-DRB1	04:01:01/04:04	HLA-DRB1*04:01:01/HLA-DRB1*04:04:01	1.0	1.0
HG00262	HLA-DQB1	03:02:01/03:01:01/03:01:04/03:09/03:19/03:21/03:22/03:24	HLA-DQB1*03:02:01/HLA-DQB1*03:01:01	1.0	1.0
HG00263	HLA-A	03:01:01:01/03:01:01:02N/03:01:01:03/03:01:07/03:20/03:21N/03:26/03:37/03:45/30:04	HLA-A*03:01:01/HLA-A*30:04:01	1.0	1.0
HG00263	HLA-B	07:02:01/07:02:06/07:02:09/07:44/07:49N/07:58/07:59/07:61/41:01	HLA-B*41:01:01/HLA-B*07:02:01	1.0	1.0
HG00263	HLA-C	07:02:01:01/07:02:01:02/07:02:01:03/07:50/07:66/07:74/17:01/17:02/17:03	HLA-C*17:01:01/HLA-C*07:02:01	1.0	1.0
HG00263	HLA-DRB1	15:01:01:01/15:01:01:02/11:02:01	HLA-DRB1*11:02:01/HLA-DRB1*15:01:01	1.0	1.0
HG00263	HLA-DQB1	03:01:01/03:01:04/03:09/03:19/03:21/03:22/03:24/06:02:01	HLA-DQB1*06:02:01/HLA-DQB1*03:19:01	1.0	1.0
HG00264	HLA-A	02:01:01:01/02:01:01:02L/02:01:01:03/02:01:08/02:01:11/02:01:14/02:01:15/02:01:21/02:09/02:43N/02:66/02:75/02:83N/02:89/02:97/02:132/02:134/02:140/03:01:01:01/03:01:01:02N/03:01:01:03/03:01:07/03:20/03:21N/03:26/03:37/03:45	HLA-A*03:01:01/HLA-A*02:01:01	1.0	1.0
HG00264	HLA-B	27:05:02/27:05:04/27:13/44:02:01:01/44:02:01:02S/44:19N/44:27/44:66	HLA-B*44:02:01/HLA-B*27:05:02	1.0	1.0
HG00264	HLA-C	02:02:02/05:01:01:01/05:01:01:02/05:01:04/05:01:05/05:03	HLA-C*02:02:02/HLA-C*05:01:01	1.0	1.0
HG00264	HLA-DRB1	04:01:01/04:07:01	HLA-DRB1*04:01:01/HLA-DRB1*04:07:01	1.0	1.0
HG00264	HLA-DQB1	03:01:01/03:01:04/03:09/03:19/03:21/03:22/03:24/03:01:01/03:01:04/03:09/03:19/03:21/03:22/03:24	HLA-DQB1*03:01:01/HLA-DQB1*03:01:01	1.0	1.0
HG00265	HLA-A	01:01:01:01/01:01:01:02N/01:04N/01:22N/01:32/01:34N/01:37/01:01:01:01/01:01:01:02N/01:04N/01:22N/01:32/01:34N/01:37	HLA-A*01:01:01/HLA-A*01:01:01	1.0	1.0
HG00265	HLA-B	08:01:01/08:19N/08:01:01/08:19N	HLA-B*08:01:01/HLA-B*08:01:01	1.0	1.0
HG00265	HLA-C	07:01:01/07:01:02/07:01:09/07:06/07:18/07:52/07:01:01/07:01:02/07:01:09/07:06/07:18/07:52	HLA-C*07:01:01/HLA-C*07:01:01	1.0	1.0
HG00265	HLA-DRB1	03:01:01:01/03:01:01:02/03:01:01:01/03:01:01:02	HLA-DRB1*03:01:01/HLA-DRB1*03:01:01	1.0	1.0
HG00265	HLA-DQB1	02:01:01/02:02/02:04/02:01:01/02:02/02:04	HLA-DQB1*02:01:01/HLA-DQB1*02:01:01	1.0	1.0
HG00266	HLA-A	01:01:01:01/01:01:01:02N/01:04N/01:22N/01:32/01:34N/01:37/03:01:01:01/03:01:01:02N/03:01:01:03/03:01:07/03:20/03:21N/03:26/03:37/03:45	HLA-A*01:01:01/HLA-A*03:01:01	1.0	1.0
HG00266	HLA-B	08:01:01/08:19N/35:01:01/35:01:03/35:40N/35:42/35:57/35:94	HLA-B*35:01:01/HLA-B*08:01:01	1.0	1.0
HG00266	HLA-C	04:01:01:01/04:01:01:02/04:01:01:03/04:09N/04:28/04:30/04:41/07:01:01/07:01:02/07:01:09/07:06/07:18/07:52	HLA-C*07:01:01/HLA-C*04:01:01	1.0	1.0
HG00266	HLA-DRB1	01:01:01/03:01:01:01/03:01:01:02	HLA-DRB1*01:01:01/HLA-DRB1*03:01:01	1.0	1.0
HG00266	HLA-DQB1	02:01:01/02:02/02:04/05:01:01	HLA-DQB1*05:01:01/HLA-DQB1*02:01:01	1.0	1.0
HG00267	HLA-A	02:01:01:01/02:01:01:02L/02:01:01:03/02:01:08/02:01:11/02:01:14/02:01:15/02:01:21/02:09/02:43N/02:66/02:75/02:83N/02:89/02:97/02:132/02:134/02:140/24:02:01:01/24:02:01:02L/24:02:03/24:02:10/24:02:13/24:09N/24:11N/24:40N/24:76/24:79/24:83N	HLA-A*24:02:01/HLA-A*02:01:01	1.0	1.0
HG00267	HLA-B	41:01/57:01:01	HLA-B*57:01:01/HLA-B*41:01:01	1.0	1.0
HG00267	HLA-C	06:02:01:01/06:02:01:02/06:02:03/17:01/17:02/17:03	HLA-C*17:01:01/HLA-C*06:02:01	1.0	1.0
HG00267	HLA-DRB1	07:01:01:01/07:01:01:02/07:01:01:01/07:01:01:02	HLA-DRB1*07:01:01/HLA-DRB1*07:01:01	1.0	1.0
HG00267	HLA-DQB1	03:03:02/03:03:02	HLA-DQB1*03:03:02/HLA-DQB1*03:03:02	1.0	1.0
HG00268	HLA-A	03:01:01:01/03:01:01:02N/03:01:01:03/03:01:07/03:20/03:21N/03:26/03:37/03:45/25:01:01/25:07	HLA-A*03:01:01/HLA-A*25:01:01	1.0	1.0
HG00268	HLA-B	07:02:01/07:02:06/07:02:09/07:44/07:49N/07:58/07:59/07:61/18:01:01/18:01:03/18:17N	HLA-B*07:02:01/HLA-B*18:01:01	1.0	1.0
HG00268	HLA-C	07:02:01:01/07:02:01:02/07:02:01:03/07:50/07:66/07:74/12:03:01:01/12:03:01:02/12:03:06	HLA-C*07:02:01/HLA-C*12:03:01	1.0	1.0
HG00268	HLA-DRB1	15:01:01:01/15:01:01:02/15:01:01:01/15:01:01:02	HLA-DRB1*15:01:01/HLA-DRB1*15:01:01	1.0	1.0
HG00268	HLA-DQB1	06:02:01/06:02:01	HLA-DQB1*06:02:01/HLA-DQB1*06:02:01	1.0	1.0
HG00269	HLA-A	03:01:01:01/03:01:01:02N/03:01:01:03/03:01:07/03:20/03:21N/03:26/03:37/03:45/03:01:01:01/03:01:01:02N/03:01:01:03/03:01:07/03:20/03:21N/03:26/03:37/03:45	HLA-A*03:01:01/HLA-A*03:01:01	1.0	1.0
HG00269	HLA-B	07:02:01/07:02:06/07:02:09/07:44/07:49N/07:58/07:59/07:61/35:01:01/35:01:03/35:40N/35:42/35:57/35:94	HLA-B*07:02:01/HLA-B*35:01:01	1.0	1.0
HG00269	HLA-C	03:04:01/03:04:03/04:01:01:01/04:01:01:02/04:01:01:03/04:09N/04:28/04:30/04:41	HLA-C*03:04:01/HLA-C*04:01:01	1.0	1.0
HG00269	HLA-DRB1	01:01:01/01:01:01	HLA-DRB1*01:01:01/HLA-DRB1*01:01:01	1.0	1.0
HG00269	HLA-DQB1	05:01:01/05:01:01	HLA-DQB1*05:01:01/HLA-DQB1*05:01:01	1.0	1.0
HG00271	HLA-A	02:01:01:01/02:01:01:02L/02:01:01:03/02:01:08/02:01:11/02:01:14/02:01:15/02:01:21/02:09/02:43N/02:66/02:75/02:83N/02:89/02:97/02:132/02:134/02:140/03:01:01:01/03:01:01:02N/03:01:01:03/03:01:07/03:20/03:21N/03:26/03:37/03:45	HLA-A*03:01:01/HLA-A*02:01:01	1.0	1.0
HG00271	HLA-B	27:05:02/27:05:04/27:13/47:01:01:01/47:01:01:02	HLA-B*27:05:02/HLA-B*47:01:01	1.0	1.0
HG00271	HLA-C	02:02:02/06:02:01:01/06:02:01:02/06:02:03	HLA-C*02:02:02/HLA-C*06:02:01	1.0	1.0
HG00271	HLA-DRB1	15:01:01:01/15:01:01:02/08:01:01/08:01:03	HLA-DRB1*08:01:01/HLA-DRB1*15:01:01	1.0	1.0
HG00271	HLA-DQB1	04:02/06:02:01	HLA-DQB1*04:02:01/HLA-DQB1*06:02:01	1.0	1.0
HG00272	HLA-A	01:01:01:01/01:01:01:02N/01:04N/01:22N/01:32/01:34N/01:37/32:01:01/32:01:02	HLA-A*32:01:01/HLA-A*01:01:01	1.0	1.0
HG00272	HLA-B	08:01:01/08:19N/15:01:01:01/15:01:01:02N/15:01:06/15:01:07/15:102/15:104/15:140/15:146	HLA-B*08:01:01/HLA-B*15:01:01	1.0	1.0
HG00272	HLA-C	03:03:01/03:20N/07:01:01/07:01:02/07:01:09/07:06/07:18/07:52	HLA-C*03:03:01/HLA-C*07:01:01	1.0	1.0
HG00272	HLA-DRB1	03:01:01:01/03:01:01:02/13:01:01	HLA-DRB1*03:01:01/HLA-DRB1*13:01:01	1.0	1.0
HG00272	HLA-DQB1	02:01:01/02:02/02:04/06:03:01	HLA-DQB1*02:01:01/HLA-DQB1*06:03:01	1.0	1.0
HG00273	HLA-A	03:01:01:01/03:01:01:02N/03:01:01:03/03:01:07/03:20/03:21N/03:26/03:37/03:45/11:01:01/11:21N	HLA-A*11:01:01/HLA-A*03:01:01	1.0	1.0
HG00273	HLA-B	07:02:01/07:02:06/07:02:09/07:44/07:49N/07:58/07:59/07:61/35:01:01/35:01:03/35:40N/35:42/35:57/35:94	HLA-B*35:01:01/HLA-B*07:02:01	1.0	1.0
HG00273	HLA-C	04:01:01:01/04:01:01:02/04:01:01:03/04:09N/04:28/04:30/04:41/07:02:01:01/07:02:01:02/07:02:01:03/07:50/07:66/07:74	HLA-C*07:02:01/HLA-C*04:01:01	1.0	1.0
HG00273	HLA-DRB1	01:01:01/11:01:01/11:01:08	HLA-DRB1*11:01:01/HLA-DRB1*01:01:01	1.0	1.0
HG00273	HLA-DQB1	03:01:01/03:01:04/03:09/03:19/03:21/03:22/03:24/05:01:01	HLA-DQB1*05:01:01/HLA-DQB1*03:01:01	1.0	1.0
HG00274	HLA-A	03:01:01:01/03:01:01:02N/03:01:01:03/03:01:07/03:20/03:21N/03:26/03:37/03:45/03:01:01:01/03:01:01:02N/03:01:01:03/03:01:07/03:20/03:21N/03:26/03:37/03:45	HLA-A*03:01:01/HLA-A*03:01:01	1.0	1.0
HG00274	HLA-B	15:01:01:01/15:01:01:02N/15:01:06/15:01:07/15:102/15:104/15:140/15:146/35:01:01/35:01:03/35:40N/35:42/35:57/35:94	HLA-B*15:01:01/HLA-B*35:01:01	1.0	1.0
HG00274	HLA-C	03:03:01/03:20N/04:01:01:01/04:01:01:02/04:01:01:03/04:09N/04:28/04:30/04:41	HLA-C*04:01:01/HLA-C*03:03:01	1.0	1.0
HG00274	HLA-DRB1	07:01:01:01/07:01:01:02/08:01:01/08:01:03	HLA-DRB1*08:01:01/HLA-DRB1*07:01:01	1.0	1.0
HG00274	HLA-DQB1	03:03:02/04:02	HLA-DQB1*03:03:02/HLA-DQB1*04:02:01	1.0	1.0
HG00275	HLA-A	02:01:01:01/02:01:01:02L/02:01:01:03/02:01:08/02:01:11/02:01:14/02:01:15/02:01:21/02:09/02:43N/02:66/02:75/02:83N/02:89/02:97/02:132/02:134/02:140/03:01:01:01/03:01:01:02N/03:01:01:03/03:01:07/03:20/03:21N/03:26/03:37/03:45	HLA-A*03:01:01/HLA-A*02:01:01	1.0	1.0
HG00275	HLA-B	07:02:01/07:02:06/07:02:09/07:44/07:49N/07:58/07:59/07:61/15:01:01:01/15:01:01:02N/15:01:06/15:01:07/15:102/15:104/15:140/15:146	HLA-B*15:01:01/HLA-B*07:02:01	1.0	1.0
HG00275	HLA-C	04:01:01:01/04:01:01:02/04:01:01:03/04:09N/04:28/04:30/04:41/07:02:01:01/07:02:01:02/07:02:01:03/07:50/07:66/07:74	HLA-C*07:02:01/HLA-C*04:01:01	1.0	1.0
HG00275	HLA-DRB1	15:01:01:01/15:01:01:02/15:01:01:01/15:01:01:02	HLA-DRB1*15:01:01/HLA-DRB1*15:01:01	1.0	1.0
HG00275	HLA-DQB1	06:02:01/06:02:01	HLA-DQB1*06:02:01/HLA-DQB1*06:02:01	1.0	1.0
HG00276	HLA-A	03:01:01:01/03:01:01:02N/03:01:01:03/03:01:07/03:20/03:21N/03:26/03:37/03:45/03:01:01:01/03:01:01:02N/03:01:01:03/03:01:07/03:20/03:21N/03:26/03:37/03:45	HLA-A*03:01:01/HLA-A*03:01:01	1.0	1.0
HG00276	HLA-B	35:01:01/35:01:03/35:40N/35:42/35:57/35:94/51:01:01/51:01:05/51:01:07/51:11N/51:30/51:32/51:48/51:51	HLA-B*35:01:01/HLA-B*51:01:01	1.0	1.0
HG00276	HLA-C	04:01:01:01/04:01:01:02/04:01:01:03/04:09N/04:28/04:30/04:41/15:02:01/15:13	HLA-C*04:01:01/HLA-C*15:02:01	1.0	1.0
HG00276	HLA-DRB1	01:01:01/09:01:02	HLA-DRB1*01:01:01/HLA-DRB1*09:01:02	1.0	1.0
HG00276	HLA-DQB1	03:03:02/05:01:01	HLA-DQB1*03:03:02/HLA-DQB1*05:01:01	1.0	1.0
HG00277	HLA-A	02:01:01:01/02:01:01:02L/02:01:01:03/02:01:08/02:01:11/02:01:14/02:01:15/02:01:21/02:09/02:43N/02:66/02:75/02:83N/02:89/02:97/02:132/02:134/02:140/31:01:02/31:14N/31:23	HLA-A*31:01:02/HLA-A*02:01:01	1.0	1.0
HG00277	HLA-B	07:02:01/07:02:06/07:02:09/07:44/07:49N/07:58/07:59/07:61/56:01/56:24	HLA-B*07:02:01/HLA-B*56:01:01	1.0	1.0
HG00277	HLA-C	01:02:01/01:02:02/01:02:03/01:02:04/01:02:05/01:02:06/01:02:07/01:02:08/01:02:09/01:25/07:02:01:01/07:02:01:02/07:02:01:03/07:50/07:66/07:74	HLA-C*01:02:01/HLA-C*07:02:01	1.0	1.0
HG00277	HLA-DRB1	15:01:01:01/15:01:01:02/04:01:01	HLA-DRB1*04:01:01/HLA-DRB1*15:01:01	1.0	1.0
HG00277	HLA-DQB1	03:02:01/06:02:01	HLA-DQB1*03:02:01/HLA-DQB1*06:02:01	1.0	1.0
HG00278	HLA-A	02:01:01:01/02:01:01:02L/02:01:01:03/02:01:08/02:01:11/02:01:14/02:01:15/02:01:21/02:09/02:43N/02:66/02:75/02:83N/02:89/02:97/02:132/02:134/02:140/02:01:01:01/02:01:01:02L/02:01:01:03/02:01:08/02:01:11/02:01:14/02:01:15/02:01:21/02:09/02:43N/02:66/02:75/02:83N/02:89/02:97/02:132/02:134/02:140	HLA-A*02:01:01/HLA-A*02:01:01	1.0	1.0
HG00278	HLA-B	39:01:01:01/39:01:01:02L/39:01:03/39:46/51:01:01/51:01:05/51:01:07/51:11N/51:30/51:32/51:48/51:51	HLA-B*39:01:01/HLA-B*51:01:01	1.0	1.0
HG00278	HLA-C	07:02:01:01/07:02:01:02/07:02:01:03/07:50/07:66/07:74/15:02:01/15:13	HLA-C*15:02:01/HLA-C*07:02:01	1.0	1.0
HG00278	HLA-DRB1	08:01:01/08:01:03/09:01:02	HLA-DRB1*09:01:02/HLA-DRB1*08:01:01	1.0	1.0
HG00278	HLA-DQB1	03:03:02/04:02	HLA-DQB1*03:03:02/HLA-DQB1*04:02:01	1.0	1.0
HG00280	HLA-A	02:01:01:01/02:01:01:02L/02:01:01:03/02:01:08/02:01:11/02:01:14/02:01:15/02:01:21/02:09/02:43N/02:66/02:75/02:83N/02:89/02:97/02:132/02:134/02:140/03:01:01:01/03:01:01:02N/03:01:01:03/03:01:07/03:20/03:21N/03:26/03:37/03:45	HLA-A*03:01:01/HLA-A*02:01:01	1.0	1.0
HG00280	HLA-B	08:01:01/08:19N/27:05:02/27:05:04/27:13	HLA-B*08:01:01/HLA-B*27:05:02	1.0	1.0
HG00280	HLA-C	01:02:01/01:02:02/01:02:03/01:02:04/01:02:05/01:02:06/01:02:07/01:02:08/01:02:09/01:25/07:01:01/07:01:02/07:01:09/07:06/07:18/07:52	HLA-C*07:01:01/HLA-C*01:02:01	1.0	1.0
HG00280	HLA-DRB1	03:01:01:01/03:01:01:02/12:01:01/12:06/12:10/12:17	HLA-DRB1*03:01:01/HLA-DRB1*12:01:01	1.0	1.0
HG00280	HLA-DQB1	02:01:01/02:02/02:04/03:01:01/03:01:04/03:09/03:19/03:21/03:22/03:24	HLA-DQB1*02:01:01/HLA-DQB1*03:01:01	1.0	1.0
HG00281	HLA-A	02:01:01:01/02:01:01:02L/02:01:01:03/02:01:08/02:01:11/02:01:14/02:01:15/02:01:21/02:09/02:43N/02:66/02:75/02:83N/02:89/02:97/02:132/02:134/02:140/02:01:01:01/02:01:01:02L/02:01:01:03/02:01:08/02:01:11/02:01:14/02:01:15/02:01:21/02:09/02:43N/02:66/02:75/02:83N/02:89/02:97/02:132/02:134/02:140	HLA-A*02:01:01/HLA-A*02:01:01	1.0	1.0
HG00281	HLA-B	15:01:01:01/15:01:01:02N/15:01:06/15:01:07/15:102/15:104/15:140/15:146/35:01:01/35:01:03/35:40N/35:42/35:57/35:94	HLA-B*15:01:01/HLA-B*35:01:01	1.0	1.0
HG00281	HLA-C	04:01:01:01/04:01:01:02/04:01:01:03/04:09N/04:28/04:30/04:41/04:01:01:01/04:01:01:02/04:01:01:03/04:09N/04:28/04:30/04:41	HLA-C*04:01:01/HLA-C*04:01:01	1.0	1.0
HG00281	HLA-DRB1	01:01:01/08:01:01/08:01:03	HLA-DRB1*01:01:01/HLA-DRB1*08:01:01	1.0	1.0
HG00281	HLA-DQB1	04:02/05:01:01	HLA-DQB1*04:02:01/HLA-DQB1*05:01:01	1.0	1.0
HG00282	HLA-A	02:01:01:01/02:01:01:02L/02:01:01:03/02:01:08/02:01:11/02:01:14/02:01:15/02:01:21/02:09/02:43N/02:66/02:75/02:83N/02:89/02:97/02:132/02:134/02:140/03:01:01:01/03:01:01:02N/03:01:01:03/03:01:07/03:20/03:21N/03:26/03:37/03:45	HLA-A*03:01:01/HLA-A*02:01:01	1.0	1.0
HG00282	HLA-B	07:02:01/07:02:06/07:02:09/07:44/07:49N/07:58/07:59/07:61/40:01:01/40:01:02/40:55	HLA-B*40:01:02/HLA-B*07:02:01	1.0	1.0
HG00282	HLA-C	03:04:01/03:04:03/07:02:01:01/07:02:01:02/07:02:01:03/07:50/07:66/07:74	HLA-C*07:02:01/HLA-C*03:04:01	1.0	1.0
HG00282	HLA-DRB1	15:01:01:01/15:01:01:02/13:02:01	HLA-DRB1*15:01:01/HLA-DRB1*13:02:01	1.0	1.0
HG00282	HLA-DQB1	06:02:01/06:04:01/06:34	HLA-DQB1*06:02:01/HLA-DQB1*06:04:01	1.0	1.0
HG00284	HLA-A	01:01:01:01/01:01:01:02N/01:04N/01:22N/01:32/01:34N/01:37/11:01:01/11:21N	HLA-A*11:01:01/HLA-A*01:01:01	1.0	1.0
HG00284	HLA-B	08:01:01/08:19N/57:01:01	HLA-B*57:01:01/HLA-B*08:01:01	1.0	1.0
HG00284	HLA-C	06:02:01:01/06:02:01:02/06:02:03/07:01:01/07:01:02/07:01:09/07:06/07:18/07:52	HLA-C*07:01:01/HLA-C*06:02:01	1.0	1.0
HG00284	HLA-DRB1	03:01:01:01/03:01:01:02/08:01:01/08:01:03	HLA-DRB1*03:01:01/HLA-DRB1*08:105	1.0	0.0
HG00284	HLA-DQB1	02:01:01/02:02/02:04/04:02	HLA-DQB1*04:02:01/HLA-DQB1*02:01:01	1.0	1.0
HG00285	HLA-A	02:01:01:01/02:01:01:02L/02:01:01:03/02:01:08/02:01:11/02:01:14/02:01:15/02:01:21/02:09/02:43N/02:66/02:75/02:83N/02:89/02:97/02:132/02:134/02:140/68:01:02/68:11N/68:33	HLA-A*02:01:01/HLA-A*68:01:02	1.0	1.0
HG00285	HLA-B	15:01:01:01/15:01:01:02N/15:01:06/15:01:07/15:102/15:104/15:140/15:146/40:01:01/40:01:02/40:55	HLA-B*15:01:01/HLA-B*40:01:02	1.0	1.0
HG00285	HLA-C	03:04:01/03:04:03/03:04:01/03:04:03	HLA-C*03:04:01/HLA-C*03:04:01	1.0	1.0
HG00285	HLA-DRB1	04:01:01/04:04	HLA-DRB1*04:01:01/HLA-DRB1*04:04:01	1.0	1.0
HG00285	HLA-DQB1	03:02:01/03:02:01	HLA-DQB1*03:02:01/HLA-DQB1*03:02:01	1.0	1.0
HG00306	HLA-A	01:01:01:01/01:01:01:02N/01:04N/01:22N/01:32/01:34N/01:37/02:01:01:01/02:01:01:02L/02:01:01:03/02:01:08/02:01:11/02:01:14/02:01:15/02:01:21/02:09/02:43N/02:66/02:75/02:83N/02:89/02:97/02:132/02:134/02:140	HLA-A*01:01:01/HLA-A*02:01:01	1.0	1.0
HG00306	HLA-B	08:01:01/08:19N/27:05:02/27:05:04/27:13	HLA-B*27:05:02/HLA-B*08:01:01	1.0	1.0
HG00306	HLA-C	02:02:02/07:01:01/07:01:02/07:01:09/07:06/07:18/07:52	HLA-C*07:01:01/HLA-C*02:02:02	1.0	1.0
HG00306	HLA-DRB1	03:01:01:01/03:01:01:02/08:01:01/08:01:03	HLA-DRB1*08:01:01/HLA-DRB1*03:01:01	1.0	1.0
HG00306	HLA-DQB1	02:01:01/02:02/02:04/04:02	HLA-DQB1*02:01:01/HLA-DQB1*04:02:01	1.0	1.0
HG00308	HLA-A	03:01:01:01/03:01:01:02N/03:01:01:03/03:01:07/03:20/03:21N/03:26/03:37/03:45/03:01:01:01/03:01:01:02N/03:01:01:03/03:01:07/03:20/03:21N/03:26/03:37/03:45	HLA-A*03:01:01/HLA-A*03:01:01	1.0	1.0
HG00308	HLA-B	35:01:01/35:01:03/35:40N/35:42/35:57/35:94/35:01:01/35:01:03/35:40N/35:42/35:57/35:94	HLA-B*35:01:01/HLA-B*35:01:01	1.0	1.0
HG00308	HLA-C	04:01:01:01/04:01:01:02/04:01:01:03/04:09N/04:28/04:30/04:41/04:01:01:01/04:01:01:02/04:01:01:03/04:09N/04:28/04:30/04:41	HLA-C*04:01:01/HLA-C*04:01:01	1.0	1.0
HG00308	HLA-DRB1	01:01:01/01:01:01	HLA-DRB1*01:01:01/HLA-DRB1*01:01:01	1.0	1.0
HG00308	HLA-DQB1	05:01:01/05:01:01	HLA-DQB1*05:01:01/HLA-DQB1*05:01:01	1.0	1.0
HG00309	HLA-A	01:01:01:01/01:01:01:02N/01:04N/01:22N/01:32/01:34N/01:37/03:01:01:01/03:01:01:02N/03:01:01:03/03:01:07/03:20/03:21N/03:26/03:37/03:45	HLA-A*03:01:01/HLA-A*01:01:01	1.0	1.0
HG00309	HLA-B	27:05:02/27:05:04/27:13/35:01:01/35:01:03/35:40N/35:42/35:57/35:94	HLA-B*35:01:01/HLA-B*27:05:02	1.0	1.0
HG00309	HLA-C	01:02:01/01:02:02/01:02:03/01:02:04/01:02:05/01:02:06/01:02:07/01:02:08/01:02:09/01:25/04:01:01:01/04:01:01:02/04:01:01:03/04:09N/04:28/04:30/04:41	HLA-C*04:01:01/HLA-C*01:02:01	1.0	1.0
HG00309	HLA-DRB1	01:01:01/04:08	HLA-DRB1*01:01:01/HLA-DRB1*04:08:01	1.0	1.0
HG00309	HLA-DQB1	03:01:01/03:01:04/03:09/03:19/03:21/03:22/03:24/05:01:01	HLA-DQB1*05:01:01/HLA-DQB1*03:01:01	1.0	1.0
HG00310	HLA-A	03:01:01:01/03:01:01:02N/03:01:01:03/03:01:07/03:20/03:21N/03:26/03:37/03:45/03:01:01:01/03:01:01:02N/03:01:01:03/03:01:07/03:20/03:21N/03:26/03:37/03:45	HLA-A*03:01:01/HLA-A*03:01:01	1.0	1.0
HG00310	HLA-B	07:02:01/07:02:06/07:02:09/07:44/07:49N/07:58/07:59/07:61/15:01:01:01/15:01:01:02N/15:01:06/15:01:07/15:102/15:104/15:140/15:146	HLA-B*15:01:01/HLA-B*07:02:01	1.0	1.0
HG00310	HLA-C	03:03:01/03:20N/07:02:01:01/07:02:01:02/07:02:01:03/07:50/07:66/07:74	HLA-C*07:02:01/HLA-C*03:03:01	1.0	1.0
HG00310	HLA-DRB1	15:01:01:01/15:01:01:02/13:01:01	HLA-DRB1*15:01:01/HLA-DRB1*13:01:01	1.0	1.0
HG00310	HLA-DQB1	06:02:01/06:03:01	HLA-DQB1*06:03:01/HLA-DQB1*06:02:01	1.0	1.0
HG00311	HLA-A	03:01:01:01/03:01:01:02N/03:01:01:03/03:01:07/03:20/03:21N/03:26/03:37/03:45/11:01:01/11:21N	HLA-A*11:01:01/HLA-A*03:01:01	1.0	1.0
HG00311	HLA-B	07:02:01/07:02:06/07:02:09/07:44/07:49N/07:58/07:59/07:61/44:02:01:01/44:02:01:02S/44:19N/44:27/44:66	HLA-B*07:02:01/HLA-B*44:02:01	1.0	1.0
HG00311	HLA-C	03:04:01/03:04:03/05:01:01:01/05:01:01:02/05:01:04/05:01:05/05:03	HLA-C*03:04:01/HLA-C*05:01:01	1.0	1.0
HG00311	HLA-DRB1	01:01:01/01:01:01	HLA-DRB1*01:01:01/HLA-DRB1*01:01:01	1.0	1.0
HG00311	HLA-DQB1	05:01:01/05:01:01	HLA-DQB1*05:01:01/HLA-DQB1*05:01:01	1.0	1.0
HG00313	HLA-A	03:01:01:01/03:01:01:02N/03:01:01:03/03:01:07/03:20/03:21N/03:26/03:37/03:45/03:01:01:01/03:01:01:02N/03:01:01:03/03:01:07/03:20/03:21N/03:26/03:37/03:45	HLA-A*03:01:01/HLA-A*03:01:01	1.0	1.0
HG00313	HLA-B	07:02:01/07:02:06/07:02:09/07:44/07:49N/07:58/07:59/07:61/35:01:01/35:01:03/35:40N/35:42/35:57/35:94	HLA-B*35:01:01/HLA-B*07:02:01	1.0	1.0
HG00313	HLA-C	04:01:01:01/04:01:01:02/04:01:01:03/04:09N/04:28/04:30/04:41/07:02:01:01/07:02:01:02/07:02:01:03/07:50/07:66/07:74	HLA-C*07:02:01/HLA-C*04:01:01	1.0	1.0
HG00313	HLA-DRB1	01:01:01/04:01:01	HLA-DRB1*01:01:01/HLA-DRB1*04:01:01	1.0	1.0
HG00313	HLA-DQB1	03:02:01/05:01:01	HLA-DQB1*05:01:01/HLA-DQB1*03:02:01	1.0	1.0
HG00315	HLA-A	02:01:01:01/02:01:01:02L/02:01:01:03/02:01:08/02:01:11/02:01:14/02:01:15/02:01:21/02:09/02:43N/02:66/02:75/02:83N/02:89/02:97/02:132/02:134/02:140/30:01:01/30:01:02/30:24	HLA-A*30:01:01/HLA-A*02:01:01	1.0	1.0
HG00315	HLA-B	13:02:01/13:02:05/56:01/56:24	HLA-B*13:02:01/HLA-B*56:01:01	1.0	1.0
HG00315	HLA-C	01:02:01/01:02:02/01:02:03/01:02:04/01:02:05/01:02:06/01:02:07/01:02:08/01:02:09/01:25/06:02:01:01/06:02:01:02/06:02:03	HLA-C*01:02:01/HLA-C*06:02:01	1.0	1.0
HG00315	HLA-DRB1	04:01:01/07:01:01:01/07:01:01:02	HLA-DRB1*07:01:01/HLA-DRB1*04:01:01	1.0	1.0
HG00315	HLA-DQB1	02:01:01/02:02/02:04/03:02:01	HLA-DQB1*03:02:01/HLA-DQB1*02:02:01	1.0	1.0
HG00318	HLA-A	03:01:01:01/03:01:01:02N/03:01:01:03/03:01:07/03:20/03:21N/03:26/03:37/03:45/03:01:01:01/03:01:01:02N/03:01:01:03/03:01:07/03:20/03:21N/03:26/03:37/03:45	HLA-A*03:01:01/HLA-A*03:01:01	1.0	1.0
HG00318	HLA-B	07:02:01/07:02:06/07:02:09/07:44/07:49N/07:58/07:59/07:61/13:02:01/13:02:05	HLA-B*13:02:01/HLA-B*07:02:01	1.0	1.0
HG00318	HLA-C	06:02:01:01/06:02:01:02/06:02:03/07:02:01:01/07:02:01:02/07:02:01:03/07:50/07:66/07:74	HLA-C*07:02:01/HLA-C*06:02:01	1.0	1.0
HG00318	HLA-DRB1	04:04/07:01:01:01/07:01:01:02	HLA-DRB1*04:04:01/HLA-DRB1*07:01:01	1.0	1.0
HG00318	HLA-DQB1	02:01:01/02:02/02:04/03:02:01	HLA-DQB1*02:02:01/HLA-DQB1*03:02:01	1.0	1.0
HG00319	HLA-A	02:01:01:01/02:01:01:02L/02:01:01:03/02:01:08/02:01:11/02:01:14/02:01:15/02:01:21/02:09/02:43N/02:66/02:75/02:83N/02:89/02:97/02:132/02:134/02:140/03:01:01:01/03:01:01:02N/03:01:01:03/03:01:07/03:20/03:21N/03:26/03:37/03:45	HLA-A*03:01:01/HLA-A*02:01:01	1.0	1.0
HG00319	HLA-B	07:02:01/07:02:06/07:02:09/07:44/07:49N/07:58/07:59/07:61/56:01/56:24	HLA-B*07:02:01/HLA-B*56:01:01	1.0	1.0
HG00319	HLA-C	01:02:01/01:02:02/01:02:03/01:02:04/01:02:05/01:02:06/01:02:07/01:02:08/01:02:09/01:25/03:04:01/03:04:03	HLA-C*03:04:01/HLA-C*01:02:01	1.0	1.0
HG00319	HLA-DRB1	01:01:01/15:01:01:01/15:01:01:02	HLA-DRB1*01:01:01/HLA-DRB1*15:01:01	1.0	1.0
HG00319	HLA-DQB1	05:01:01/06:02:01	HLA-DQB1*06:02:01/HLA-DQB1*05:01:01	1.0	1.0
HG00320	HLA-A	03:01:01:01/03:01:01:02N/03:01:01:03/03:01:07/03:20/03:21N/03:26/03:37/03:45/30:01:01/30:01:02/30:24	HLA-A*30:01:01/HLA-A*03:01:01	1.0	1.0
HG00320	HLA-B	15:01:01:01/15:01:01:02N/15:01:06/15:01:07/15:102/15:104/15:140/15:146/35:01:01/35:01:03/35:40N/35:42/35:57/35:94	HLA-B*15:01:01/HLA-B*35:01:01	1.0	1.0
HG00320	HLA-C	03:03:01/03:20N/03:03:01/03:20N	HLA-C*03:03:01/HLA-C*03:03:01	1.0	1.0
HG00320	HLA-DRB1	08:01:01/08:01:03/08:01:01/08:01:03	HLA-DRB1*08:01:01/HLA-DRB1*08:01:01	1.0	1.0
HG00320	HLA-DQB1	04:02/04:02	HLA-DQB1*04:02:01/HLA-DQB1*04:02:01	1.0	1.0
HG00321	HLA-A	02:01:01:01/02:01:01:02L/02:01:01:03/02:01:08/02:01:11/02:01:14/02:01:15/02:01:21/02:09/02:43N/02:66/02:75/02:83N/02:89/02:97/02:132/02:134/02:140/02:01:01:01/02:01:01:02L/02:01:01:03/02:01:08/02:01:11/02:01:14/02:01:15/02:01:21/02:09/02:43N/02:66/02:75/02:83N/02:89/02:97/02:132/02:134/02:140	HLA-A*02:01:01/HLA-A*02:01:01	1.0	1.0
HG00321	HLA-B	15:01:01:01/15:01:01:02N/15:01:06/15:01:07/15:102/15:104/15:140/15:146/40:01:01/40:01:02/40:55	HLA-B*40:01:02/HLA-B*15:01:01	1.0	1.0
HG00321	HLA-C	03:04:01/03:04:03/03:03:01/03:20N	HLA-C*03:04:01/HLA-C*03:03:01	1.0	1.0
HG00321	HLA-DRB1	15:01:01:01/15:01:01:02/08:01:01/08:01:03	HLA-DRB1*15:01:01/HLA-DRB1*08:01:01	1.0	1.0
HG00321	HLA-DQB1	04:02/05:03:01	HLA-DQB1*04:02:01/HLA-DQB1*05:03:01	1.0	1.0
HG00323	HLA-A	24:02:01:01/24:02:01:02L/24:02:03/24:02:10/24:02:13/24:09N/24:11N/24:40N/24:76/24:79/24:83N/24:02:01:01/24:02:01:02L/24:02:03/24:02:10/24:02:13/24:09N/24:11N/24:40N/24:76/24:79/24:83N	HLA-A*24:02:01/HLA-A*24:02:01	1.0	1.0
HG00323	HLA-B	18:01:01/18:01:03/18:17N/40:01:01/40:01:02/40:55	HLA-B*40:01:02/HLA-B*18:01:01	1.0	1.0
HG00323	HLA-C	03:04:01/03:04:03/12:03:01:01/12:03:01:02/12:03:06	HLA-C*03:04:01/HLA-C*12:03:01	1.0	1.0
HG00323	HLA-DRB1	15:01:01:01/15:01:01:02/13:02:01	HLA-DRB1*15:01:01/HLA-DRB1*13:02:01	1.0	1.0
HG00323	HLA-DQB1	06:02:01/06:04:01/06:34	HLA-DQB1*06:02:01/HLA-DQB1*06:04:01	1.0	1.0
HG00324	HLA-A	03:01:01:01/03:01:01:02N/03:01:01:03/03:01:07/03:20/03:21N/03:26/03:37/03:45/68:01:02/68:11N/68:33	HLA-A*68:01:02/HLA-A*03:01:01	1.0	1.0
HG00324	HLA-B	35:01:01/35:01:03/35:40N/35:42/35:57/35:94/40:01:01/40:01:02/40:55	HLA-B*40:01:02/HLA-B*35:01:01	1.0	1.0
HG00324	HLA-C	03:04:01/03:04:03/04:01:01:01/04:01:01:02/04:01:01:03/04:09N/04:28/04:30/04:41	HLA-C*04:01:01/HLA-C*03:04:01	1.0	1.0
HG00324	HLA-DRB1	01:01:01/04:04	HLA-DRB1*01:01:01/HLA-DRB1*04:04:01	1.0	1.0
HG00324	HLA-DQB1	03:02:01/05:01:01	HLA-DQB1*03:02:01/HLA-DQB1*05:01:01	1.0	1.0
HG00325	HLA-A	03:01:01:01/03:01:01:02N/03:01:01:03/03:01:07/03:20/03:21N/03:26/03:37/03:45/68:01:02/68:11N/68:33	HLA-A*68:01:02/HLA-A*03:01:01	1.0	1.0
HG00325	HLA-B	35:01:01/35:01:03/35:40N/35:42/35:57/35:94/35:01:01/35:01:03/35:40N/35:42/35:57/35:94	HLA-B*35:01:01/HLA-B*35:01:01	1.0	1.0
HG00325	HLA-C	03:03:01/03:20N/04:01:01:01/04:01:01:02/04:01:01:03/04:09N/04:28/04:30/04:41	HLA-C*03:03:01/HLA-C*04:01:01	1.0	1.0
HG00325	HLA-DRB1	01:01:01/08:01:01/08:01:03	HLA-DRB1*08:01:01/HLA-DRB1*01:01:01	1.0	1.0
HG00325	HLA-DQB1	04:02/05:01:01	HLA-DQB1*04:02:01/HLA-DQB1*05:01:01	1.0	1.0
HG00326	HLA-A	02:01:01:01/02:01:01:02L/02:01:01:03/02:01:08/02:01:11/02:01:14/02:01:15/02:01:21/02:09/02:43N/02:66/02:75/02:83N/02:89/02:97/02:132/02:134/02:140/02:01:01:01/02:01:01:02L/02:01:01:03/02:01:08/02:01:11/02:01:14/02:01:15/02:01:21/02:09/02:43N/02:66/02:75/02:83N/02:89/02:97/02:132/02:134/02:140	HLA-A*02:01:01/HLA-A*02:01:01	1.0	1.0
HG00326	HLA-B	40:01:01/40:01:02/40:55/57:01:01	HLA-B*40:01:02/HLA-B*57:01:01	1.0	1.0
HG00326	HLA-C	03:04:01/03:04:03/06:02:01:01/06:02:01:02/06:02:03	HLA-C*03:04:01/HLA-C*06:02:01	1.0	1.0
HG00326	HLA-DRB1	04:01:01/07:01:01:01/07:01:01:02	HLA-DRB1*07:01:01/HLA-DRB1*04:01:01	1.0	1.0
HG00326	HLA-DQB1	03:02:01/03:03:02	HLA-DQB1*03:03:02/HLA-DQB1*03:02:01	1.0	1.0
HG00327	HLA-A	02:01:01:01/02:01:01:02L/02:01:01:03/02:01:08/02:01:11/02:01:14/02:01:15/02:01:21/02:09/02:43N/02:66/02:75/02:83N/02:89/02:97/02:132/02:134/02:140/02:01:01:01/02:01:01:02L/02:01:01:03/02:01:08/02:01:11/02:01:14/02:01:15/02:01:21/02:09/02:43N/02:66/02:75/02:83N/02:89/02:97/02:132/02:134/02:140	HLA-A*02:01:01/HLA-A*02:01:01	1.0	1.0
HG00327	HLA-B	08:01:01/08:19N/44:02:01:01/44:02:01:02S/44:19N/44:27/44:66	HLA-B*44:02:01/HLA-B*08:01:01	1.0	1.0
HG00327	HLA-C	05:01:01:01/05:01:01:02/05:01:04/05:01:05/05:03/07:01:01/07:01:02/07:01:09/07:06/07:18/07:52	HLA-C*05:01:01/HLA-C*07:01:01	1.0	1.0
HG00327	HLA-DRB1	03:01:01:01/03:01:01:02/12:01:01/12:06/12:10/12:17	HLA-DRB1*03:01:01/HLA-DRB1*12:01:01	1.0	1.0
HG00327	HLA-DQB1	02:01:01/02:02/02:04/03:01:01/03:01:04/03:09/03:19/03:21/03:22/03:24	HLA-DQB1*02:01:01/HLA-DQB1*03:01:01	1.0	1.0
HG00328	HLA-A	02:01:01:01/02:01:01:02L/02:01:01:03/02:01:08/02:01:11/02:01:14/02:01:15/02:01:21/02:09/02:43N/02:66/02:75/02:83N/02:89/02:97/02:132/02:134/02:140/02:01:01:01/02:01:01:02L/02:01:01:03/02:01:08/02:01:11/02:01:14/02:01:15/02:01:21/02:09/02:43N/02:66/02:75/02:83N/02:89/02:97/02:132/02:134/02:140	HLA-A*02:01:01/HLA-A*02:01:01	1.0	1.0
HG00328	HLA-B	15:01:01:01/15:01:01:02N/15:01:06/15:01:07/15:102/15:104/15:140/15:146/27:05:02/27:05:04/27:13	HLA-B*27:05:02/HLA-B*15:01:01	1.0	1.0
HG00328	HLA-C	01:02:01/01:02:02/01:02:03/01:02:04/01:02:05/01:02:06/01:02:07/01:02:08/01:02:09/01:25/03:03:01/03:20N	HLA-C*03:03:01/HLA-C*01:02:01	1.0	1.0
HG00328	HLA-DRB1	04:08/10:01:01	HLA-DRB1*10:01:01/HLA-DRB1*04:08:01	1.0	1.0
HG00328	HLA-DQB1	03:01:01/03:01:04/03:09/03:19/03:21/03:22/03:24/05:01:01	HLA-DQB1*05:01:01/HLA-DQB1*03:01:01	1.0	1.0
HG00329	HLA-A	02:01:01:01/02:01:01:02L/02:01:01:03/02:01:08/02:01:11/02:01:14/02:01:15/02:01:21/02:09/02:43N/02:66/02:75/02:83N/02:89/02:97/02:132/02:134/02:140/31:01:02/31:14N/31:23	HLA-A*31:01:02/HLA-A*02:01:01	1.0	1.0
HG00329	HLA-B	15:01:01:01/15:01:01:02N/15:01:06/15:01:07/15:102/15:104/15:140/15:146/51:01:01/51:01:05/51:01:07/51:11N/51:30/51:32/51:48/51:51	HLA-B*15:01:01/HLA-B*51:224	1.0	0.0
HG00329	HLA-C	03:03:01/03:20N/15:02:01/15:13	HLA-C*03:03:01/HLA-C*15:02:01	1.0	1.0
HG00329	HLA-DRB1	01:01:01/13:01:01	HLA-DRB1*01:01:01/HLA-DRB1*13:01:01	1.0	1.0
HG00329	HLA-DQB1	05:01:01/06:03:01	HLA-DQB1*06:03:01/HLA-DQB1*05:01:01	1.0	1.0
HG00330	HLA-A	01:01:01:01/01:01:01:02N/01:04N/01:22N/01:32/01:34N/01:37/02:01:01:01/02:01:01:02L/02:01:01:03/02:01:08/02:01:11/02:01:14/02:01:15/02:01:21/02:09/02:43N/02:66/02:75/02:83N/02:89/02:97/02:132/02:134/02:140	HLA-A*01:01:01/HLA-A*02:01:01	1.0	1.0
HG00330	HLA-B	15:01:01:01/15:01:01:02N/15:01:06/15:01:07/15:102/15:104/15:140/15:146/57:01:01	HLA-B*57:01:01/HLA-B*15:01:01	1.0	1.0
HG00330	HLA-C	03:03:01/03:20N/06:02:01:01/06:02:01:02/06:02:03	HLA-C*03:03:01/HLA-C*06:02:01	1.0	1.0
HG00330	HLA-DRB1	13:01:01/07:01:01:01/07:01:01:02	HLA-DRB1*13:01:01/HLA-DRB1*07:01:01	1.0	1.0
HG00330	HLA-DQB1	03:03:02/06:03:01	HLA-DQB1*03:03:02/HLA-DQB1*06:03:01	1.0	1.0
HG00331	HLA-A	02:01:01:01/02:01:01:02L/02:01:01:03/02:01:08/02:01:11/02:01:14/02:01:15/02:01:21/02:09/02:43N/02:66/02:75/02:83N/02:89/02:97/02:132/02:134/02:140/02:01:01:01/02:01:01:02L/02:01:01:03/02:01:08/02:01:11/02:01:14/02:01:15/02:01:21/02:09/02:43N/02:66/02:75/02:83N/02:89/02:97/02:132/02:134/02:140	HLA-A*02:01:01/HLA-A*02:01:01	1.0	1.0
HG00331	HLA-B	15:01:01:01/15:01:01:02N/15:01:06/15:01:07/15:102/15:104/15:140/15:146/35:01:01/35:01:03/35:40N/35:42/35:57/35:94	HLA-B*15:01:01/HLA-B*35:01:01	1.0	1.0
HG00331	HLA-C	03:04:01/03:04:03/04:01:01:01/04:01:01:02/04:01:01:03/04:09N/04:28/04:30/04:41	HLA-C*03:04:01/HLA-C*04:01:01	1.0	1.0
HG00331	HLA-DRB1	14:01:01/14:54/04:04	HLA-DRB1*14:01:01/HLA-DRB1*04:04:01	1.0	1.0
HG00331	HLA-DQB1	03:02:01/05:03:01	HLA-DQB1*03:02:01/HLA-DQB1*05:03:01	1.0	1.0
HG00332	HLA-A	02:01:01:01/02:01:01:02L/02:01:01:03/02:01:08/02:01:11/02:01:14/02:01:15/02:01:21/02:09/02:43N/02:66/02:75/02:83N/02:89/02:97/02:132/02:134/02:140/03:01:01:01/03:01:01:02N/03:01:01:03/03:01:07/03:20/03:21N/03:26/03:37/03:45	HLA-A*03:01:01/HLA-A*02:01:01	1.0	1.0
HG00332	HLA-B	07:02:01/07:02:06/07:02:09/07:44/07:49N/07:58/07:59/07:61/35:01:01/35:01:03/35:40N/35:42/35:57/35:94	HLA-B*35:01:01/HLA-B*07:02:01	1.0	1.0
HG00332	HLA-C	04:01:01:01/04:01:01:02/04:01:01:03/04:09N/04:28/04:30/04:41/07:02:01:01/07:02:01:02/07:02:01:03/07:50/07:66/07:74	HLA-C*07:02:01/HLA-C*04:01:01	1.0	1.0
HG00332	HLA-DRB1	01:01:01/15:01:01:01/15:01:01:02	HLA-DRB1*01:01:01/HLA-DRB1*15:01:01	1.0	1.0
HG00332	HLA-DQB1	05:01:01/06:02:01	HLA-DQB1*06:02:01/HLA-DQB1*05:01:01	1.0	1.0
HG00334	HLA-A	02:01:01:01/02:01:01:02L/02:01:01:03/02:01:08/02:01:11/02:01:14/02:01:15/02:01:21/02:09/02:43N/02:66/02:75/02:83N/02:89/02:97/02:132/02:134/02:140/32:01:01/32:01:02	HLA-A*32:01:01/HLA-A*02:01:01	1.0	1.0
HG00334	HLA-B	15:01:01:01/15:01:01:02N/15:01:06/15:01:07/15:102/15:104/15:140/15:146/39:01:01:01/39:01:01:02L/39:01:03/39:46	HLA-B*39:01:01/HLA-B*15:01:01	1.0	1.0
HG00334	HLA-C	04:01:01:01/04:01:01:02/04:01:01:03/04:09N/04:28/04:30/04:41/07:02:01:01/07:02:01:02/07:02:01:03/07:50/07:66/07:74	HLA-C*07:02:01/HLA-C*04:01:01	1.0	1.0
HG00334	HLA-DRB1	11:01:01/11:01:08/08:01:01/08:01:03	HLA-DRB1*08:01:01/HLA-DRB1*11:01:01	1.0	1.0
HG00334	HLA-DQB1	03:01:01/03:01:04/03:09/03:19/03:21/03:22/03:24/04:02	HLA-DQB1*04:02:01/HLA-DQB1*03:01:01	1.0	1.0
HG00335	HLA-A	01:01:01:01/01:01:01:02N/01:04N/01:22N/01:32/01:34N/01:37/02:01:01:01/02:01:01:02L/02:01:01:03/02:01:08/02:01:11/02:01:14/02:01:15/02:01:21/02:09/02:43N/02:66/02:75/02:83N/02:89/02:97/02:132/02:134/02:140	HLA-A*01:01:01/HLA-A*02:01:01	1.0	1.0
HG00335	HLA-B	15:01:01:01/15:01:01:02N/15:01:06/15:01:07/15:102/15:104/15:140/15:146/27:05:02/27:05:04/27:13	HLA-B*27:05:02/HLA-B*15:01:01	1.0	1.0
HG00335	HLA-C	02:02:02/04:01:01:01/04:01:01:02/04:01:01:03/04:09N/04:28/04:30/04:41	HLA-C*04:01:01/HLA-C*02:02:02	1.0	1.0
HG00335	HLA-DRB1	11:01:01/11:01:08/04:01:01	HLA-DRB1*04:01:01/HLA-DRB1*11:01:01	1.0	1.0
HG00335	HLA-DQB1	03:02:01/03:01:01/03:01:04/03:09/03:19/03:21/03:22/03:24	HLA-DQB1*03:02:01/HLA-DQB1*03:01:01	1.0	1.0
HG00336	HLA-A	01:01:01:01/01:01:01:02N/01:04N/01:22N/01:32/01:34N/01:37/03:01:01:01/03:01:01:02N/03:01:01:03/03:01:07/03:20/03:21N/03:26/03:37/03:45	HLA-A*01:01:01/HLA-A*03:01:01	1.0	1.0
HG00336	HLA-B	08:01:01/08:19N/35:01:01/35:01:03/35:40N/35:42/35:57/35:94	HLA-B*08:01:01/HLA-B*35:01:01	1.0	1.0
HG00336	HLA-C	04:01:01:01/04:01:01:02/04:01:01:03/04:09N/04:28/04:30/04:41/07:01:01/07:01:02/07:01:09/07:06/07:18/07:52	HLA-C*04:01:01/HLA-C*07:01:01	1.0	1.0
HG00336	HLA-DRB1	01:01:01/15:01:01:01/15:01:01:02	HLA-DRB1*01:01:01/HLA-DRB1*15:01:01	1.0	1.0
HG00336	HLA-DQB1	05:01:01/06:02:01	HLA-DQB1*06:02:01/HLA-DQB1*05:01:01	1.0	1.0
HG00337	HLA-A	03:01:01:01/03:01:01:02N/03:01:01:03/03:01:07/03:20/03:21N/03:26/03:37/03:45/03:01:01:01/03:01:01:02N/03:01:01:03/03:01:07/03:20/03:21N/03:26/03:37/03:45	HLA-A*03:01:01/HLA-A*03:01:01	1.0	1.0
HG00337	HLA-B	07:02:01/07:02:06/07:02:09/07:44/07:49N/07:58/07:59/07:61/07:02:01/07:02:06/07:02:09/07:44/07:49N/07:58/07:59/07:61	HLA-B*07:02:01/HLA-B*07:02:01	1.0	1.0
HG00337	HLA-C	07:02:01:01/07:02:01:02/07:02:01:03/07:50/07:66/07:74/07:02:01:01/07:02:01:02/07:02:01:03/07:50/07:66/07:74	HLA-C*07:02:01/HLA-C*07:02:01	1.0	1.0
HG00337	HLA-DRB1	13:01:01/13:02:01	HLA-DRB1*13:01:01/HLA-DRB1*13:02:01	1.0	1.0
HG00337	HLA-DQB1	06:03:01/06:04:01/06:34	HLA-DQB1*06:04:01/HLA-DQB1*06:03:01	1.0	1.0
HG00338	HLA-A	03:01:01:01/03:01:01:02N/03:01:01:03/03:01:07/03:20/03:21N/03:26/03:37/03:45/68:01:02/68:11N/68:33	HLA-A*68:01:02/HLA-A*03:01:01	1.0	1.0
HG00338	HLA-B	35:01:01/35:01:03/35:40N/35:42/35:57/35:94/44:02:01:01/44:02:01:02S/44:19N/44:27/44:66	HLA-B*35:01:01/HLA-B*44:02:01	1.0	1.0
HG00338	HLA-C	04:01:01:01/04:01:01:02/04:01:01:03/04:09N/04:28/04:30/04:41/05:01:01:01/05:01:01:02/05:01:04/05:01:05/05:03	HLA-C*05:01:01/HLA-C*04:01:01	1.0	1.0
HG00338	HLA-DRB1	01:01:01/13:01:01	HLA-DRB1*13:01:01/HLA-DRB1*01:01:01	1.0	1.0
HG00338	HLA-DQB1	05:01:01/06:03:01	HLA-DQB1*05:01:01/HLA-DQB1*06:03:01	1.0	1.0
HG00339	HLA-A	01:01:01:01/01:01:01:02N/01:04N/01:22N/01:32/01:34N/01:37/68:01:01/68:01:07	HLA-A*68:01:01/HLA-A*01:01:01	1.0	1.0
HG00339	HLA-B	27:05:02/27:05:04/27:13/40:02:01/40:56/40:97	HLA-B*27:05:02/HLA-B*40:02:01	1.0	1.0
HG00339	HLA-C	02:02:02/03:04:01/03:04:03	HLA-C*02:02:02/HLA-C*03:04:01	1.0	1.0
HG00339	HLA-DRB1	01:01:01/08:02	HLA-DRB1*08:02:01/HLA-DRB1*01:01:01	1.0	1.0
HG00339	HLA-DQB1	04:02/05:01:01	HLA-DQB1*04:02:01/HLA-DQB1*05:01:01	1.0	1.0
HG00341	HLA-A	01:02/68:01:02/68:11N/68:33	HLA-A*01:02:01/HLA-A*68:01:02	1.0	1.0
HG00341	HLA-B	40:01:01/40:01:02/40:55/57:01:01	HLA-B*40:01:02/HLA-B*57:01:01	1.0	1.0
HG00341	HLA-C	03:04:01/03:04:03/06:02:01:01/06:02:01:02/06:02:03	HLA-C*03:04:01/HLA-C*06:02:01	1.0	1.0
HG00341	HLA-DRB1	04:02/09:01:02	HLA-DRB1*09:01:02/HLA-DRB1*04:02:01	1.0	1.0
HG00341	HLA-DQB1	03:02:01/03:03:02	HLA-DQB1*03:03:02/HLA-DQB1*03:02:01	1.0	1.0
HG00342	HLA-A	02:01:01:01/02:01:01:02L/02:01:01:03/02:01:08/02:01:11/02:01:14/02:01:15/02:01:21/02:09/02:43N/02:66/02:75/02:83N/02:89/02:97/02:132/02:134/02:140/11:01:01/11:21N	HLA-A*11:01:01/HLA-A*02:01:01	1.0	1.0
HG00342	HLA-B	13:02:01/13:02:05/44:02:01:01/44:02:01:02S/44:19N/44:27/44:66	HLA-B*13:02:01/HLA-B*44:02:01	1.0	1.0
HG00342	HLA-C	05:01:01:01/05:01:01:02/05:01:04/05:01:05/05:03/06:02:01:01/06:02:01:02/06:02:03	HLA-C*06:02:01/HLA-C*05:01:01	1.0	1.0
HG00342	HLA-DRB1	12:01:01/12:06/12:10/12:17/09:01:02	HLA-DRB1*09:01:02/HLA-DRB1*12:01:01	1.0	1.0
HG00342	HLA-DQB1	03:03:02/03:01:01/03:01:04/03:09/03:19/03:21/03:22/03:24	HLA-DQB1*03:03:02/HLA-DQB1*03:01:01	1.0	1.0
HG00343	HLA-A	03:01:01:01/03:01:01:02N/03:01:01:03/03:01:07/03:20/03:21N/03:26/03:37/03:45/32:01:01/32:01:02	HLA-A*32:01:01/HLA-A*03:01:01	1.0	1.0
HG00343	HLA-B	35:01:01/35:01:03/35:40N/35:42/35:57/35:94/39:01:01:01/39:01:01:02L/39:01:03/39:46	HLA-B*39:01:01/HLA-B*35:01:01	1.0	1.0
HG00343	HLA-C	04:01:01:01/04:01:01:02/04:01:01:03/04:09N/04:28/04:30/04:41/07:02:01:01/07:02:01:02/07:02:01:03/07:50/07:66/07:74	HLA-C*07:02:01/HLA-C*04:01:01	1.0	1.0
HG00343	HLA-DRB1	01:01:01/08:01:01/08:01:03	HLA-DRB1*01:01:01/HLA-DRB1*08:01:01	1.0	1.0
HG00343	HLA-DQB1	04:02/05:01:01	HLA-DQB1*04:02:01/HLA-DQB1*05:01:01	1.0	1.0
HG00344	HLA-A	02:01:01:01/02:01:01:02L/02:01:01:03/02:01:08/02:01:11/02:01:14/02:01:15/02:01:21/02:09/02:43N/02:66/02:75/02:83N/02:89/02:97/02:132/02:134/02:140/03:01:01:01/03:01:01:02N/03:01:01:03/03:01:07/03:20/03:21N/03:26/03:37/03:45	HLA-A*03:01:01/HLA-A*02:01:01	1.0	1.0
HG00344	HLA-B	07:02:01/07:02:06/07:02:09/07:44/07:49N/07:58/07:59/07:61/07:02:01/07:02:06/07:02:09/07:44/07:49N/07:58/07:59/07:61	HLA-B*07:02:01/HLA-B*07:02:01	1.0	1.0
HG00344	HLA-C	07:02:01:01/07:02:01:02/07:02:01:03/07:50/07:66/07:74/07:02:01:01/07:02:01:02/07:02:01:03/07:50/07:66/07:74	HLA-C*07:02:01/HLA-C*07:02:01	1.0	1.0
HG00344	HLA-DRB1	15:01:01:01/15:01:01:02/15:01:01:01/15:01:01:02	HLA-DRB1*15:01:01/HLA-DRB1*15:01:01	1.0	1.0
HG00344	HLA-DQB1	06:02:01/06:02:01	HLA-DQB1*06:02:01/HLA-DQB1*06:02:01	1.0	1.0
HG00345	HLA-A	01:01:01:01/01:01:01:02N/01:04N/01:22N/01:32/01:34N/01:37/03:01:01:01/03:01:01:02N/03:01:01:03/03:01:07/03:20/03:21N/03:26/03:37/03:45	HLA-A*01:01:01/HLA-A*03:01:01	1.0	1.0
HG00345	HLA-B	08:01:01/08:19N/35:01:01/35:01:03/35:40N/35:42/35:57/35:94	HLA-B*35:01:01/HLA-B*08:01:01	1.0	1.0
HG00345	HLA-C	04:01:01:01/04:01:01:02/04:01:01:03/04:09N/04:28/04:30/04:41/07:01:01/07:01:02/07:01:09/07:06/07:18/07:52	HLA-C*07:01:01/HLA-C*04:01:01	1.0	1.0
HG00345	HLA-DRB1	01:01:01/03:01:01:01/03:01:01:02	HLA-DRB1*01:01:01/HLA-DRB1*03:01:01	1.0	1.0
HG00345	HLA-DQB1	02:01:01/02:02/02:04/05:01:01	HLA-DQB1*02:01:01/HLA-DQB1*05:01:01	1.0	1.0
HG00346	HLA-A	03:01:01:01/03:01:01:02N/03:01:01:03/03:01:07/03:20/03:21N/03:26/03:37/03:45/31:01:02/31:14N/31:23	HLA-A*03:01:01/HLA-A*31:01:02	1.0	1.0
HG00346	HLA-B	18:01:01/18:01:03/18:17N/51:01:01/51:01:05/51:01:07/51:11N/51:30/51:32/51:48/51:51	HLA-B*18:01:01/HLA-B*51:01:01	1.0	1.0
HG00346	HLA-C	07:01:01/07:01:02/07:01:09/07:06/07:18/07:52/14:02:01	HLA-C*07:01:01/HLA-C*14:02:01	1.0	1.0
HG00346	HLA-DRB1	15:01:01:01/15:01:01:02/13:01:01	HLA-DRB1*15:01:01/HLA-DRB1*13:01:01	1.0	1.0
HG00346	HLA-DQB1	06:02:01/06:03:01	HLA-DQB1*06:02:01/HLA-DQB1*06:03:01	1.0	1.0
HG00349	HLA-A	01:01:01:01/01:01:01:02N/01:04N/01:22N/01:32/01:34N/01:37/68:01:01/68:01:07	HLA-A*68:01:01/HLA-A*01:01:01	1.0	1.0
HG00349	HLA-B	08:01:01/08:19N/27:05:02/27:05:04/27:13	HLA-B*08:01:01/HLA-B*27:05:02	1.0	1.0
HG00349	HLA-C	02:02:02/07:01:01/07:01:02/07:01:09/07:06/07:18/07:52	HLA-C*07:01:01/HLA-C*02:02:02	1.0	1.0
HG00349	HLA-DRB1	01:01:01/03:01:01:01/03:01:01:02	HLA-DRB1*01:01:01/HLA-DRB1*03:01:01	1.0	1.0
HG00349	HLA-DQB1	02:01:01/02:02/02:04/05:01:01	HLA-DQB1*05:01:01/HLA-DQB1*02:01:01	1.0	1.0
HG00350	HLA-A	02:01:01:01/02:01:01:02L/02:01:01:03/02:01:08/02:01:11/02:01:14/02:01:15/02:01:21/02:09/02:43N/02:66/02:75/02:83N/02:89/02:97/02:132/02:134/02:140/02:01:01:01/02:01:01:02L/02:01:01:03/02:01:08/02:01:11/02:01:14/02:01:15/02:01:21/02:09/02:43N/02:66/02:75/02:83N/02:89/02:97/02:132/02:134/02:140	HLA-A*02:01:01/HLA-A*02:01:01	1.0	1.0
HG00350	HLA-B	15:01:01:01/15:01:01:02N/15:01:06/15:01:07/15:102/15:104/15:140/15:146/15:01:01:01/15:01:01:02N/15:01:06/15:01:07/15:102/15:104/15:140/15:146	HLA-B*15:01:01/HLA-B*15:01:01	1.0	1.0
HG00350	HLA-C	03:04:01/03:04:03/04:01:01:01/04:01:01:02/04:01:01:03/04:09N/04:28/04:30/04:41	HLA-C*03:04:01/HLA-C*04:01:01	1.0	1.0
HG00350	HLA-DRB1	01:01:01/04:01:01	HLA-DRB1*01:01:01/HLA-DRB1*04:01:01	1.0	1.0
HG00350	HLA-DQB1	03:02:01/05:01:01	HLA-DQB1*05:01:01/HLA-DQB1*03:02:01	1.0	1.0
HG00351	HLA-A	02:01:01:01/02:01:01:02L/02:01:01:03/02:01:08/02:01:11/02:01:14/02:01:15/02:01:21/02:09/02:43N/02:66/02:75/02:83N/02:89/02:97/02:132/02:134/02:140/24:02:01:01/24:02:01:02L/24:02:03/24:02:10/24:02:13/24:09N/24:11N/24:40N/24:76/24:79/24:83N	HLA-A*02:01:01/HLA-A*24:02:01	1.0	1.0
HG00351	HLA-B	07:02:01/07:02:06/07:02:09/07:44/07:49N/07:58/07:59/07:61/38:01:01	HLA-B*38:01:01/HLA-B*07:02:01	1.0	1.0
HG00351	HLA-C	07:02:01:01/07:02:01:02/07:02:01:03/07:50/07:66/07:74/12:03:01:01/12:03:01:02/12:03:06	HLA-C*07:02:01/HLA-C*12:03:01	1.0	1.0
HG00351	HLA-DRB1	15:01:01:01/15:01:01:02/13:01:01	HLA-DRB1*13:01:01/HLA-DRB1*15:01:01	1.0	1.0
HG00351	HLA-DQB1	06:02:01/06:03:01	HLA-DQB1*06:03:01/HLA-DQB1*06:02:01	1.0	1.0
HG00353	HLA-A	31:01:02/31:14N/31:23/32:01:01/32:01:02	HLA-A*31:01:02/HLA-A*32:01:01	1.0	1.0
HG00353	HLA-B	18:01:01/18:01:03/18:17N/44:02:01:01/44:02:01:02S/44:19N/44:27/44:66	HLA-B*44:02:01/HLA-B*18:01:01	1.0	1.0
HG00353	HLA-C	05:01:01:01/05:01:01:02/05:01:04/05:01:05/05:03/07:01:01/07:01:02/07:01:09/07:06/07:18/07:52	HLA-C*07:01:01/HLA-C*05:01:01	1.0	1.0
HG00353	HLA-DRB1	15:01:01:01/15:01:01:02/15:01:01:01/15:01:01:02	HLA-DRB1*15:01:01/HLA-DRB1*15:01:01	1.0	1.0
HG00353	HLA-DQB1	06:02:01/06:02:01	HLA-DQB1*06:02:01/HLA-DQB1*06:02:01	1.0	1.0
HG00355	HLA-A	03:01:01:01/03:01:01:02N/03:01:01:03/03:01:07/03:20/03:21N/03:26/03:37/03:45/29:02:01	HLA-A*29:02:01/HLA-A*03:01:01	1.0	1.0
HG00355	HLA-B	44:03:01/44:03:03/44:03:04/47:01:01:01/47:01:01:02	HLA-B*47:01:01/HLA-B*44:03:01	1.0	1.0
HG00355	HLA-C	06:02:01:01/06:02:01:02/06:02:03/16:01:01	HLA-C*06:02:01/HLA-C*16:01:01	1.0	1.0
HG00355	HLA-DRB1	15:01:01:01/15:01:01:02/07:01:01:01/07:01:01:02	HLA-DRB1*07:01:01/HLA-DRB1*15:01:01	1.0	1.0
HG00355	HLA-DQB1	02:01:01/02:02/02:04/06:02:01	HLA-DQB1*02:02:01/HLA-DQB1*06:02:01	1.0	1.0
HG00356	HLA-A	01:01:01:01/01:01:01:02N/01:04N/01:22N/01:32/01:34N/01:37/24:02:01:01/24:02:01:02L/24:02:03/24:02:10/24:02:13/24:09N/24:11N/24:40N/24:76/24:79/24:83N	HLA-A*24:02:01/HLA-A*01:01:01	1.0	1.0
HG00356	HLA-B	08:01:01/08:19N/40:01:01/40:01:02/40:55	HLA-B*40:01:02/HLA-B*08:01:01	1.0	1.0
HG00356	HLA-C	03:04:01/03:04:03/07:01:01/07:01:02/07:01:09/07:06/07:18/07:52	HLA-C*07:01:01/HLA-C*03:04:01	1.0	1.0
HG00356	HLA-DRB1	03:01:01:01/03:01:01:02/08:01:01/08:01:03	HLA-DRB1*03:01:01/HLA-DRB1*08:01:01	1.0	1.0
HG00356	HLA-DQB1	02:01:01/02:02/02:04/04:02	HLA-DQB1*02:01:01/HLA-DQB1*04:02:01	1.0	1.0
HG00357	HLA-A	01:01:01:01/01:01:01:02N/01:04N/01:22N/01:32/01:34N/01:37/02:01:01:01/02:01:01:02L/02:01:01:03/02:01:08/02:01:11/02:01:14/02:01:15/02:01:21/02:09/02:43N/02:66/02:75/02:83N/02:89/02:97/02:132/02:134/02:140	HLA-A*02:01:01/HLA-A*01:01:01	1.0	1.0
HG00357	HLA-B	08:01:01/08:19N/57:01:01	HLA-B*57:01:01/HLA-B*08:01:01	1.0	1.0
HG00357	HLA-C	06:02:01:01/06:02:01:02/06:02:03/07:01:01/07:01:02/07:01:09/07:06/07:18/07:52	HLA-C*07:01:01/HLA-C*06:02:01	1.0	1.0
HG00357	HLA-DRB1	03:01:01:01/03:01:01:02/07:01:01:01/07:01:01:02	HLA-DRB1*07:01:01/HLA-DRB1*03:01:01	1.0	1.0
HG00357	HLA-DQB1	02:01:01/02:02/02:04/03:03:02	HLA-DQB1*03:03:02/HLA-DQB1*02:01:01	1.0	1.0
HG00358	HLA-A	02:01:01:01/02:01:01:02L/02:01:01:03/02:01:08/02:01:11/02:01:14/02:01:15/02:01:21/02:09/02:43N/02:66/02:75/02:83N/02:89/02:97/02:132/02:134/02:140/03:01:01:01/03:01:01:02N/03:01:01:03/03:01:07/03:20/03:21N/03:26/03:37/03:45	HLA-A*03:01:01/HLA-A*02:01:01	1.0	1.0
HG00358	HLA-B	27:05:02/27:05:04/27:13/47:01:01:01/47:01:01:02	HLA-B*47:01:01/HLA-B*27:05:02	1.0	1.0
HG00358	HLA-C	01:02:01/01:02:02/01:02:03/01:02:04/01:02:05/01:02:06/01:02:07/01:02:08/01:02:09/01:25/06:02:01:01/06:02:01:02/06:02:03	HLA-C*01:02:01/HLA-C*06:02:01	1.0	1.0
HG00358	HLA-DRB1	15:01:01:01/15:01:01:02/04:08	HLA-DRB1*04:08:01/HLA-DRB1*15:01:01	1.0	1.0
HG00358	HLA-DQB1	03:01:01/03:01:04/03:09/03:19/03:21/03:22/03:24/06:02:01	HLA-DQB1*06:02:01/HLA-DQB1*03:01:01	1.0	1.0
HG00360	HLA-A	02:01:01:01/02:01:01:02L/02:01:01:03/02:01:08/02:01:11/02:01:14/02:01:15/02:01:21/02:09/02:43N/02:66/02:75/02:83N/02:89/02:97/02:132/02:134/02:140/24:02:01:01/24:02:01:02L/24:02:03/24:02:10/24:02:13/24:09N/24:11N/24:40N/24:76/24:79/24:83N	HLA-A*24:02:01/HLA-A*02:01:01	1.0	1.0
HG00360	HLA-B	39:01:01:01/39:01:01:02L/39:01:03/39:46/44:02:01:01/44:02:01:02S/44:19N/44:27/44:66	HLA-B*39:01:01/HLA-B*44:02:01	1.0	1.0
HG00360	HLA-C	05:01:01:01/05:01:01:02/05:01:04/05:01:05/05:03/07:02:01:01/07:02:01:02/07:02:01:03/07:50/07:66/07:74	HLA-C*05:01:01/HLA-C*07:02:01	1.0	1.0
HG00360	HLA-DRB1	04:01:01/04:04	HLA-DRB1*04:01:01/HLA-DRB1*04:04:01	1.0	1.0
HG00360	HLA-DQB1	03:02:01/03:01:01/03:01:04/03:09/03:19/03:21/03:22/03:24	HLA-DQB1*03:02:01/HLA-DQB1*03:01:01	1.0	1.0
HG00361	HLA-A	03:01:01:01/03:01:01:02N/03:01:01:03/03:01:07/03:20/03:21N/03:26/03:37/03:45/24:02:01:01/24:02:01:02L/24:02:03/24:02:10/24:02:13/24:09N/24:11N/24:40N/24:76/24:79/24:83N	HLA-A*03:01:01/HLA-A*24:02:01	1.0	1.0
HG00361	HLA-B	07:02:01/07:02:06/07:02:09/07:44/07:49N/07:58/07:59/07:61/35:01:01/35:01:03/35:40N/35:42/35:57/35:94	HLA-B*07:02:01/HLA-B*35:01:01	1.0	1.0
HG00361	HLA-C	04:01:01:01/04:01:01:02/04:01:01:03/04:09N/04:28/04:30/04:41/07:02:01:01/07:02:01:02/07:02:01:03/07:50/07:66/07:74	HLA-C*07:02:01/HLA-C*04:01:01	1.0	1.0
HG00361	HLA-DRB1	01:01:01/15:01:01:01/15:01:01:02	HLA-DRB1*01:01:01/HLA-DRB1*15:01:01	1.0	1.0
HG00361	HLA-DQB1	05:01:01/06:02:01	HLA-DQB1*05:01:01/HLA-DQB1*06:02:01	1.0	1.0
HG00362	HLA-A	02:01:01:01/02:01:01:02L/02:01:01:03/02:01:08/02:01:11/02:01:14/02:01:15/02:01:21/02:09/02:43N/02:66/02:75/02:83N/02:89/02:97/02:132/02:134/02:140/11:01:01/11:21N	HLA-A*11:01:01/HLA-A*02:01:01	1.0	1.0
HG00362	HLA-B	27:05:02/27:05:04/27:13/44:02:01:01/44:02:01:02S/44:19N/44:27/44:66	HLA-B*27:05:02/HLA-B*44:02:01	1.0	1.0
HG00362	HLA-C	01:02:01/01:02:02/01:02:03/01:02:04/01:02:05/01:02:06/01:02:07/01:02:08/01:02:09/01:25/05:01:01:01/05:01:01:02/05:01:04/05:01:05/05:03	HLA-C*05:01:01/HLA-C*01:02:01	1.0	1.0
HG00362	HLA-DRB1	01:01:01/04:04	HLA-DRB1*01:01:01/HLA-DRB1*04:04:01	1.0	1.0
HG00362	HLA-DQB1	03:02:01/05:01:01	HLA-DQB1*05:01:01/HLA-DQB1*03:02:01	1.0	1.0
HG00364	HLA-A	03:01:01:01/03:01:01:02N/03:01:01:03/03:01:07/03:20/03:21N/03:26/03:37/03:45/03:01:01:01/03:01:01:02N/03:01:01:03/03:01:07/03:20/03:21N/03:26/03:37/03:45	HLA-A*03:01:01/HLA-A*03:01:01	1.0	1.0
HG00364	HLA-B	35:01:01/35:01:03/35:40N/35:42/35:57/35:94/67:01:02	HLA-B*67:01:02/HLA-B*35:01:01	1.0	1.0
HG00364	HLA-C	04:01:01:01/04:01:01:02/04:01:01:03/04:09N/04:28/04:30/04:41/12:03:01:01/12:03:01:02/12:03:06	HLA-C*04:01:01/HLA-C*12:03:01	1.0	1.0
HG00364	HLA-DRB1	01:01:01/01:01:01	HLA-DRB1*01:01:01/HLA-DRB1*01:01:01	1.0	1.0
HG00364	HLA-DQB1	05:01:01/05:01:01	HLA-DQB1*05:01:01/HLA-DQB1*05:01:01	1.0	1.0
HG00365	HLA-A	26:01:01/26:01:07/26:24/26:26/31:01:02/31:14N/31:23	HLA-A*31:01:02/HLA-A*26:01:01	1.0	1.0
HG00365	HLA-B	44:02:01:01/44:02:01:02S/44:19N/44:27/44:66/56:01/56:24	HLA-B*44:02:01/HLA-B*56:01:01	1.0	1.0
HG00365	HLA-C	03:04:01/03:04:03/07:04:01/07:11	HLA-C*07:04:01/HLA-C*03:04:01	1.0	1.0
HG00365	HLA-DRB1	01:01:01/11:01:01/11:01:08	HLA-DRB1*01:01:01/HLA-DRB1*11:01:01	1.0	1.0
HG00365	HLA-DQB1	03:01:01/03:01:04/03:09/03:19/03:21/03:22/03:24/05:01:01	HLA-DQB1*05:01:01/HLA-DQB1*03:01:01	1.0	1.0
HG00366	HLA-A	02:01:01:01/02:01:01:02L/02:01:01:03/02:01:08/02:01:11/02:01:14/02:01:15/02:01:21/02:09/02:43N/02:66/02:75/02:83N/02:89/02:97/02:132/02:134/02:140/24:02:01:01/24:02:01:02L/24:02:03/24:02:10/24:02:13/24:09N/24:11N/24:40N/24:76/24:79/24:83N	HLA-A*24:02:01/HLA-A*02:01:01	1.0	1.0
HG00366	HLA-B	07:02:01/07:02:06/07:02:09/07:44/07:49N/07:58/07:59/07:61/15:01:01:01/15:01:01:02N/15:01:06/15:01:07/15:102/15:104/15:140/15:146	HLA-B*15:01:01/HLA-B*07:02:01	1.0	1.0
HG00366	HLA-C	03:03:01/03:20N/07:02:01:01/07:02:01:02/07:02:01:03/07:50/07:66/07:74	HLA-C*03:03:01/HLA-C*07:02:01	1.0	1.0
HG00366	HLA-DRB1	04:01:01/09:01:02	HLA-DRB1*09:01:02/HLA-DRB1*04:01:01	1.0	1.0
HG00366	HLA-DQB1	03:02:01/03:03:02	HLA-DQB1*03:02:01/HLA-DQB1*03:03:02	1.0	1.0
HG00367	HLA-A	03:01:01:01/03:01:01:02N/03:01:01:03/03:01:07/03:20/03:21N/03:26/03:37/03:45/68:01:02/68:11N/68:33	HLA-A*68:01:02/HLA-A*03:01:01	1.0	1.0
HG00367	HLA-B	35:01:01/35:01:03/35:40N/35:42/35:57/35:94/37:01:01	HLA-B*37:01:01/HLA-B*35:01:01	1.0	1.0
HG00367	HLA-C	04:01:01:01/04:01:01:02/04:01:01:03/04:09N/04:28/04:30/04:41/06:02:01:01/06:02:01:02/06:02:03	HLA-C*04:01:01/HLA-C*06:02:01	1.0	1.0
HG00367	HLA-DRB1	04:01:01/10:01:01	HLA-DRB1*10:01:01/HLA-DRB1*04:01:01	1.0	1.0
HG00367	HLA-DQB1	03:01:01/03:01:04/03:09/03:19/03:21/03:22/03:24/05:01:01	HLA-DQB1*05:01:01/HLA-DQB1*03:01:01	1.0	1.0
HG00368	HLA-A	02:01:01:01/02:01:01:02L/02:01:01:03/02:01:08/02:01:11/02:01:14/02:01:15/02:01:21/02:09/02:43N/02:66/02:75/02:83N/02:89/02:97/02:132/02:134/02:140/02:01:01:01/02:01:01:02L/02:01:01:03/02:01:08/02:01:11/02:01:14/02:01:15/02:01:21/02:09/02:43N/02:66/02:75/02:83N/02:89/02:97/02:132/02:134/02:140	HLA-A*02:01:01/HLA-A*02:01:01	1.0	1.0
HG00368	HLA-B	13:02:01/13:02:05/56:01/56:24	HLA-B*13:02:01/HLA-B*56:01:01	1.0	1.0
HG00368	HLA-C	01:02:01/01:02:02/01:02:03/01:02:04/01:02:05/01:02:06/01:02:07/01:02:08/01:02:09/01:25/06:02:01:01/06:02:01:02/06:02:03	HLA-C*01:02:01/HLA-C*06:02:01	1.0	1.0
HG00368	HLA-DRB1	04:01:01/07:01:01:01/07:01:01:02	HLA-DRB1*04:01:01/HLA-DRB1*07:01:01	1.0	1.0
HG00368	HLA-DQB1	02:01:01/02:02/02:04/03:02:01	HLA-DQB1*02:02:01/HLA-DQB1*03:02:01	1.0	1.0
HG00369	HLA-A	02:01:01:01/02:01:01:02L/02:01:01:03/02:01:08/02:01:11/02:01:14/02:01:15/02:01:21/02:09/02:43N/02:66/02:75/02:83N/02:89/02:97/02:132/02:134/02:140/03:01:01:01/03:01:01:02N/03:01:01:03/03:01:07/03:20/03:21N/03:26/03:37/03:45	HLA-A*03:01:01/HLA-A*02:01:01	1.0	1.0
HG00369	HLA-B	27:05:02/27:05:04/27:13/44:02:01:01/44:02:01:02S/44:19N/44:27/44:66	HLA-B*44:02:01/HLA-B*27:05:02	1.0	1.0
HG00369	HLA-C	02:02:02/07:04:01/07:11	HLA-C*07:04:01/HLA-C*02:02:02	1.0	1.0
HG00369	HLA-DRB1	08:01:01/08:01:03/10:01:01	HLA-DRB1*10:01:01/HLA-DRB1*08:01:01	1.0	1.0
HG00369	HLA-DQB1	04:02/05:01:01	HLA-DQB1*05:01:01/HLA-DQB1*04:02:01	1.0	1.0
HG00371	HLA-A	02:01:01:01/02:01:01:02L/02:01:01:03/02:01:08/02:01:11/02:01:14/02:01:15/02:01:21/02:09/02:43N/02:66/02:75/02:83N/02:89/02:97/02:132/02:134/02:140/68:01:02/68:11N/68:33	HLA-A*68:01:02/HLA-A*02:01:01	1.0	1.0
HG00371	HLA-B	35:01:01/35:01:03/35:40N/35:42/35:57/35:94/40:01:01/40:01:02/40:55	HLA-B*35:01:01/HLA-B*40:01:02	1.0	1.0
HG00371	HLA-C	03:04:01/03:04:03/03:03:01/03:20N	HLA-C*03:04:01/HLA-C*03:03:01	1.0	1.0
HG00371	HLA-DRB1	08:01:01/08:01:03/08:01:01/08:01:03	HLA-DRB1*08:01:01/HLA-DRB1*08:01:01	1.0	1.0
HG00371	HLA-DQB1	04:02/04:02	HLA-DQB1*04:02:01/HLA-DQB1*04:02:01	1.0	1.0
HG00372	HLA-A	02:01:01:01/02:01:01:02L/02:01:01:03/02:01:08/02:01:11/02:01:14/02:01:15/02:01:21/02:09/02:43N/02:66/02:75/02:83N/02:89/02:97/02:132/02:134/02:140/02:01:01:01/02:01:01:02L/02:01:01:03/02:01:08/02:01:11/02:01:14/02:01:15/02:01:21/02:09/02:43N/02:66/02:75/02:83N/02:89/02:97/02:132/02:134/02:140	HLA-A*02:01:01/HLA-A*02:01:01	1.0	1.0
HG00372	HLA-B	27:05:02/27:05:04/27:13/40:01:01/40:01:02/40:55	HLA-B*27:05:02/HLA-B*40:01:02	1.0	1.0
HG00372	HLA-C	02:02:02/03:04:01/03:04:03	HLA-C*02:02:02/HLA-C*03:04:01	1.0	1.0
HG00372	HLA-DRB1	13:02:01/08:01:01/08:01:03	HLA-DRB1*08:01:01/HLA-DRB1*13:02:01	1.0	1.0
HG00372	HLA-DQB1	04:02/06:04:01/06:34	HLA-DQB1*04:02:01/HLA-DQB1*06:04:01	1.0	1.0
HG00373	HLA-A	01:01:01:01/01:01:01:02N/01:04N/01:22N/01:32/01:34N/01:37/02:01:01:01/02:01:01:02L/02:01:01:03/02:01:08/02:01:11/02:01:14/02:01:15/02:01:21/02:09/02:43N/02:66/02:75/02:83N/02:89/02:97/02:132/02:134/02:140	HLA-A*01:01:01/HLA-A*02:01:01	1.0	1.0
HG00373	HLA-B	15:01:01:01/15:01:01:02N/15:01:06/15:01:07/15:102/15:104/15:140/15:146/56:01/56:24	HLA-B*15:01:01/HLA-B*56:01:01	1.0	1.0
HG00373	HLA-C	01:02:01/01:02:02/01:02:03/01:02:04/01:02:05/01:02:06/01:02:07/01:02:08/01:02:09/01:25/03:03:01/03:20N	HLA-C*03:03:01/HLA-C*01:02:01	1.0	1.0
HG00373	HLA-DRB1	13:01:01/04:01:01	HLA-DRB1*04:01:01/HLA-DRB1*13:01:01	1.0	1.0
HG00373	HLA-DQB1	03:02:01/06:03:01	HLA-DQB1*06:03:01/HLA-DQB1*03:02:01	1.0	1.0
HG00375	HLA-A	02:01:01:01/02:01:01:02L/02:01:01:03/02:01:08/02:01:11/02:01:14/02:01:15/02:01:21/02:09/02:43N/02:66/02:75/02:83N/02:89/02:97/02:132/02:134/02:140/03:01:01:01/03:01:01:02N/03:01:01:03/03:01:07/03:20/03:21N/03:26/03:37/03:45	HLA-A*03:01:01/HLA-A*02:01:01	1.0	1.0
HG00375	HLA-B	13:02:01/13:02:05/40:01:01/40:01:02/40:55	HLA-B*13:02:01/HLA-B*40:01:02	1.0	1.0
HG00375	HLA-C	03:04:01/03:04:03/06:02:01:01/06:02:01:02/06:02:03	HLA-C*06:02:01/HLA-C*03:04:01	1.0	1.0
HG00375	HLA-DRB1	01:01:01/07:01:01:01/07:01:01:02	HLA-DRB1*01:01:01/HLA-DRB1*07:01:01	1.0	1.0
HG00375	HLA-DQB1	02:01:01/02:02/02:04/05:01:01	HLA-DQB1*05:01:01/HLA-DQB1*02:02:01	1.0	1.0
HG00376	HLA-A	02:01:01:01/02:01:01:02L/02:01:01:03/02:01:08/02:01:11/02:01:14/02:01:15/02:01:21/02:09/02:43N/02:66/02:75/02:83N/02:89/02:97/02:132/02:134/02:140/03:01:01:01/03:01:01:02N/03:01:01:03/03:01:07/03:20/03:21N/03:26/03:37/03:45	HLA-A*03:01:01/HLA-A*02:01:01	1.0	1.0
HG00376	HLA-B	40:01:01/40:01:02/40:55/51:01:01/51:01:05/51:01:07/51:11N/51:30/51:32/51:48/51:51	HLA-B*40:01:02/HLA-B*51:01:01	1.0	1.0
HG00376	HLA-C	03:04:01/03:04:03/14:02:01	HLA-C*03:04:01/HLA-C*14:02:01	1.0	1.0
HG00376	HLA-DRB1	13:01:01/13:02:01	HLA-DRB1*13:01:01/HLA-DRB1*13:02:01	1.0	1.0
HG00376	HLA-DQB1	06:03:01/06:04:01/06:34	HLA-DQB1*06:03:01/HLA-DQB1*06:04:01	1.0	1.0
HG00378	HLA-A	02:01:01:01/02:01:01:02L/02:01:01:03/02:01:08/02:01:11/02:01:14/02:01:15/02:01:21/02:09/02:43N/02:66/02:75/02:83N/02:89/02:97/02:132/02:134/02:140/24:02:01:01/24:02:01:02L/24:02:03/24:02:10/24:02:13/24:09N/24:11N/24:40N/24:76/24:79/24:83N	HLA-A*24:02:01/HLA-A*02:01:01	1.0	1.0
HG00378	HLA-B	35:01:01/35:01:03/35:40N/35:42/35:57/35:94/40:01:01/40:01:02/40:55	HLA-B*40:01:02/HLA-B*35:01:01	1.0	1.0
HG00378	HLA-C	03:04:01/03:04:03/04:01:01:01/04:01:01:02/04:01:01:03/04:09N/04:28/04:30/04:41	HLA-C*03:04:01/HLA-C*04:01:01	1.0	1.0
HG00378	HLA-DRB1	01:01:01/13:02:01	HLA-DRB1*01:01:01/HLA-DRB1*13:02:01	1.0	1.0
HG00378	HLA-DQB1	05:01:01/06:04:01/06:34	HLA-DQB1*06:04:01/HLA-DQB1*05:01:01	1.0	1.0
HG00379	HLA-A	02:01:01:01/02:01:01:02L/02:01:01:03/02:01:08/02:01:11/02:01:14/02:01:15/02:01:21/02:09/02:43N/02:66/02:75/02:83N/02:89/02:97/02:132/02:134/02:140/03:01:01:01/03:01:01:02N/03:01:01:03/03:01:07/03:20/03:21N/03:26/03:37/03:45	HLA-A*02:01:01/HLA-A*03:01:01	1.0	1.0
HG00379	HLA-B	07:02:01/07:02:06/07:02:09/07:44/07:49N/07:58/07:59/07:61/44:02:01:01/44:02:01:02S/44:19N/44:27/44:66	HLA-B*44:02:01/HLA-B*07:02:01	1.0	1.0
HG00379	HLA-C	05:01:01:01/05:01:01:02/05:01:04/05:01:05/05:03/07:02:01:01/07:02:01:02/07:02:01:03/07:50/07:66/07:74	HLA-C*07:02:01/HLA-C*05:01:01	1.0	1.0
HG00379	HLA-DRB1	13:01:01/04:01:01	HLA-DRB1*04:01:01/HLA-DRB1*13:01:01	1.0	1.0
HG00379	HLA-DQB1	03:02:01/06:03:01	HLA-DQB1*03:02:01/HLA-DQB1*06:03:01	1.0	1.0
HG00380	HLA-A	01:01:01:01/01:01:01:02N/01:04N/01:22N/01:32/01:34N/01:37/03:01:01:01/03:01:01:02N/03:01:01:03/03:01:07/03:20/03:21N/03:26/03:37/03:45	HLA-A*01:01:01/HLA-A*03:01:01	1.0	1.0
HG00380	HLA-B	07:02:01/07:02:06/07:02:09/07:44/07:49N/07:58/07:59/07:61/08:01:01/08:19N	HLA-B*07:02:01/HLA-B*08:01:01	1.0	1.0
HG00380	HLA-C	03:04:01/03:04:03/07:01:01/07:01:02/07:01:09/07:06/07:18/07:52	HLA-C*07:01:01/HLA-C*03:04:01	1.0	1.0
HG00380	HLA-DRB1	01:01:01/13:01:01	HLA-DRB1*01:01:01/HLA-DRB1*13:01:01	1.0	1.0
HG00380	HLA-DQB1	05:01:01/06:03:01	HLA-DQB1*05:01:01/HLA-DQB1*06:03:01	1.0	1.0
HG00381	HLA-A	02:01:01:01/02:01:01:02L/02:01:01:03/02:01:08/02:01:11/02:01:14/02:01:15/02:01:21/02:09/02:43N/02:66/02:75/02:83N/02:89/02:97/02:132/02:134/02:140/32:01:01/32:01:02	HLA-A*32:01:01/HLA-A*02:01:01	1.0	1.0
HG00381	HLA-B	15:01:01:01/15:01:01:02N/15:01:06/15:01:07/15:102/15:104/15:140/15:146/39:01:01:01/39:01:01:02L/39:01:03/39:46	HLA-B*15:01:01/HLA-B*39:01:01	1.0	1.0
HG00381	HLA-C	03:04:01/03:04:03/07:02:01:01/07:02:01:02/07:02:01:03/07:50/07:66/07:74	HLA-C*07:02:01/HLA-C*03:04:01	1.0	1.0
HG00381	HLA-DRB1	04:01:01/08:01:01/08:01:03	HLA-DRB1*08:01:01/HLA-DRB1*04:01:01	1.0	1.0
HG00381	HLA-DQB1	03:01:01/03:01:04/03:09/03:19/03:21/03:22/03:24/04:02	HLA-DQB1*04:02:01/HLA-DQB1*03:01:01	1.0	1.0
HG00382	HLA-A	03:01:01:01/03:01:01:02N/03:01:01:03/03:01:07/03:20/03:21N/03:26/03:37/03:45/24:02:01:01/24:02:01:02L/24:02:03/24:02:10/24:02:13/24:09N/24:11N/24:40N/24:76/24:79/24:83N	HLA-A*24:02:01/HLA-A*03:01:01	1.0	1.0
HG00382	HLA-B	07:02:01/07:02:06/07:02:09/07:44/07:49N/07:58/07:59/07:61/44:02:01:01/44:02:01:02S/44:19N/44:27/44:66	HLA-B*07:02:01/HLA-B*44:02:01	1.0	1.0
HG00382	HLA-C	05:01:01:01/05:01:01:02/05:01:04/05:01:05/05:03/07:02:01:01/07:02:01:02/07:02:01:03/07:50/07:66/07:74	HLA-C*07:02:01/HLA-C*05:01:01	1.0	1.0
HG00382	HLA-DRB1	15:01:01:01/15:01:01:02/15:01:01:01/15:01:01:02	HLA-DRB1*15:01:01/HLA-DRB1*15:01:01	1.0	1.0
HG00382	HLA-DQB1	06:02:01/06:02:01	HLA-DQB1*06:02:01/HLA-DQB1*06:02:01	1.0	1.0
HG00383	HLA-A	02:01:01:01/02:01:01:02L/02:01:01:03/02:01:08/02:01:11/02:01:14/02:01:15/02:01:21/02:09/02:43N/02:66/02:75/02:83N/02:89/02:97/02:132/02:134/02:140/24:02:01:01/24:02:01:02L/24:02:03/24:02:10/24:02:13/24:09N/24:11N/24:40N/24:76/24:79/24:83N	HLA-A*24:02:01/HLA-A*02:01:01	1.0	1.0
HG00383	HLA-B	18:01:01/18:01:03/18:17N/27:05:02/27:05:04/27:13	HLA-B*27:05:02/HLA-B*18:01:01	1.0	1.0
HG00383	HLA-C	02:02:02/07:01:01/07:01:02/07:01:09/07:06/07:18/07:52	HLA-C*02:02:02/HLA-C*07:01:01	1.0	1.0
HG00383	HLA-DRB1	11:04:01/08:01:01/08:01:03	HLA-DRB1*08:01:01/HLA-DRB1*11:04:01	1.0	1.0
HG00383	HLA-DQB1	03:01:01/03:01:04/03:09/03:19/03:21/03:22/03:24/04:02	HLA-DQB1*04:02:01/HLA-DQB1*03:01:01	1.0	1.0
HG00384	HLA-A	02:01:01:01/02:01:01:02L/02:01:01:03/02:01:08/02:01:11/02:01:14/02:01:15/02:01:21/02:09/02:43N/02:66/02:75/02:83N/02:89/02:97/02:132/02:134/02:140/03:01:01:01/03:01:01:02N/03:01:01:03/03:01:07/03:20/03:21N/03:26/03:37/03:45	HLA-A*02:01:01/HLA-A*03:01:01	1.0	1.0
HG00384	HLA-B	35:01:01/35:01:03/35:40N/35:42/35:57/35:94/40:02:01/40:56/40:97	HLA-B*35:01:01/HLA-B*40:02:01	1.0	1.0
HG00384	HLA-C	04:01:01:01/04:01:01:02/04:01:01:03/04:09N/04:28/04:30/04:41/07:04:01/07:11	HLA-C*07:04:01/HLA-C*04:01:01	1.0	1.0
HG00384	HLA-DRB1	01:01:01/12:01:01/12:06/12:10/12:17	HLA-DRB1*01:01:01/HLA-DRB1*12:01:01	1.0	1.0
HG00384	HLA-DQB1	03:01:01/03:01:04/03:09/03:19/03:21/03:22/03:24/05:01:01	HLA-DQB1*05:01:01/HLA-DQB1*03:01:01	1.0	1.0
HG00403	HLA-A	02:01:01:01/02:01:01:02L/02:01:01:03/02:01:08/02:01:11/02:01:14/02:01:15/02:01:21/02:09/02:43N/02:66/02:75/02:83N/02:89/02:97/02:132/02:134/02:140/31:01:02/31:14N/31:23	HLA-A*31:01:02/HLA-A*02:01:01	1.0	1.0
HG00403	HLA-B	13:01:01/35:01:01/35:01:03/35:40N/35:42/35:57/35:94	HLA-B*13:01:01/HLA-B*35:01:01	1.0	1.0
HG00403	HLA-C	03:04:01/03:04:03/03:03:01/03:20N	HLA-C*03:03:01/HLA-C*03:04:01	1.0	1.0
HG00403	HLA-DRB1	15:01:01:01/15:01:01:02/12:02:01	HLA-DRB1*12:02:01/HLA-DRB1*15:01:01	1.0	1.0
HG00403	HLA-DQB1	03:01:01/03:01:04/03:09/03:19/03:21/03:22/03:24/06:02:01	HLA-DQB1*03:01:01/HLA-DQB1*06:02:01	1.0	1.0
HG00404	HLA-A	11:01:01/11:21N/24:02:01:01/24:02:01:02L/24:02:03/24:02:10/24:02:13/24:09N/24:11N/24:40N/24:76/24:79/24:83N	HLA-A*11:01:01/HLA-A*24:02:01	1.0	1.0
HG00404	HLA-B	15:12/15:19/27:04:01	HLA-B*27:04:01/HLA-B*15:19	1.0	1.0
HG00404	HLA-C	03:03:01/03:20N/03:03:01/03:20N	HLA-C*03:03:01/HLA-C*03:03:01	1.0	1.0
HG00404	HLA-DRB1	11:01:01/11:01:08/12:01:01/12:06/12:10/12:17	HLA-DRB1*12:01:01/HLA-DRB1*11:01:01	1.0	1.0
HG00404	HLA-DQB1	03:01:01/03:01:04/03:09/03:19/03:21/03:22/03:24/03:01:01/03:01:04/03:09/03:19/03:21/03:22/03:24	HLA-DQB1*03:01:01/HLA-DQB1*03:01:01	1.0	1.0
HG00406	HLA-A	11:01:01/11:21N/11:01:01/11:21N	HLA-A*11:01:01/HLA-A*11:01:01	1.0	1.0
HG00406	HLA-B	07:02:01/07:02:06/07:02:09/07:44/07:49N/07:58/07:59/07:61/15:02	HLA-B*15:02:01/HLA-B*07:02:01	1.0	1.0
HG00406	HLA-C	07:02:01:01/07:02:01:02/07:02:01:03/07:50/07:66/07:74/08:01:01/08:20/08:22/08:24	HLA-C*08:01:01/HLA-C*07:02:01	1.0	1.0
HG00406	HLA-DRB1	01:01:01/14:01:01/14:54	HLA-DRB1*01:01:01/HLA-DRB1*14:54:01	1.0	1.0
HG00406	HLA-DQB1	05:01:01/05:02:01	HLA-DQB1*05:02:01/HLA-DQB1*05:01:01	1.0	1.0
HG00407	HLA-A	02:07/02:15N/02:01:01:01/02:01:01:02L/02:01:01:03/02:01:08/02:01:11/02:01:14/02:01:15/02:01:21/02:09/02:43N/02:66/02:75/02:83N/02:89/02:97/02:132/02:134/02:140	HLA-A*02:07:01/HLA-A*02:01:01	1.0	1.0
HG00407	HLA-B	40:01:01/40:01:02/40:55/40:02:01/40:56/40:97	HLA-B*40:01:02/HLA-B*40:02:01	1.0	1.0
HG00407	HLA-C	03:03:01/03:20N/07:02:01:01/07:02:01:02/07:02:01:03/07:50/07:66/07:74	HLA-C*07:02:01/HLA-C*03:03:01	1.0	1.0
HG00407	HLA-DRB1	15:01:01:01/15:01:01:02/14:01:01/14:54	HLA-DRB1*15:01:01/HLA-DRB1*14:54:01	1.0	1.0
HG00407	HLA-DQB1	05:02:01/06:02:01	HLA-DQB1*05:02:01/HLA-DQB1*06:02:01	1.0	1.0
HG00419	HLA-A	02:06:01/02:126/24:02:01:01/24:02:01:02L/24:02:03/24:02:10/24:02:13/24:09N/24:11N/24:40N/24:76/24:79/24:83N	HLA-A*24:02:01/HLA-A*02:06:01	1.0	1.0
HG00419	HLA-B	13:01:01/40:01:01/40:01:02/40:55	HLA-B*13:01:01/HLA-B*40:01:02	1.0	1.0
HG00419	HLA-C	03:04:01/03:04:03/03:04:04	HLA-C*03:04:01/HLA-C*03:04:04	1.0	1.0
HG00419	HLA-DRB1	08:03:02/09:01:02	HLA-DRB1*09:01:02/HLA-DRB1*08:03:02	1.0	1.0
HG00419	HLA-DQB1	03:03:02/06:01:01/06:01:03	HLA-DQB1*03:03:02/HLA-DQB1*06:01:01	1.0	1.0
HG00421	HLA-A	02:07/02:15N/30:01:01/30:01:02/30:24	HLA-A*30:01:01/HLA-A*02:07:01	1.0	1.0
HG00421	HLA-B	13:02:01/13:02:05/46:01:01/46:15N	HLA-B*13:02:01/HLA-B*46:01:01	1.0	1.0
HG00421	HLA-C	01:02:01/01:02:02/01:02:03/01:02:04/01:02:05/01:02:06/01:02:07/01:02:08/01:02:09/01:25/06:02:01:01/06:02:01:02/06:02:03	HLA-C*01:02:01/HLA-C*06:02:01	1.0	1.0
HG00421	HLA-DRB1	07:01:01:01/07:01:01:02/09:01:02	HLA-DRB1*09:01:02/HLA-DRB1*07:01:01	1.0	1.0
HG00421	HLA-DQB1	02:01:01/02:02/02:04/03:03:02	HLA-DQB1*03:03:02/HLA-DQB1*02:02:01	1.0	1.0
HG00422	HLA-A	11:01:01/11:21N/11:01:01/11:21N	HLA-A*11:01:01/HLA-A*11:01:01	1.0	1.0
HG00422	HLA-B	13:01:01/44:03:01/44:03:03/44:03:04	HLA-B*13:01:01/HLA-B*44:03:01	1.0	1.0
HG00422	HLA-C	03:04:01/03:04:03/04:01:01:01/04:01:01:02/04:01:01:03/04:09N/04:28/04:30/04:41	HLA-C*03:04:01/HLA-C*04:01:01	1.0	1.0
HG00422	HLA-DRB1	04:07:01/08:03:02	HLA-DRB1*08:03:02/HLA-DRB1*04:07:01	1.0	1.0
HG00422	HLA-DQB1	03:02:01/06:01:01/06:01:03	HLA-DQB1*03:02:01/HLA-DQB1*06:01:01	1.0	1.0
HG00428	HLA-A	24:02:01:01/24:02:01:02L/24:02:03/24:02:10/24:02:13/24:09N/24:11N/24:40N/24:76/24:79/24:83N/30:01:01/30:01:02/30:24	HLA-A*30:01:01/HLA-A*24:02:01	1.0	1.0
HG00428	HLA-B	13:02:01/13:02:05/46:01:01/46:15N	HLA-B*13:02:01/HLA-B*46:01:01	1.0	1.0
HG00428	HLA-C	01:02:01/01:02:02/01:02:03/01:02:04/01:02:05/01:02:06/01:02:07/01:02:08/01:02:09/01:25/06:02:01:01/06:02:01:02/06:02:03	HLA-C*01:02:01/HLA-C*06:02:01	1.0	1.0
HG00428	HLA-DRB1	11:01:01/11:01:08/07:01:01:01/07:01:01:02	HLA-DRB1*11:01:01/HLA-DRB1*07:01:01	1.0	1.0
HG00428	HLA-DQB1	02:01:01/02:02/02:04/03:01:01/03:01:04/03:09/03:19/03:21/03:22/03:24	HLA-DQB1*02:02:01/HLA-DQB1*03:01:01	1.0	1.0
HG00436	HLA-A	24:02:01:01/24:02:01:02L/24:02:03/24:02:10/24:02:13/24:09N/24:11N/24:40N/24:76/24:79/24:83N/24:02:01:01/24:02:01:02L/24:02:03/24:02:10/24:02:13/24:09N/24:11N/24:40N/24:76/24:79/24:83N	HLA-A*24:02:01/HLA-A*24:02:01	1.0	1.0
HG00436	HLA-B	48:01:01/48:09/54:01/54:17	HLA-B*48:01:01/HLA-B*54:01:01	1.0	1.0
HG00436	HLA-C	01:02:01/01:02:02/01:02:03/01:02:04/01:02:05/01:02:06/01:02:07/01:02:08/01:02:09/01:25/08:03:01	HLA-C*08:03:01/HLA-C*01:02:01	1.0	1.0
HG00436	HLA-DRB1	14:05:01/09:01:02	HLA-DRB1*09:01:02/HLA-DRB1*14:05:01	1.0	1.0
HG00436	HLA-DQB1	03:03:02/05:03:01	HLA-DQB1*05:03:01/HLA-DQB1*03:03:02	1.0	1.0
HG00437	HLA-A	02:07/02:15N/02:06:01/02:126	HLA-A*02:06:01/HLA-A*02:07:01	1.0	1.0
HG00437	HLA-B	40:01:01/40:01:02/40:55/51:01:01/51:01:05/51:01:07/51:11N/51:30/51:32/51:48/51:51	HLA-B*40:01:02/HLA-B*51:01:01	1.0	1.0
HG00437	HLA-C	07:02:01:01/07:02:01:02/07:02:01:03/07:50/07:66/07:74/14:02:01	HLA-C*14:02:01/HLA-C*07:02:01	1.0	1.0
HG00437	HLA-DRB1	04:05:01/08:03:02	HLA-DRB1*08:03:02/HLA-DRB1*04:05:01	1.0	1.0
HG00437	HLA-DQB1	04:01:01/06:01:01/06:01:03	HLA-DQB1*04:01:01/HLA-DQB1*06:01:01	1.0	1.0
HG00442	HLA-A	11:01:01/11:21N/11:01:01/11:21N	HLA-A*11:01:01/HLA-A*11:01:01	1.0	1.0
HG00442	HLA-B	40:01:01/40:01:02/40:55/40:02:01/40:56/40:97	HLA-B*40:01:02/HLA-B*40:02:01	1.0	1.0
HG00442	HLA-C	07:02:01:01/07:02:01:02/07:02:01:03/07:50/07:66/07:74/07:02:01:01/07:02:01:02/07:02:01:03/07:50/07:66/07:74	HLA-C*07:02:01/HLA-C*07:02:01	1.0	1.0
HG00442	HLA-DRB1	14:01:01/14:54/04:06:01/04:06:02	HLA-DRB1*14:54:01/HLA-DRB1*04:06:01	1.0	1.0
HG00442	HLA-DQB1	03:02:01/05:02:01	HLA-DQB1*05:02:01/HLA-DQB1*03:02:01	1.0	1.0
HG00443	HLA-A	02:07/02:15N/11:02:01/11:02:03	HLA-A*11:02:01/HLA-A*02:07:01	1.0	1.0
HG00443	HLA-B	13:01:01/54:01/54:17	HLA-B*13:01:01/HLA-B*54:01:01	1.0	1.0
HG00443	HLA-C	03:04:01/03:04:03/15:02:01/15:13	HLA-C*15:02:01/HLA-C*03:04:01	1.0	1.0
HG00443	HLA-DRB1	15:01:01:01/15:01:01:02/11:01:01/11:01:08	HLA-DRB1*15:01:01/HLA-DRB1*11:01:01	1.0	1.0
HG00443	HLA-DQB1	03:01:01/03:01:04/03:09/03:19/03:21/03:22/03:24/06:01:01/06:01:03	HLA-DQB1*06:01:01/HLA-DQB1*03:01:01	1.0	1.0
HG00445	HLA-A	24:02:01:01/24:02:01:02L/24:02:03/24:02:10/24:02:13/24:09N/24:11N/24:40N/24:76/24:79/24:83N/24:02:01:01/24:02:01:02L/24:02:03/24:02:10/24:02:13/24:09N/24:11N/24:40N/24:76/24:79/24:83N	HLA-A*24:02:01/HLA-A*24:02:01	1.0	1.0
HG00445	HLA-B	07:02:01/07:02:06/07:02:09/07:44/07:49N/07:58/07:59/07:61/67:01:01	HLA-B*67:01:01/HLA-B*07:02:01	1.0	1.0
HG00445	HLA-C	07:02:01:01/07:02:01:02/07:02:01:03/07:50/07:66/07:74/07:02:01:01/07:02:01:02/07:02:01:03/07:50/07:66/07:74	HLA-C*07:02:01/HLA-C*07:02:01	1.0	1.0
HG00445	HLA-DRB1	01:01:01/16:02:01	HLA-DRB1*01:01:01/HLA-DRB1*16:02:01	1.0	1.0
HG00445	HLA-DQB1	05:01:01/05:02:01	HLA-DQB1*05:01:01/HLA-DQB1*05:02:01	1.0	1.0
HG00446	HLA-A	11:01:01/11:21N/11:01:01/11:21N	HLA-A*11:01:01/HLA-A*11:01:01	1.0	1.0
HG00446	HLA-B	13:01:01/40:01:01/40:01:02/40:55	HLA-B*13:01:01/HLA-B*40:01:02	1.0	1.0
HG00446	HLA-C	03:04:01/03:04:03/03:04:01/03:04:03	HLA-C*03:04:01/HLA-C*03:04:01	1.0	1.0
HG00446	HLA-DRB1	16:02:01/11:01:01/11:01:08	HLA-DRB1*16:02:01/HLA-DRB1*11:01:01	1.0	1.0
HG00446	HLA-DQB1	03:01:01/03:01:04/03:09/03:19/03:21/03:22/03:24/05:02:01	HLA-DQB1*05:02:01/HLA-DQB1*03:01:01	1.0	1.0
HG00448	HLA-A	02:07/02:15N/11:01:01/11:21N	HLA-A*11:01:01/HLA-A*02:07:01	1.0	1.0
HG00448	HLA-B	46:01:01/46:15N/56:01/56:24	HLA-B*46:01:01/HLA-B*56:01:01	1.0	1.0
HG00448	HLA-C	01:02:01/01:02:02/01:02:03/01:02:04/01:02:05/01:02:06/01:02:07/01:02:08/01:02:09/01:25/01:02:01/01:02:02/01:02:03/01:02:04/01:02:05/01:02:06/01:02:07/01:02:08/01:02:09/01:25	HLA-C*01:02:01/HLA-C*01:02:01	1.0	1.0
HG00448	HLA-DRB1	13:12/14:01:01/14:54	HLA-DRB1*13:12:01/HLA-DRB1*14:54:01	1.0	1.0
HG00448	HLA-DQB1	03:01:01/03:01:04/03:09/03:19/03:21/03:22/03:24/05:02:01	HLA-DQB1*05:02:01/HLA-DQB1*03:01:01	1.0	1.0
HG00449	HLA-A	02:07/02:15N/11:01:01/11:21N	HLA-A*02:07:01/HLA-A*11:01:01	1.0	1.0
HG00449	HLA-B	39:01:01:01/39:01:01:02L/39:01:03/39:46/46:01:01/46:15N	HLA-B*46:01:01/HLA-B*39:01:01	1.0	1.0
HG00449	HLA-C	01:02:01/01:02:02/01:02:03/01:02:04/01:02:05/01:02:06/01:02:07/01:02:08/01:02:09/01:25/07:02:01:01/07:02:01:02/07:02:01:03/07:50/07:66/07:74	HLA-C*01:02:01/HLA-C*07:02:01	1.0	1.0
HG00449	HLA-DRB1	14:01:01/14:54/08:03:02	HLA-DRB1*14:54:01/HLA-DRB1*08:03:02	1.0	1.0
HG00449	HLA-DQB1	05:02:01/06:01:01/06:01:03	HLA-DQB1*06:01:01/HLA-DQB1*05:02:01	1.0	1.0
HG00451	HLA-A	11:01:01/11:21N/11:01:01/11:21N	HLA-A*11:01:01/HLA-A*11:01:01	1.0	1.0
HG00451	HLA-B	15:01:01:01/15:01:01:02N/15:01:06/15:01:07/15:102/15:104/15:140/15:146/40:01:01/40:01:02/40:55	HLA-B*40:01:02/HLA-B*15:01:01	1.0	1.0
HG00451	HLA-C	03:04:01/03:04:03/03:03:01/03:20N	HLA-C*03:04:01/HLA-C*03:03:01	1.0	1.0
HG00451	HLA-DRB1	11:01:01/11:01:08/12:02:01	HLA-DRB1*11:01:01/HLA-DRB1*12:02:01	1.0	1.0
HG00451	HLA-DQB1	03:01:01/03:01:04/03:09/03:19/03:21/03:22/03:24/03:01:01/03:01:04/03:09/03:19/03:21/03:22/03:24	HLA-DQB1*03:01:01/HLA-DQB1*03:01:01	1.0	1.0
HG00452	HLA-A	11:01:01/11:21N/11:01:01/11:21N	HLA-A*11:01:01/HLA-A*11:01:01	1.0	1.0
HG00452	HLA-B	40:01:01/40:01:02/40:55/55:02:01	HLA-B*40:01:02/HLA-B*55:02:01	1.0	1.0
HG00452	HLA-C	03:04:01/03:04:03/12:03:01:01/12:03:01:02/12:03:06	HLA-C*03:04:01/HLA-C*12:03:01	1.0	1.0
HG00452	HLA-DRB1	01:01:01/11:01:01/11:01:08	HLA-DRB1*01:01:01/HLA-DRB1*11:01:01	1.0	1.0
HG00452	HLA-DQB1	03:01:01/03:01:04/03:09/03:19/03:21/03:22/03:24/05:01:01	HLA-DQB1*05:01:01/HLA-DQB1*03:01:01	1.0	1.0
HG00457	HLA-A	02:07/02:15N/11:01:01/11:21N	HLA-A*02:07:01/HLA-A*11:01:01	1.0	1.0
HG00457	HLA-B	39:01:01:01/39:01:01:02L/39:01:03/39:46/46:01:01/46:15N	HLA-B*39:01:01/HLA-B*46:01:01	1.0	1.0
HG00457	HLA-C	01:02:01/01:02:02/01:02:03/01:02:04/01:02:05/01:02:06/01:02:07/01:02:08/01:02:09/01:25/07:02:01:01/07:02:01:02/07:02:01:03/07:50/07:66/07:74	HLA-C*01:02:01/HLA-C*07:02:01	1.0	1.0
HG00457	HLA-DRB1	15:01:01:01/15:01:01:02/09:01:02	HLA-DRB1*09:01:02/HLA-DRB1*15:01:01	1.0	1.0
HG00457	HLA-DQB1	03:03:02/06:01:01/06:01:03	HLA-DQB1*03:03:02/HLA-DQB1*06:01:01	1.0	1.0
HG00458	HLA-A	02:07/02:15N/11:01:01/11:21N	HLA-A*11:01:01/HLA-A*02:07:01	1.0	1.0
HG00458	HLA-B	15:01:01:01/15:01:01:02N/15:01:06/15:01:07/15:102/15:104/15:140/15:146/46:01:01/46:15N	HLA-B*46:01:01/HLA-B*15:01:01	1.0	1.0
HG00458	HLA-C	01:02:01/01:02:02/01:02:03/01:02:04/01:02:05/01:02:06/01:02:07/01:02:08/01:02:09/01:25/04:01:01:01/04:01:01:02/04:01:01:03/04:09N/04:28/04:30/04:41	HLA-C*01:02:01/HLA-C*04:01:01	1.0	1.0
HG00458	HLA-DRB1	04:06:01/04:06:02/09:01:02	HLA-DRB1*09:01:02/HLA-DRB1*04:06:01	1.0	1.0
HG00458	HLA-DQB1	03:02:01/03:03:02	HLA-DQB1*03:02:01/HLA-DQB1*03:03:02	1.0	1.0
HG00463	HLA-A	02:07/02:15N/11:01:01/11:21N	HLA-A*11:01:01/HLA-A*02:07:01	1.0	1.0
HG00463	HLA-B	15:02/46:01:01/46:15N	HLA-B*15:02:01/HLA-B*46:01:01	1.0	1.0
HG00463	HLA-C	01:02:01/01:02:02/01:02:03/01:02:04/01:02:05/01:02:06/01:02:07/01:02:08/01:02:09/01:25/08:01:01/08:20/08:22/08:24	HLA-C*08:01:01/HLA-C*01:02:01	1.0	1.0
HG00463	HLA-DRB1	12:02:01/09:01:02	HLA-DRB1*09:01:02/HLA-DRB1*12:02:01	1.0	1.0
HG00463	HLA-DQB1	03:03:02/03:01:01/03:01:04/03:09/03:19/03:21/03:22/03:24	HLA-DQB1*03:03:02/HLA-DQB1*03:01:01	1.0	1.0
HG00464	HLA-A	02:06:01/02:126/11:01:01/11:21N	HLA-A*11:01:01/HLA-A*02:06:01	1.0	1.0
HG00464	HLA-B	15:01:01:01/15:01:01:02N/15:01:06/15:01:07/15:102/15:104/15:140/15:146/40:01:01/40:01:02/40:55	HLA-B*15:01:01/HLA-B*40:01:02	1.0	1.0
HG00464	HLA-C	04:01:01:01/04:01:01:02/04:01:01:03/04:09N/04:28/04:30/04:41/07:02:01:01/07:02:01:02/07:02:01:03/07:50/07:66/07:74	HLA-C*07:02:01/HLA-C*04:01:01	1.0	1.0
HG00464	HLA-DRB1	04:06:01/04:06:02/08:03:02	HLA-DRB1*08:03:02/HLA-DRB1*04:06:01	1.0	1.0
HG00464	HLA-DQB1	03:02:01/06:01:01/06:01:03	HLA-DQB1*06:01:01/HLA-DQB1*03:02:01	1.0	1.0
HG00472	HLA-A	01:01:01:01/01:01:01:02N/01:04N/01:22N/01:32/01:34N/01:37/24:08	HLA-A*24:08/HLA-A*01:01:01	1.0	1.0
HG00472	HLA-B	15:01:01:01/15:01:01:02N/15:01:06/15:01:07/15:102/15:104/15:140/15:146/57:01:01	HLA-B*15:01:01/HLA-B*57:01:01	1.0	1.0
HG00472	HLA-C	03:03:01/03:20N/06:02:01:01/06:02:01:02/06:02:03	HLA-C*03:03:01/HLA-C*06:02:01	1.0	1.0
HG00472	HLA-DRB1	14:05:01/04:07:01	HLA-DRB1*04:07:01/HLA-DRB1*14:05:01	1.0	1.0
HG00472	HLA-DQB1	03:02:01/05:03:01	HLA-DQB1*03:02:01/HLA-DQB1*05:03:01	1.0	1.0
HG00473	HLA-A	02:07/02:15N/33:03:01/33:03:03/33:15/33:25	HLA-A*02:07:01/HLA-A*33:03:01	1.0	1.0
HG00473	HLA-B	46:01:01/46:15N/58:01:01/58:11	HLA-B*46:01:01/HLA-B*58:01:01	1.0	1.0
HG00473	HLA-C	01:02:01/01:02:02/01:02:03/01:02:04/01:02:05/01:02:06/01:02:07/01:02:08/01:02:09/01:25/03:02:01/03:02:02/03:02:03	HLA-C*03:02:02/HLA-C*01:02:01	1.0	1.0
HG00473	HLA-DRB1	03:01:01:01/03:01:01:02/09:01:02	HLA-DRB1*09:01:02/HLA-DRB1*03:01:01	1.0	1.0
HG00473	HLA-DQB1	02:01:01/02:02/02:04/03:03:02	HLA-DQB1*02:01:01/HLA-DQB1*03:03:02	1.0	1.0
HG00475	HLA-A	11:01:01/11:21N/33:03:01/33:03:03/33:15/33:25	HLA-A*11:01:01/HLA-A*33:03:01	1.0	1.0
HG00475	HLA-B	13:01:01/58:01:01/58:11	HLA-B*13:01:01/HLA-B*58:01:01	1.0	1.0
HG00475	HLA-C	03:02:01/03:02:02/03:02:03/03:04:01/03:04:03	HLA-C*03:04:01/HLA-C*03:02:02	1.0	1.0
HG00475	HLA-DRB1	15:01:01:01/15:01:01:02/14:01:01/14:54	HLA-DRB1*15:01:01/HLA-DRB1*14:54:01	1.0	1.0
HG00475	HLA-DQB1	05:03:01/06:01:01/06:01:03	HLA-DQB1*06:01:01/HLA-DQB1*05:03:01	1.0	1.0
HG00476	HLA-A	11:01:01/11:21N/24:02:01:01/24:02:01:02L/24:02:03/24:02:10/24:02:13/24:09N/24:11N/24:40N/24:76/24:79/24:83N	HLA-A*24:02:01/HLA-A*11:01:01	1.0	1.0
HG00476	HLA-B	40:01:01/40:01:02/40:55/40:01:01/40:01:02/40:55	HLA-B*40:01:02/HLA-B*40:01:02	1.0	1.0
HG00476	HLA-C	03:04:01/03:04:03/04:01:01:01/04:01:01:02/04:01:01:03/04:09N/04:28/04:30/04:41	HLA-C*04:82:01/HLA-C*03:04:01	1.0	0.0
HG00476	HLA-DRB1	13:12/09:01:02	HLA-DRB1*09:01:02/HLA-DRB1*13:12:01	1.0	1.0
HG00476	HLA-DQB1	03:03:02/03:01:01/03:01:04/03:09/03:19/03:21/03:22/03:24	HLA-DQB1*03:03:02/HLA-DQB1*03:01:01	1.0	1.0
HG00478	HLA-A	11:01:01/11:21N/24:02:01:01/24:02:01:02L/24:02:03/24:02:10/24:02:13/24:09N/24:11N/24:40N/24:76/24:79/24:83N	HLA-A*11:01:01/HLA-A*24:02:01	1.0	1.0
HG00478	HLA-B	40:01:01/40:01:02/40:55/40:01:01/40:01:02/40:55	HLA-B*40:01:02/HLA-B*40:01:02	1.0	1.0
HG00478	HLA-C	07:02:01:01/07:02:01:02/07:02:01:03/07:50/07:66/07:74/07:02:01:01/07:02:01:02/07:02:01:03/07:50/07:66/07:74	HLA-C*07:02:01/HLA-C*07:02:01	1.0	1.0
HG00478	HLA-DRB1	16:02:01/09:01:02	HLA-DRB1*16:02:01/HLA-DRB1*09:01:02	1.0	1.0
HG00478	HLA-DQB1	03:03:02/05:02:01	HLA-DQB1*03:03:02/HLA-DQB1*05:02:01	1.0	1.0
HG00479	HLA-A	02:07/02:15N/24:02:01:01/24:02:01:02L/24:02:03/24:02:10/24:02:13/24:09N/24:11N/24:40N/24:76/24:79/24:83N	HLA-A*02:07:01/HLA-A*24:02:01	1.0	1.0
HG00479	HLA-B	46:01:01/46:15N/55:02:01	HLA-B*55:02:01/HLA-B*46:01:01	1.0	1.0
HG00479	HLA-C	01:02:01/01:02:02/01:02:03/01:02:04/01:02:05/01:02:06/01:02:07/01:02:08/01:02:09/01:25/01:02:01/01:02:02/01:02:03/01:02:04/01:02:05/01:02:06/01:02:07/01:02:08/01:02:09/01:25	HLA-C*01:02:01/HLA-C*01:02:01	1.0	1.0
HG00479	HLA-DRB1	15:01:01:01/15:01:01:02/09:01:02	HLA-DRB1*09:01:02/HLA-DRB1*15:01:01	1.0	1.0
HG00479	HLA-DQB1	03:03:02/06:02:01	HLA-DQB1*03:03:02/HLA-DQB1*06:02:01	1.0	1.0
HG00500	HLA-A	11:01:01/11:21N/11:01:01/11:21N	HLA-A*11:01:01/HLA-A*11:01:01	1.0	1.0
HG00500	HLA-B	40:01:01/40:01:02/40:55/46:01:01/46:15N	HLA-B*40:01:02/HLA-B*46:01:01	1.0	1.0
HG00500	HLA-C	01:02:01/01:02:02/01:02:03/01:02:04/01:02:05/01:02:06/01:02:07/01:02:08/01:02:09/01:25/07:02:01:01/07:02:01:02/07:02:01:03/07:50/07:66/07:74	HLA-C*01:02:01/HLA-C*07:02:01	1.0	1.0
HG00500	HLA-DRB1	11:01:01/11:01:08/09:01:02	HLA-DRB1*09:01:02/HLA-DRB1*11:01:01	1.0	1.0
HG00500	HLA-DQB1	03:03:02/03:01:01/03:01:04/03:09/03:19/03:21/03:22/03:24	HLA-DQB1*03:03:02/HLA-DQB1*03:01:01	1.0	1.0
HG00513	HLA-A	02:03:01/02:01:01:01/02:01:01:02L/02:01:01:03/02:01:08/02:01:11/02:01:14/02:01:15/02:01:21/02:09/02:43N/02:66/02:75/02:83N/02:89/02:97/02:132/02:134/02:140	HLA-A*02:01:01/HLA-A*02:03:01	1.0	1.0
HG00513	HLA-B	40:01:01/40:01:02/40:55/55:02:01	HLA-B*55:02:01/HLA-B*40:01:02	1.0	1.0
HG00513	HLA-C	03:04:01/03:04:03/04:03	HLA-C*03:04:01/HLA-C*04:03:01	1.0	1.0
HG00513	HLA-DRB1	14:05:01/08:03:02	HLA-DRB1*08:03:02/HLA-DRB1*14:05:01	1.0	1.0
HG00513	HLA-DQB1	05:03:01/06:01:01/06:01:03	HLA-DQB1*05:03:01/HLA-DQB1*06:01:01	1.0	1.0
HG00524	HLA-A	02:07/02:15N/02:06:01/02:126	HLA-A*02:07:01/HLA-A*02:06:01	1.0	1.0
HG00524	HLA-B	40:06:01:01/40:06:01:02/46:01:01/46:15N	HLA-B*40:06:01/HLA-B*46:01:01	1.0	1.0
HG00524	HLA-C	01:02:01/01:02:02/01:02:03/01:02:04/01:02:05/01:02:06/01:02:07/01:02:08/01:02:09/01:25/08:01:01/08:20/08:22/08:24	HLA-C*08:01:01/HLA-C*01:02:01	1.0	1.0
HG00524	HLA-DRB1	08:03:02/09:01:02	HLA-DRB1*08:03:02/HLA-DRB1*09:01:02	1.0	1.0
HG00524	HLA-DQB1	03:03:02/06:01:01/06:01:03	HLA-DQB1*06:01:01/HLA-DQB1*03:03:02	1.0	1.0
HG00525	HLA-A	03:01:01:01/03:01:01:02N/03:01:01:03/03:01:07/03:20/03:21N/03:26/03:37/03:45/11:01:01/11:21N	HLA-A*03:01:01/HLA-A*11:01:01	1.0	1.0
HG00525	HLA-B	07:02:01/07:02:06/07:02:09/07:44/07:49N/07:58/07:59/07:61/35:01:01/35:01:03/35:40N/35:42/35:57/35:94	HLA-B*07:02:01/HLA-B*35:01:01	1.0	1.0
HG00525	HLA-C	03:03:01/03:20N/07:02:01:01/07:02:01:02/07:02:01:03/07:50/07:66/07:74	HLA-C*07:02:01/HLA-C*03:03:01	1.0	1.0
HG00525	HLA-DRB1	07:01:01:01/07:01:01:02/08:03:02	HLA-DRB1*07:01:01/HLA-DRB1*08:03:02	1.0	1.0
HG00525	HLA-DQB1	03:03:02/06:01:01/06:01:03	HLA-DQB1*06:01:01/HLA-DQB1*03:03:02	1.0	1.0
HG00530	HLA-A	11:01:01/11:21N/11:01:01/11:21N	HLA-A*11:01:01/HLA-A*11:01:01	1.0	1.0
HG00530	HLA-B	39:01:01:01/39:01:01:02L/39:01:03/39:46/39:01:01:01/39:01:01:02L/39:01:03/39:46	HLA-B*39:01:01/HLA-B*39:01:01	1.0	1.0
HG00530	HLA-C	07:02:01:01/07:02:01:02/07:02:01:03/07:50/07:66/07:74/07:02:01:01/07:02:01:02/07:02:01:03/07:50/07:66/07:74	HLA-C*07:02:01/HLA-C*07:02:01	1.0	1.0
HG00530	HLA-DRB1	08:03:02/08:03:02	HLA-DRB1*08:03:02/HLA-DRB1*08:03:02	1.0	1.0
HG00530	HLA-DQB1	06:01:01/06:01:03/06:01:01/06:01:03	HLA-DQB1*06:01:01/HLA-DQB1*06:01:01	1.0	1.0
HG00531	HLA-A	02:07/02:15N/24:02:01:01/24:02:01:02L/24:02:03/24:02:10/24:02:13/24:09N/24:11N/24:40N/24:76/24:79/24:83N	HLA-A*24:02:01/HLA-A*02:07:01	1.0	1.0
HG00531	HLA-B	35:01:01/35:01:03/35:40N/35:42/35:57/35:94/46:01:01/46:15N	HLA-B*46:01:01/HLA-B*35:01:01	1.0	1.0
HG00531	HLA-C	01:03/01:24/03:03:01/03:20N	HLA-C*03:03:01/HLA-C*01:03:01	1.0	1.0
HG00531	HLA-DRB1	15:01:01:01/15:01:01:02/12:02:01	HLA-DRB1*15:01:01/HLA-DRB1*12:02:01	1.0	1.0
HG00531	HLA-DQB1	03:01:01/03:01:04/03:09/03:19/03:21/03:22/03:24/06:02:01	HLA-DQB1*03:01:01/HLA-DQB1*06:02:01	1.0	1.0
HG00533	HLA-A	02:07/02:15N/31:01:02/31:14N/31:23	HLA-A*02:07:01/HLA-A*31:01:02	1.0	1.0
HG00533	HLA-B	39:01:01:01/39:01:01:02L/39:01:03/39:46/48:01:01/48:09	HLA-B*48:01:01/HLA-B*39:01:01	1.0	1.0
HG00533	HLA-C	07:02:01:01/07:02:01:02/07:02:01:03/07:50/07:66/07:74/08:03:01	HLA-C*07:02:01/HLA-C*08:03:01	1.0	1.0
HG00533	HLA-DRB1	15:01:01:01/15:01:01:02/08:03:02	HLA-DRB1*08:03:02/HLA-DRB1*15:01:01	1.0	1.0
HG00533	HLA-DQB1	06:01:01/06:01:03/06:02:01	HLA-DQB1*06:02:01/HLA-DQB1*06:01:01	1.0	1.0
HG00534	HLA-A	02:07/02:15N/11:01:01/11:21N	HLA-A*11:01:01/HLA-A*02:07:01	1.0	1.0
HG00534	HLA-B	46:01:01/46:15N/57:01:01	HLA-B*57:01:01/HLA-B*46:01:01	1.0	1.0
HG00534	HLA-C	01:02:01/01:02:02/01:02:03/01:02:04/01:02:05/01:02:06/01:02:07/01:02:08/01:02:09/01:25/06:02:01:01/06:02:01:02/06:02:03	HLA-C*01:02:01/HLA-C*06:02:01	1.0	1.0
HG00534	HLA-DRB1	07:01:01:01/07:01:01:02/09:01:02	HLA-DRB1*09:01:02/HLA-DRB1*07:01:01	1.0	1.0
HG00534	HLA-DQB1	03:03:02/03:03:02	HLA-DQB1*03:03:02/HLA-DQB1*03:03:02	1.0	1.0
HG00536	HLA-A	02:07/02:15N/33:03:01/33:03:03/33:15/33:25	HLA-A*33:03:01/HLA-A*02:07:01	1.0	1.0
HG00536	HLA-B	15:02/46:01:01/46:15N	HLA-B*15:02:01/HLA-B*46:01:01	1.0	1.0
HG00536	HLA-C	01:02:01/01:02:02/01:02:03/01:02:04/01:02:05/01:02:06/01:02:07/01:02:08/01:02:09/01:25/08:01:01/08:20/08:22/08:24	HLA-C*01:02:01/HLA-C*08:01:01	1.0	1.0
HG00536	HLA-DRB1	12:02:01/09:01:02	HLA-DRB1*09:01:02/HLA-DRB1*12:02:01	1.0	1.0
HG00536	HLA-DQB1	03:03:02/03:01:01/03:01:04/03:09/03:19/03:21/03:22/03:24	HLA-DQB1*03:03:02/HLA-DQB1*03:01:01	1.0	1.0
HG00537	HLA-A	02:01:01:01/02:01:01:02L/02:01:01:03/02:01:08/02:01:11/02:01:14/02:01:15/02:01:21/02:09/02:43N/02:66/02:75/02:83N/02:89/02:97/02:132/02:134/02:140/11:02:01/11:02:03	HLA-A*11:02:01/HLA-A*02:01:01	1.0	1.0
HG00537	HLA-B	46:01:01/46:15N/46:01:01/46:15N	HLA-B*46:01:01/HLA-B*46:01:01	1.0	1.0
HG00537	HLA-C	01:02:01/01:02:02/01:02:03/01:02:04/01:02:05/01:02:06/01:02:07/01:02:08/01:02:09/01:25/01:02:01/01:02:02/01:02:03/01:02:04/01:02:05/01:02:06/01:02:07/01:02:08/01:02:09/01:25	HLA-C*01:02:01/HLA-C*01:02:01	1.0	1.0
HG00537	HLA-DRB1	04:05:01/09:01:02	HLA-DRB1*09:01:02/HLA-DRB1*04:05:01	1.0	1.0
HG00537	HLA-DQB1	03:03:02/04:01:01	HLA-DQB1*03:03:02/HLA-DQB1*04:01:01	1.0	1.0
HG00542	HLA-A	11:01:01/11:21N/33:03:01/33:03:03/33:15/33:25	HLA-A*11:01:01/HLA-A*33:03:01	1.0	1.0
HG00542	HLA-B	46:01:01/46:15N/58:01:01/58:11	HLA-B*46:01:01/HLA-B*58:01:01	1.0	1.0
HG00542	HLA-C	01:02:01/01:02:02/01:02:03/01:02:04/01:02:05/01:02:06/01:02:07/01:02:08/01:02:09/01:25/03:02:01/03:02:02/03:02:03	HLA-C*03:02:02/HLA-C*01:02:01	1.0	1.0
HG00542	HLA-DRB1	13:02:01/09:01:02	HLA-DRB1*13:02:01/HLA-DRB1*09:01:02	1.0	1.0
HG00542	HLA-DQB1	03:03:02/06:09	HLA-DQB1*03:03:02/HLA-DQB1*06:09:01	1.0	1.0
HG00543	HLA-A	02:07/02:15N/26:01:01/26:01:07/26:24/26:26	HLA-A*02:07:01/HLA-A*26:01:01	1.0	1.0
HG00543	HLA-B	35:01:01/35:01:03/35:40N/35:42/35:57/35:94/46:01:01/46:15N	HLA-B*46:01:01/HLA-B*35:01:01	1.0	1.0
HG00543	HLA-C	01:02:01/01:02:02/01:02:03/01:02:04/01:02:05/01:02:06/01:02:07/01:02:08/01:02:09/01:25/03:03:01/03:20N	HLA-C*03:03:01/HLA-C*01:02:01	1.0	1.0
HG00543	HLA-DRB1	15:01:01:01/15:01:01:02/09:01:02	HLA-DRB1*09:01:02/HLA-DRB1*15:01:01	1.0	1.0
HG00543	HLA-DQB1	03:03:02/06:02:01	HLA-DQB1*03:03:02/HLA-DQB1*06:02:01	1.0	1.0
HG00551	HLA-A	02:05:01/02:179/29:02:01	HLA-A*29:02:01/HLA-A*02:05:01	1.0	1.0
HG00551	HLA-B	44:03:01/44:03:03/44:03:04/50:01	HLA-B*50:01:01/HLA-B*44:03:01	1.0	1.0
HG00551	HLA-C	06:02:01:01/06:02:01:02/06:02:03/16:01:01	HLA-C*16:01:01/HLA-C*06:02:01	1.0	1.0
HG00551	HLA-DRB1	16:01:01/13:02:01	HLA-DRB1*16:01:01/HLA-DRB1*13:02:01	1.0	1.0
HG00551	HLA-DQB1	05:02:01/06:04:01/06:34	HLA-DQB1*05:02:01/HLA-DQB1*06:04:01	1.0	1.0
HG00553	HLA-A	02:01:01:01/02:01:01:02L/02:01:01:03/02:01:08/02:01:11/02:01:14/02:01:15/02:01:21/02:09/02:43N/02:66/02:75/02:83N/02:89/02:97/02:132/02:134/02:140/30:04	HLA-A*30:04:01/HLA-A*02:01:01	1.0	1.0
HG00553	HLA-B	44:03:02/58:01:01/58:11	HLA-B*44:03:02/HLA-B*58:01:01	1.0	1.0
HG00553	HLA-C	07:01:01/07:01:02/07:01:09/07:06/07:18/07:52/07:01:01/07:01:02/07:01:09/07:06/07:18/07:52	HLA-C*07:18:01/HLA-C*07:06:01	1.0	1.0
HG00553	HLA-DRB1	01:02:01/07:01:01:01/07:01:01:02	HLA-DRB1*07:01:01/HLA-DRB1*01:02:01	1.0	1.0
HG00553	HLA-DQB1	02:01:01/02:02/02:04/05:01:01	HLA-DQB1*05:01:01/HLA-DQB1*02:02:01	1.0	1.0
HG00554	HLA-A	02:01:01:01/02:01:01:02L/02:01:01:03/02:01:08/02:01:11/02:01:14/02:01:15/02:01:21/02:09/02:43N/02:66/02:75/02:83N/02:89/02:97/02:132/02:134/02:140/30:02:01/30:02:02	HLA-A*30:02:01/HLA-A*02:01:01	1.0	1.0
HG00554	HLA-B	35:01:01/35:01:03/35:40N/35:42/35:57/35:94/39:01:01:01/39:01:01:02L/39:01:03/39:46	HLA-B*39:01:01/HLA-B*35:01:01	1.0	1.0
HG00554	HLA-C	04:01:01:01/04:01:01:02/04:01:01:03/04:09N/04:28/04:30/04:41/12:03:01:01/12:03:01:02/12:03:06	HLA-C*04:01:01/HLA-C*12:03:01	1.0	1.0
HG00554	HLA-DRB1	13:01:01/13:02:01	HLA-DRB1*13:02:01/HLA-DRB1*13:01:01	1.0	1.0
HG00554	HLA-DQB1	06:03:01/06:09	HLA-DQB1*06:09:01/HLA-DQB1*06:03:01	1.0	1.0
HG00556	HLA-A	02:03:01/02:01:01:01/02:01:01:02L/02:01:01:03/02:01:08/02:01:11/02:01:14/02:01:15/02:01:21/02:09/02:43N/02:66/02:75/02:83N/02:89/02:97/02:132/02:134/02:140	HLA-A*02:03:01/HLA-A*02:01:01	1.0	1.0
HG00556	HLA-B	40:01:01/40:01:02/40:55/40:01:01/40:01:02/40:55	HLA-B*40:01:02/HLA-B*40:01:02	1.0	1.0
HG00556	HLA-C	03:04:01/03:04:03/07:02:01:01/07:02:01:02/07:02:01:03/07:50/07:66/07:74	HLA-C*07:02:01/HLA-C*03:04:01	1.0	1.0
HG00556	HLA-DRB1	12:02:01/09:01:02	HLA-DRB1*09:01:02/HLA-DRB1*12:02:01	1.0	1.0
HG00556	HLA-DQB1	03:03:02/03:01:01/03:01:04/03:09/03:19/03:21/03:22/03:24	HLA-DQB1*03:03:02/HLA-DQB1*03:01:01	1.0	1.0
HG00557	HLA-A	01:01:01:01/01:01:01:02N/01:04N/01:22N/01:32/01:34N/01:37/02:07/02:15N	HLA-A*01:01:01/HLA-A*02:07:01	1.0	1.0
HG00557	HLA-B	37:01:01/48:01:01/48:09	HLA-B*37:01:01/HLA-B*48:01:01	1.0	1.0
HG00557	HLA-C	06:02:01:01/06:02:01:02/06:02:03/12:02:01/12:02:02	HLA-C*12:02:02/HLA-C*06:02:01	1.0	1.0
HG00557	HLA-DRB1	14:05:01/10:01:01	HLA-DRB1*10:01:01/HLA-DRB1*14:05:01	1.0	1.0
HG00557	HLA-DQB1	05:01:01/05:03:01	HLA-DQB1*05:03:01/HLA-DQB1*05:01:01	1.0	1.0
HG00559	HLA-A	24:02:01:01/24:02:01:02L/24:02:03/24:02:10/24:02:13/24:09N/24:11N/24:40N/24:76/24:79/24:83N/33:03:01/33:03:03/33:15/33:25	HLA-A*33:03:01/HLA-A*24:02:01	1.0	1.0
HG00559	HLA-B	55:02:01/58:01:01/58:11	HLA-B*58:01:01/HLA-B*55:02:01	1.0	1.0
HG00559	HLA-C	01:02:01/01:02:02/01:02:03/01:02:04/01:02:05/01:02:06/01:02:07/01:02:08/01:02:09/01:25/03:02:01/03:02:02/03:02:03	HLA-C*03:02:02/HLA-C*01:02:01	1.0	1.0
HG00559	HLA-DRB1	03:01:01:01/03:01:01:02/09:01:02	HLA-DRB1*03:01:01/HLA-DRB1*09:01:02	1.0	1.0
HG00559	HLA-DQB1	02:01:01/02:02/02:04/03:03:02	HLA-DQB1*03:03:02/HLA-DQB1*02:01:01	1.0	1.0
HG00560	HLA-A	02:03:01/24:02:01:01/24:02:01:02L/24:02:03/24:02:10/24:02:13/24:09N/24:11N/24:40N/24:76/24:79/24:83N	HLA-A*24:02:01/HLA-A*02:03:01	1.0	1.0
HG00560	HLA-B	15:02/39:01:01:01/39:01:01:02L/39:01:03/39:46	HLA-B*39:01:01/HLA-B*15:02:01	1.0	1.0
HG00560	HLA-C	07:02:01:01/07:02:01:02/07:02:01:03/07:50/07:66/07:74/08:01:01/08:20/08:22/08:24	HLA-C*08:01:01/HLA-C*07:02:01	1.0	1.0
HG00560	HLA-DRB1	15:01:01:01/15:01:01:02/08:03:02	HLA-DRB1*08:03:02/HLA-DRB1*15:01:01	1.0	1.0
HG00560	HLA-DQB1	06:01:01/06:01:03/06:02:01	HLA-DQB1*06:01:01/HLA-DQB1*06:02:01	1.0	1.0
HG00565	HLA-A	02:03:01/33:03:01/33:03:03/33:15/33:25	HLA-A*33:03:01/HLA-A*02:03:01	1.0	1.0
HG00565	HLA-B	40:01:01/40:01:02/40:55/40:01:01/40:01:02/40:55	HLA-B*40:01:02/HLA-B*40:01:02	1.0	1.0
HG00565	HLA-C	03:04:01/03:04:03/07:02:01:01/07:02:01:02/07:02:01:03/07:50/07:66/07:74	HLA-C*03:04:01/HLA-C*07:02:01	1.0	1.0
HG00565	HLA-DRB1	16:02:01/16:02:01	HLA-DRB1*16:02:01/HLA-DRB1*16:02:01	1.0	1.0
HG00565	HLA-DQB1	05:02:01/05:02:01	HLA-DQB1*05:02:01/HLA-DQB1*05:02:01	1.0	1.0
HG00566	HLA-A	02:07/02:15N/24:02:01:01/24:02:01:02L/24:02:03/24:02:10/24:02:13/24:09N/24:11N/24:40N/24:76/24:79/24:83N	HLA-A*02:07:01/HLA-A*24:02:01	1.0	1.0
HG00566	HLA-B	46:01:01/46:15N/58:01:01/58:11	HLA-B*46:01:01/HLA-B*58:01:01	1.0	1.0
HG00566	HLA-C	01:02:01/01:02:02/01:02:03/01:02:04/01:02:05/01:02:06/01:02:07/01:02:08/01:02:09/01:25/03:02:01/03:02:02/03:02:03	HLA-C*03:02:02/HLA-C*01:02:01	1.0	1.0
HG00566	HLA-DRB1	03:01:01:01/03:01:01:02/09:01:02	HLA-DRB1*09:01:02/HLA-DRB1*03:01:01	1.0	1.0
HG00566	HLA-DQB1	02:01:01/02:02/02:04/03:03:02	HLA-DQB1*03:03:02/HLA-DQB1*02:01:01	1.0	1.0
HG00580	HLA-A	03:01:01:01/03:01:01:02N/03:01:01:03/03:01:07/03:20/03:21N/03:26/03:37/03:45/30:01:01/30:01:02/30:24	HLA-A*03:01:01/HLA-A*30:01:01	1.0	1.0
HG00580	HLA-B	13:02:01/13:02:05/51:01:01/51:01:05/51:01:07/51:11N/51:30/51:32/51:48/51:51	HLA-B*13:02:01/HLA-B*51:01:01	1.0	1.0
HG00580	HLA-C	04:01:01:01/04:01:01:02/04:01:01:03/04:09N/04:28/04:30/04:41/06:02:01:01/06:02:01:02/06:02:03	HLA-C*06:02:01/HLA-C*04:01:01	1.0	1.0
HG00580	HLA-DRB1	07:01:01:01/07:01:01:02/08:03:02	HLA-DRB1*07:01:01/HLA-DRB1*08:03:02	1.0	1.0
HG00580	HLA-DQB1	02:01:01/02:02/02:04/06:01:01/06:01:03	HLA-DQB1*06:01:01/HLA-DQB1*02:02:01	1.0	1.0
HG00581	HLA-A	02:01:01:01/02:01:01:02L/02:01:01:03/02:01:08/02:01:11/02:01:14/02:01:15/02:01:21/02:09/02:43N/02:66/02:75/02:83N/02:89/02:97/02:132/02:134/02:140/33:03:01/33:03:03/33:15/33:25	HLA-A*33:03:01/HLA-A*02:01:01	1.0	1.0
HG00581	HLA-B	15:11:01/40:01:01/40:01:02/40:55	HLA-B*40:01:02/HLA-B*15:11:01	1.0	1.0
HG00581	HLA-C	03:03:01/03:20N/07:02:01:01/07:02:01:02/07:02:01:03/07:50/07:66/07:74	HLA-C*07:02:01/HLA-C*03:03:01	1.0	1.0
HG00581	HLA-DRB1	15:01:01:01/15:01:01:02/12:01:01/12:06/12:10/12:17	HLA-DRB1*15:01:01/HLA-DRB1*12:01:01	1.0	1.0
HG00581	HLA-DQB1	03:01:01/03:01:04/03:09/03:19/03:21/03:22/03:24/06:02:01	HLA-DQB1*06:02:01/HLA-DQB1*03:01:01	1.0	1.0
HG00583	HLA-A	03:01:01:01/03:01:01:02N/03:01:01:03/03:01:07/03:20/03:21N/03:26/03:37/03:45/24:02:01:01/24:02:01:02L/24:02:03/24:02:10/24:02:13/24:09N/24:11N/24:40N/24:76/24:79/24:83N	HLA-A*03:01:01/HLA-A*24:02:01	1.0	1.0
HG00583	HLA-B	40:01:01/40:01:02/40:55/55:02:01	HLA-B*55:02:01/HLA-B*40:01:02	1.0	1.0
HG00583	HLA-C	01:02:01/01:02:02/01:02:03/01:02:04/01:02:05/01:02:06/01:02:07/01:02:08/01:02:09/01:25/03:04:01/03:04:03	HLA-C*01:02:01/HLA-C*03:04:01	1.0	1.0
HG00583	HLA-DRB1	11:01:01/11:01:08/04:05:01	HLA-DRB1*11:01:01/HLA-DRB1*04:05:01	1.0	1.0
HG00583	HLA-DQB1	03:02:01/03:01:01/03:01:04/03:09/03:19/03:21/03:22/03:24	HLA-DQB1*03:02:01/HLA-DQB1*03:01:01	1.0	1.0
HG00584	HLA-A	11:02:01/11:02:03/24:02:01:01/24:02:01:02L/24:02:03/24:02:10/24:02:13/24:09N/24:11N/24:40N/24:76/24:79/24:83N	HLA-A*24:02:01/HLA-A*11:02:01	1.0	1.0
HG00584	HLA-B	40:01:01/40:01:02/40:55/40:01:01/40:01:02/40:55	HLA-B*40:01:02/HLA-B*40:01:02	1.0	1.0
HG00584	HLA-C	03:04:01/03:04:03/07:02:01:01/07:02:01:02/07:02:01:03/07:50/07:66/07:74	HLA-C*03:04:01/HLA-C*07:02:01	1.0	1.0
HG00584	HLA-DRB1	15:01:01:01/15:01:01:02/11:01:01/11:01:08	HLA-DRB1*11:01:01/HLA-DRB1*15:01:01	1.0	1.0
HG00584	HLA-DQB1	03:01:01/03:01:04/03:09/03:19/03:21/03:22/03:24/06:02:01	HLA-DQB1*06:02:01/HLA-DQB1*03:01:01	1.0	1.0
HG00589	HLA-A	02:01:01:01/02:01:01:02L/02:01:01:03/02:01:08/02:01:11/02:01:14/02:01:15/02:01:21/02:09/02:43N/02:66/02:75/02:83N/02:89/02:97/02:132/02:134/02:140/02:01:01:01/02:01:01:02L/02:01:01:03/02:01:08/02:01:11/02:01:14/02:01:15/02:01:21/02:09/02:43N/02:66/02:75/02:83N/02:89/02:97/02:132/02:134/02:140	HLA-A*02:01:01/HLA-A*02:01:01	1.0	1.0
HG00589	HLA-B	13:01:01/51:01:01/51:01:05/51:01:07/51:11N/51:30/51:32/51:48/51:51	HLA-B*13:01:01/HLA-B*51:01:01	1.0	1.0
HG00589	HLA-C	03:04:01/03:04:03/14:02:01	HLA-C*14:02:01/HLA-C*03:04:01	1.0	1.0
HG00589	HLA-DRB1	15:01:01:01/15:01:01:02/11:01:01/11:01:08	HLA-DRB1*11:01:01/HLA-DRB1*15:01:01	1.0	1.0
HG00589	HLA-DQB1	03:01:01/03:01:04/03:09/03:19/03:21/03:22/03:24/06:01:01/06:01:03	HLA-DQB1*06:01:01/HLA-DQB1*03:01:01	1.0	1.0
HG00590	HLA-A	02:06:01/02:126/11:01:01/11:21N	HLA-A*11:01:01/HLA-A*02:06:01	1.0	1.0
HG00590	HLA-B	15:25:01/35:01:01/35:01:03/35:40N/35:42/35:57/35:94	HLA-B*15:25:01/HLA-B*35:01:01	1.0	1.0
HG00590	HLA-C	03:03:01/03:20N/04:03	HLA-C*03:03:01/HLA-C*04:03:01	1.0	1.0
HG00590	HLA-DRB1	15:01:01:01/15:01:01:02/11:01:01/11:01:08	HLA-DRB1*11:01:01/HLA-DRB1*15:01:01	1.0	1.0
HG00590	HLA-DQB1	03:01:01/03:01:04/03:09/03:19/03:21/03:22/03:24/05:02:01	HLA-DQB1*05:02:01/HLA-DQB1*03:01:01	1.0	1.0
HG00592	HLA-A	02:06:01/02:126/26:01:01/26:01:07/26:24/26:26	HLA-A*26:01:01/HLA-A*02:06:01	1.0	1.0
HG00592	HLA-B	08:01:01/08:19N/51:01:01/51:01:05/51:01:07/51:11N/51:30/51:32/51:48/51:51	HLA-B*08:01:01/HLA-B*51:01:01	1.0	1.0
HG00592	HLA-C	07:02:01:01/07:02:01:02/07:02:01:03/07:50/07:66/07:74/14:02:01	HLA-C*07:02:01/HLA-C*14:02:01	1.0	1.0
HG00592	HLA-DRB1	03:01:01:01/03:01:01:02/07:01:01:01/07:01:01:02	HLA-DRB1*03:01:01/HLA-DRB1*07:01:01	1.0	1.0
HG00592	HLA-DQB1	02:01:01/02:02/02:04/02:01:01/02:02/02:04	HLA-DQB1*02:02:01/HLA-DQB1*02:01:01	1.0	1.0
HG00593	HLA-A	24:02:01:01/24:02:01:02L/24:02:03/24:02:10/24:02:13/24:09N/24:11N/24:40N/24:76/24:79/24:83N/24:02:01:01/24:02:01:02L/24:02:03/24:02:10/24:02:13/24:09N/24:11N/24:40N/24:76/24:79/24:83N	HLA-A*24:02:01/HLA-A*24:02:01	1.0	1.0
HG00593	HLA-B	27:04:01/35:01:01/35:01:03/35:40N/35:42/35:57/35:94	HLA-B*27:04:01/HLA-B*35:01:01	1.0	1.0
HG00593	HLA-C	03:03:01/03:20N/12:02:01/12:02:02	HLA-C*03:03:01/HLA-C*12:02:02	1.0	1.0
HG00593	HLA-DRB1	15:01:01:01/15:01:01:02/04:03:01	HLA-DRB1*15:01:01/HLA-DRB1*04:03:01	1.0	1.0
HG00593	HLA-DQB1	03:02:01/06:02:01	HLA-DQB1*03:02:01/HLA-DQB1*06:02:01	1.0	1.0
HG00595	HLA-A	02:01:01:01/02:01:01:02L/02:01:01:03/02:01:08/02:01:11/02:01:14/02:01:15/02:01:21/02:09/02:43N/02:66/02:75/02:83N/02:89/02:97/02:132/02:134/02:140/11:01:01/11:21N	HLA-A*11:01:01/HLA-A*02:01:01	1.0	1.0
HG00595	HLA-B	15:02/40:01:01/40:01:02/40:55	HLA-B*15:02:01/HLA-B*40:01:02	1.0	1.0
HG00595	HLA-C	07:02:01:01/07:02:01:02/07:02:01:03/07:50/07:66/07:74/08:01:01/08:20/08:22/08:24	HLA-C*08:01:01/HLA-C*07:02:01	1.0	1.0
HG00595	HLA-DRB1	12:02:01/09:01:02	HLA-DRB1*09:01:02/HLA-DRB1*12:02:01	1.0	1.0
HG00595	HLA-DQB1	03:03:02/03:01:01/03:01:04/03:09/03:19/03:21/03:22/03:24	HLA-DQB1*03:03:02/HLA-DQB1*03:01:01	1.0	1.0
HG00596	HLA-A	11:01:01/11:21N/24:02:01:01/24:02:01:02L/24:02:03/24:02:10/24:02:13/24:09N/24:11N/24:40N/24:76/24:79/24:83N	HLA-A*24:02:01/HLA-A*11:01:01	1.0	1.0
HG00596	HLA-B	15:01:01:01/15:01:01:02N/15:01:06/15:01:07/15:102/15:104/15:140/15:146/40:01:01/40:01:02/40:55	HLA-B*40:01:02/HLA-B*15:01:01	1.0	1.0
HG00596	HLA-C	03:04:01/03:04:03/04:01:01:01/04:01:01:02/04:01:01:03/04:09N/04:28/04:30/04:41	HLA-C*04:01:01/HLA-C*03:04:01	1.0	1.0
HG00596	HLA-DRB1	11:01:01/11:01:08/09:01:02	HLA-DRB1*11:01:01/HLA-DRB1*09:01:02	1.0	1.0
HG00596	HLA-DQB1	03:03:02/03:01:01/03:01:04/03:09/03:19/03:21/03:22/03:24	HLA-DQB1*03:03:02/HLA-DQB1*03:01:01	1.0	1.0
HG00607	HLA-A	26:01:01/26:01:07/26:24/26:26/33:03:01/33:03:03/33:15/33:25	HLA-A*33:03:01/HLA-A*26:01:01	1.0	1.0
HG00607	HLA-B	40:01:01/40:01:02/40:55/58:01:01/58:11	HLA-B*40:01:02/HLA-B*58:01:35	1.0	1.0
HG00607	HLA-C	03:02:01/03:02:02/03:02:03/03:04:01/03:04:03	HLA-C*03:02:02/HLA-C*03:04:01	1.0	1.0
HG00607	HLA-DRB1	15:01:01:01/15:01:01:02/08:03:02	HLA-DRB1*15:01:01/HLA-DRB1*08:03:02	1.0	1.0
HG00607	HLA-DQB1	06:01:01/06:01:03/06:02:01	HLA-DQB1*06:01:01/HLA-DQB1*06:02:01	1.0	1.0
HG00608	HLA-A	11:02:01/11:02:03/24:02:01:01/24:02:01:02L/24:02:03/24:02:10/24:02:13/24:09N/24:11N/24:40N/24:76/24:79/24:83N	HLA-A*11:02:01/HLA-A*24:02:01	1.0	1.0
HG00608	HLA-B	40:01:01/40:01:02/40:55/40:02:01/40:56/40:97	HLA-B*40:02:01/HLA-B*40:01:02	1.0	1.0
HG00608	HLA-C	07:02:01:01/07:02:01:02/07:02:01:03/07:50/07:66/07:74/15:02:01/15:13	HLA-C*15:02:01/HLA-C*07:02:01	1.0	1.0
HG00608	HLA-DRB1	12:02:01/09:01:02	HLA-DRB1*09:01:02/HLA-DRB1*12:02:01	1.0	1.0
HG00608	HLA-DQB1	03:03:02/03:01:01/03:01:04/03:09/03:19/03:21/03:22/03:24	HLA-DQB1*03:03:02/HLA-DQB1*03:01:01	1.0	1.0
HG00610	HLA-A	02:10/02:06:01/02:126	HLA-A*02:06:01/HLA-A*02:10	1.0	1.0
HG00610	HLA-B	40:06:01:01/40:06:01:02/51:01:01/51:01:05/51:01:07/51:11N/51:30/51:32/51:48/51:51	HLA-B*51:01:01/HLA-B*40:06:01	1.0	1.0
HG00610	HLA-C	08:01:01/08:20/08:22/08:24/14:02:01	HLA-C*14:02:01/HLA-C*08:01:01	1.0	1.0
HG00610	HLA-DRB1	12:01:01/12:06/12:10/12:17/12:01:01/12:06/12:10/12:17	HLA-DRB1*12:01:01/HLA-DRB1*12:01:01	1.0	1.0
HG00610	HLA-DQB1	03:01:01/03:01:04/03:09/03:19/03:21/03:22/03:24/03:01:01/03:01:04/03:09/03:19/03:21/03:22/03:24	HLA-DQB1*03:01:01/HLA-DQB1*03:01:01	1.0	1.0
HG00611	HLA-A	02:07/02:15N/02:07/02:15N	HLA-A*02:07:01/HLA-A*02:07:01	1.0	1.0
HG00611	HLA-B	46:01:01/46:15N/46:01:01/46:15N	HLA-B*46:01:01/HLA-B*46:01:01	1.0	1.0
HG00611	HLA-C	01:02:01/01:02:02/01:02:03/01:02:04/01:02:05/01:02:06/01:02:07/01:02:08/01:02:09/01:25/01:02:01/01:02:02/01:02:03/01:02:04/01:02:05/01:02:06/01:02:07/01:02:08/01:02:09/01:25	HLA-C*01:02:01/HLA-C*01:02:01	1.0	1.0
HG00611	HLA-DRB1	11:01:01/11:01:08/04:05:01	HLA-DRB1*11:01:01/HLA-DRB1*04:05:01	1.0	1.0
HG00611	HLA-DQB1	03:01:01/03:01:04/03:09/03:19/03:21/03:22/03:24/04:01:01	HLA-DQB1*04:01:01/HLA-DQB1*03:01:01	1.0	1.0
HG00613	HLA-A	02:03:01/24:02:01:01/24:02:01:02L/24:02:03/24:02:10/24:02:13/24:09N/24:11N/24:40N/24:76/24:79/24:83N	HLA-A*24:02:01/HLA-A*02:03:01	1.0	1.0
HG00613	HLA-B	40:01:01/40:01:02/40:55/46:01:01/46:15N	HLA-B*40:01:02/HLA-B*46:01:01	1.0	1.0
HG00613	HLA-C	01:02:01/01:02:02/01:02:03/01:02:04/01:02:05/01:02:06/01:02:07/01:02:08/01:02:09/01:25/03:04:01/03:04:03	HLA-C*03:04:01/HLA-C*01:02:01	1.0	1.0
HG00613	HLA-DRB1	09:01:02/09:01:02	HLA-DRB1*09:01:02/HLA-DRB1*09:01:02	1.0	1.0
HG00613	HLA-DQB1	03:03:02/03:03:02	HLA-DQB1*03:03:02/HLA-DQB1*03:03:02	1.0	1.0
HG00614	HLA-A	02:01:01:01/02:01:01:02L/02:01:01:03/02:01:08/02:01:11/02:01:14/02:01:15/02:01:21/02:09/02:43N/02:66/02:75/02:83N/02:89/02:97/02:132/02:134/02:140/11:01:01/11:21N	HLA-A*11:01:01/HLA-A*02:01:01	1.0	1.0
HG00614	HLA-B	13:01:01/55:02:01	HLA-B*55:02:01/HLA-B*13:01:01	1.0	1.0
HG00614	HLA-C	01:02:01/01:02:02/01:02:03/01:02:04/01:02:05/01:02:06/01:02:07/01:02:08/01:02:09/01:25/03:04:01/03:04:03	HLA-C*03:04:01/HLA-C*01:02:01	1.0	1.0
HG00614	HLA-DRB1	04:05:01/12:02:01	HLA-DRB1*04:05:01/HLA-DRB1*12:02:01	1.0	1.0
HG00614	HLA-DQB1	03:01:01/03:01:04/03:09/03:19/03:21/03:22/03:24/04:01:01	HLA-DQB1*04:01:01/HLA-DQB1*03:01:01	1.0	1.0
HG00619	HLA-A	02:03:01/02:01:01:01/02:01:01:02L/02:01:01:03/02:01:08/02:01:11/02:01:14/02:01:15/02:01:21/02:09/02:43N/02:66/02:75/02:83N/02:89/02:97/02:132/02:134/02:140	HLA-A*02:03:01/HLA-A*02:01:01	1.0	1.0
HG00619	HLA-B	40:01:01/40:01:02/40:55/56:01/56:24	HLA-B*40:01:02/HLA-B*56:01:01	1.0	1.0
HG00619	HLA-C	03:04:01/03:04:03/07:02:01:01/07:02:01:02/07:02:01:03/07:50/07:66/07:74	HLA-C*07:02:01/HLA-C*03:04:01	1.0	1.0
HG00619	HLA-DRB1	14:01:01/14:54/09:01:02	HLA-DRB1*09:01:02/HLA-DRB1*14:54:01	1.0	1.0
HG00619	HLA-DQB1	03:03:02/05:03:01	HLA-DQB1*03:03:02/HLA-DQB1*05:03:01	1.0	1.0
HG00620	HLA-A	11:01:01/11:21N/24:02:01:01/24:02:01:02L/24:02:03/24:02:10/24:02:13/24:09N/24:11N/24:40N/24:76/24:79/24:83N	HLA-A*24:02:01/HLA-A*11:01:01	1.0	1.0
HG00620	HLA-B	15:02/51:01:01/51:01:05/51:01:07/51:11N/51:30/51:32/51:48/51:51	HLA-B*15:02:01/HLA-B*51:01:01	1.0	1.0
HG00620	HLA-C	08:01:01/08:20/08:22/08:24/15:02:01/15:13	HLA-C*08:01:01/HLA-C*15:02:01	1.0	1.0
HG00620	HLA-DRB1	11:01:01/11:01:08/12:02:01	HLA-DRB1*12:02:01/HLA-DRB1*11:01:01	1.0	1.0
HG00620	HLA-DQB1	03:01:01/03:01:04/03:09/03:19/03:21/03:22/03:24/03:01:01/03:01:04/03:09/03:19/03:21/03:22/03:24	HLA-DQB1*03:01:01/HLA-DQB1*03:01:01	1.0	1.0
HG00625	HLA-A	11:02:01/11:02:03/11:02:01/11:02:03	HLA-A*11:02:01/HLA-A*11:02:01	1.0	1.0
HG00625	HLA-B	15:01:01:01/15:01:01:02N/15:01:06/15:01:07/15:102/15:104/15:140/15:146/35:01:01/35:01:03/35:40N/35:42/35:57/35:94	HLA-B*35:01:01/HLA-B*15:01:01	1.0	1.0
HG00625	HLA-C	04:01:01:01/04:01:01:02/04:01:01:03/04:09N/04:28/04:30/04:41/15:02:01/15:13	HLA-C*04:01:01/HLA-C*15:02:01	1.0	1.0
HG00625	HLA-DRB1	15:01:01:01/15:01:01:02/04:06:01/04:06:02	HLA-DRB1*15:01:01/HLA-DRB1*04:06:01	1.0	1.0
HG00625	HLA-DQB1	03:02:01/06:02:01	HLA-DQB1*03:02:01/HLA-DQB1*06:02:01	1.0	1.0
HG00626	HLA-A	02:01:01:01/02:01:01:02L/02:01:01:03/02:01:08/02:01:11/02:01:14/02:01:15/02:01:21/02:09/02:43N/02:66/02:75/02:83N/02:89/02:97/02:132/02:134/02:140/11:01:01/11:21N	HLA-A*11:01:01/HLA-A*02:01:01	1.0	1.0
HG00626	HLA-B	15:27:01/40:01:01/40:01:02/40:55	HLA-B*15:27:01/HLA-B*40:01:02	1.0	1.0
HG00626	HLA-C	04:01:01:01/04:01:01:02/04:01:01:03/04:09N/04:28/04:30/04:41/07:02:01:01/07:02:01:02/07:02:01:03/07:50/07:66/07:74	HLA-C*07:02:01/HLA-C*04:01:01	1.0	1.0
HG00626	HLA-DRB1	15:01:01:01/15:01:01:02/04:06:01/04:06:02	HLA-DRB1*15:01:01/HLA-DRB1*04:06:01	1.0	1.0
HG00626	HLA-DQB1	03:02:01/06:02:01	HLA-DQB1*06:02:01/HLA-DQB1*03:02:01	1.0	1.0
HG00628	HLA-A	02:01:01:01/02:01:01:02L/02:01:01:03/02:01:08/02:01:11/02:01:14/02:01:15/02:01:21/02:09/02:43N/02:66/02:75/02:83N/02:89/02:97/02:132/02:134/02:140/24:02:01:01/24:02:01:02L/24:02:03/24:02:10/24:02:13/24:09N/24:11N/24:40N/24:76/24:79/24:83N	HLA-A*24:02:01/HLA-A*02:01:01	1.0	1.0
HG00628	HLA-B	13:01:01/38:02:01/38:18	HLA-B*38:02:01/HLA-B*13:01:01	1.0	1.0
HG00628	HLA-C	03:04:01/03:04:03/07:02:01:01/07:02:01:02/07:02:01:03/07:50/07:66/07:74	HLA-C*03:04:01/HLA-C*07:02:01	1.0	1.0
HG00628	HLA-DRB1	15:01:01:01/15:01:01:02/07:01:01:01/07:01:01:02	HLA-DRB1*07:01:01/HLA-DRB1*15:01:01	1.0	1.0
HG00628	HLA-DQB1	02:01:01/02:02/02:04/06:01:01/06:01:03	HLA-DQB1*06:01:01/HLA-DQB1*02:02:01	1.0	1.0
HG00629	HLA-A	11:01:01/11:21N/11:01:01/11:21N	HLA-A*11:01:01/HLA-A*11:01:01	1.0	1.0
HG00629	HLA-B	35:01:01/35:01:03/35:40N/35:42/35:57/35:94/40:02:01/40:56/40:97	HLA-B*40:02:01/HLA-B*35:01:01	1.0	1.0
HG00629	HLA-C	03:03:01/03:20N/07:02:01:01/07:02:01:02/07:02:01:03/07:50/07:66/07:74	HLA-C*03:03:01/HLA-C*07:02:01	1.0	1.0
HG00629	HLA-DRB1	08:03:02/12:02:01	HLA-DRB1*08:03:02/HLA-DRB1*12:02:01	1.0	1.0
HG00629	HLA-DQB1	03:01:01/03:01:04/03:09/03:19/03:21/03:22/03:24/06:01:01/06:01:03	HLA-DQB1*06:01:01/HLA-DQB1*03:01:01	1.0	1.0
HG00634	HLA-A	11:01:01/11:21N/24:02:01:01/24:02:01:02L/24:02:03/24:02:10/24:02:13/24:09N/24:11N/24:40N/24:76/24:79/24:83N	HLA-A*11:01:01/HLA-A*24:02:01	1.0	1.0
HG00634	HLA-B	39:01:01:01/39:01:01:02L/39:01:03/39:46/39:01:01:01/39:01:01:02L/39:01:03/39:46	HLA-B*39:01:01/HLA-B*39:01:01	1.0	1.0
HG00634	HLA-C	07:02:01:01/07:02:01:02/07:02:01:03/07:50/07:66/07:74/07:02:01:01/07:02:01:02/07:02:01:03/07:50/07:66/07:74	HLA-C*07:02:01/HLA-C*07:02:01	1.0	1.0
HG00634	HLA-DRB1	08:03:02/09:01:02	HLA-DRB1*09:01:02/HLA-DRB1*08:03:02	1.0	1.0
HG00634	HLA-DQB1	03:03:02/06:01:01/06:01:03	HLA-DQB1*03:03:02/HLA-DQB1*06:01:01	1.0	1.0
HG00637	HLA-A	02:01:01:01/02:01:01:02L/02:01:01:03/02:01:08/02:01:11/02:01:14/02:01:15/02:01:21/02:09/02:43N/02:66/02:75/02:83N/02:89/02:97/02:132/02:134/02:140/02:01:01:01/02:01:01:02L/02:01:01:03/02:01:08/02:01:11/02:01:14/02:01:15/02:01:21/02:09/02:43N/02:66/02:75/02:83N/02:89/02:97/02:132/02:134/02:140	HLA-A*02:01:01/HLA-A*02:01:01	1.0	1.0
HG00637	HLA-B	44:02:01:01/44:02:01:02S/44:19N/44:27/44:66/45:01/45:07	HLA-B*45:01:01/HLA-B*44:02:01	1.0	1.0
HG00637	HLA-C	05:01:01:01/05:01:01:02/05:01:04/05:01:05/05:03/16:01:01	HLA-C*05:01:01/HLA-C*16:01:01	1.0	1.0
HG00637	HLA-DRB1	04:03:01/12:01:01/12:06/12:10/12:17	HLA-DRB1*12:01:01/HLA-DRB1*04:03:01	1.0	1.0
HG00637	HLA-DQB1	03:02:01/03:01:01/03:01:04/03:09/03:19/03:21/03:22/03:24	HLA-DQB1*03:02:01/HLA-DQB1*03:01:01	1.0	1.0
HG00638	HLA-A	03:01:01:01/03:01:01:02N/03:01:01:03/03:01:07/03:20/03:21N/03:26/03:37/03:45/32:01:01/32:01:02	HLA-A*32:01:01/HLA-A*03:01:01	1.0	1.0
HG00638	HLA-B	35:01:01/35:01:03/35:40N/35:42/35:57/35:94/51:01:01/51:01:05/51:01:07/51:11N/51:30/51:32/51:48/51:51	HLA-B*35:01:01/HLA-B*51:01:01	1.0	1.0
HG00638	HLA-C	04:01:01:01/04:01:01:02/04:01:01:03/04:09N/04:28/04:30/04:41/04:01:01:01/04:01:01:02/04:01:01:03/04:09N/04:28/04:30/04:41	HLA-C*04:01:01/HLA-C*04:01:01	1.0	1.0
HG00638	HLA-DRB1	11:01:01/11:01:08/04:03:01	HLA-DRB1*11:01:01/HLA-DRB1*04:03:01	1.0	1.0
HG00638	HLA-DQB1	03:04/03:01:01/03:01:04/03:09/03:19/03:21/03:22/03:24	HLA-DQB1*03:01:01/HLA-DQB1*03:04:01	1.0	1.0
HG00640	HLA-A	03:01:01:01/03:01:01:02N/03:01:01:03/03:01:07/03:20/03:21N/03:26/03:37/03:45/30:02:01/30:02:02	HLA-A*03:01:01/HLA-A*30:02:01	1.0	1.0
HG00640	HLA-B	07:05:01/07:06/18:01:01/18:01:03/18:17N	HLA-B*07:05:01/HLA-B*18:01:01	1.0	1.0
HG00640	HLA-C	05:01:01:01/05:01:01:02/05:01:04/05:01:05/05:03/15:05:01/15:05:02/15:05:03	HLA-C*05:01:01/HLA-C*15:05:02	1.0	1.0
HG00640	HLA-DRB1	03:01:01:01/03:01:01:02/04:02	HLA-DRB1*03:01:01/HLA-DRB1*04:14	1.0	0.0
HG00640	HLA-DQB1	02:01:01/02:02/02:04/03:02:01	HLA-DQB1*03:02:01/HLA-DQB1*02:01:01	1.0	1.0
HG00641	HLA-A	02:01:01:01/02:01:01:02L/02:01:01:03/02:01:08/02:01:11/02:01:14/02:01:15/02:01:21/02:09/02:43N/02:66/02:75/02:83N/02:89/02:97/02:132/02:134/02:140/23:01:01/23:07N/23:17/23:18/23:20	HLA-A*23:17:01/HLA-A*02:01:01	1.0	1.0
HG00641	HLA-B	07:02:01/07:02:06/07:02:09/07:44/07:49N/07:58/07:59/07:61/15:03:01/15:103	HLA-B*15:03:01/HLA-B*07:02:01	1.0	1.0
HG00641	HLA-C	02:10/07:02:01:01/07:02:01:02/07:02:01:03/07:50/07:66/07:74	HLA-C*02:10:01/HLA-C*07:02:01	1.0	1.0
HG00641	HLA-DRB1	15:01:01:01/15:01:01:02/11:01:02	HLA-DRB1*15:01:01/HLA-DRB1*11:01:02	1.0	1.0
HG00641	HLA-DQB1	06:02:01/06:03:01	HLA-DQB1*06:03:01/HLA-DQB1*06:02:01	1.0	1.0
HG00650	HLA-A	02:03:01/11:01:01/11:21N	HLA-A*11:01:01/HLA-A*02:03:01	1.0	1.0
HG00650	HLA-B	46:01:01/46:15N/58:01:01/58:11	HLA-B*58:01:01/HLA-B*46:01:01	1.0	1.0
HG00650	HLA-C	01:02:01/01:02:02/01:02:03/01:02:04/01:02:05/01:02:06/01:02:07/01:02:08/01:02:09/01:25/03:02:01/03:02:02/03:02:03	HLA-C*03:02:02/HLA-C*01:02:01	1.0	1.0
HG00650	HLA-DRB1	11:01:01/11:01:08/12:02:01	HLA-DRB1*12:02:01/HLA-DRB1*11:01:01	1.0	1.0
HG00650	HLA-DQB1	03:01:01/03:01:04/03:09/03:19/03:21/03:22/03:24/03:01:01/03:01:04/03:09/03:19/03:21/03:22/03:24	HLA-DQB1*03:01:01/HLA-DQB1*03:01:01	1.0	1.0
HG00651	HLA-A	02:01:01:01/02:01:01:02L/02:01:01:03/02:01:08/02:01:11/02:01:14/02:01:15/02:01:21/02:09/02:43N/02:66/02:75/02:83N/02:89/02:97/02:132/02:134/02:140/11:01:01/11:21N	HLA-A*02:01:01/HLA-A*11:01:01	1.0	1.0
HG00651	HLA-B	13:01:01/46:01:01/46:15N	HLA-B*46:01:01/HLA-B*13:01:01	1.0	1.0
HG00651	HLA-C	01:02:01/01:02:02/01:02:03/01:02:04/01:02:05/01:02:06/01:02:07/01:02:08/01:02:09/01:25/03:04:01/03:04:03	HLA-C*01:02:01/HLA-C*03:04:01	1.0	1.0
HG00651	HLA-DRB1	04:04/08:03:02	HLA-DRB1*08:03:02/HLA-DRB1*04:04:01	1.0	1.0
HG00651	HLA-DQB1	03:02:01/06:01:01/06:01:03	HLA-DQB1*03:02:01/HLA-DQB1*06:01:01	1.0	1.0
HG00653	HLA-A	02:07/02:15N/33:03:01/33:03:03/33:15/33:25	HLA-A*33:03:01/HLA-A*02:07:01	1.0	1.0
HG00653	HLA-B	51:01:01/51:01:05/51:01:07/51:11N/51:30/51:32/51:48/51:51/58:01:01/58:11	HLA-B*51:01:01/HLA-B*58:01:01	1.0	1.0
HG00653	HLA-C	03:02:01/03:02:02/03:02:03/15:02:01/15:13	HLA-C*03:02:02/HLA-C*15:02:01	1.0	1.0
HG00653	HLA-DRB1	03:01:01:01/03:01:01:02/08:03:02	HLA-DRB1*08:03:02/HLA-DRB1*03:01:01	1.0	1.0
HG00653	HLA-DQB1	02:01:01/02:02/02:04/06:01:01/06:01:03	HLA-DQB1*02:01:01/HLA-DQB1*06:01:01	1.0	1.0
HG00654	HLA-A	11:01:01/11:21N/24:04	HLA-A*11:01:01/HLA-A*24:04	1.0	1.0
HG00654	HLA-B	40:01:01/40:01:02/40:55/40:01:01/40:01:02/40:55	HLA-B*40:01:02/HLA-B*40:01:02	1.0	1.0
HG00654	HLA-C	03:04:01/03:04:03/07:02:01:01/07:02:01:02/07:02:01:03/07:50/07:66/07:74	HLA-C*07:02:01/HLA-C*03:04:01	1.0	1.0
HG00654	HLA-DRB1	15:01:01:01/15:01:01:02/08:03:02	HLA-DRB1*08:03:02/HLA-DRB1*15:01:01	1.0	1.0
HG00654	HLA-DQB1	06:01:01/06:01:03/06:02:01	HLA-DQB1*06:02:01/HLA-DQB1*06:01:01	1.0	1.0
HG00656	HLA-A	11:01:01/11:21N/11:01:01/11:21N	HLA-A*11:01:01/HLA-A*11:01:01	1.0	1.0
HG00656	HLA-B	39:01:01:01/39:01:01:02L/39:01:03/39:46/46:01:01/46:15N	HLA-B*39:01:01/HLA-B*46:01:01	1.0	1.0
HG00656	HLA-C	01:02:01/01:02:02/01:02:03/01:02:04/01:02:05/01:02:06/01:02:07/01:02:08/01:02:09/01:25/07:02:01:01/07:02:01:02/07:02:01:03/07:50/07:66/07:74	HLA-C*07:02:01/HLA-C*01:02:01	1.0	1.0
HG00656	HLA-DRB1	14:01:01/14:54/08:03:02	HLA-DRB1*08:03:02/HLA-DRB1*14:54:01	1.0	1.0
HG00656	HLA-DQB1	05:02:01/06:01:01/06:01:03	HLA-DQB1*05:02:01/HLA-DQB1*06:01:01	1.0	1.0
HG00657	HLA-A	02:07/02:15N/11:01:01/11:21N	HLA-A*11:01:01/HLA-A*02:07:01	1.0	1.0
HG00657	HLA-B	46:01:01/46:15N/51:01:02	HLA-B*46:01:01/HLA-B*51:01:02	1.0	1.0
HG00657	HLA-C	01:02:01/01:02:02/01:02:03/01:02:04/01:02:05/01:02:06/01:02:07/01:02:08/01:02:09/01:25/14:02:01	HLA-C*14:02:01/HLA-C*01:02:01	1.0	1.0
HG00657	HLA-DRB1	14:04/09:01:02	HLA-DRB1*09:01:02/HLA-DRB1*14:04:01	1.0	1.0
HG00657	HLA-DQB1	03:03:02/05:03:01	HLA-DQB1*03:03:02/HLA-DQB1*05:03:01	1.0	1.0
HG00662	HLA-A	02:07/02:15N/02:06:01/02:126	HLA-A*02:06:01/HLA-A*02:07:01	1.0	1.0
HG00662	HLA-B	40:01:01/40:01:02/40:55/46:01:01/46:15N	HLA-B*40:01:02/HLA-B*46:01:01	1.0	1.0
HG00662	HLA-C	03:04:01/03:04:03/03:03:01/03:20N	HLA-C*03:03:01/HLA-C*03:04:01	1.0	1.0
HG00662	HLA-DRB1	15:01:01:01/15:01:01:02/09:01:02	HLA-DRB1*09:01:02/HLA-DRB1*15:01:01	1.0	1.0
HG00662	HLA-DQB1	03:03:02/06:02:01	HLA-DQB1*03:03:02/HLA-DQB1*06:02:01	1.0	1.0
HG00663	HLA-A	24:02:01:01/24:02:01:02L/24:02:03/24:02:10/24:02:13/24:09N/24:11N/24:40N/24:76/24:79/24:83N/74:01/74:02	HLA-A*24:02:01/HLA-A*74:02:01	1.0	1.0
HG00663	HLA-B	40:01:01/40:01:02/40:55/51:01:02	HLA-B*40:01:02/HLA-B*51:01:02	1.0	1.0
HG00663	HLA-C	12:03:01:01/12:03:01:02/12:03:06/14:02:01	HLA-C*14:02:01/HLA-C*12:03:01	1.0	1.0
HG00663	HLA-DRB1	15:01:01:01/15:01:01:02/04:05:01	HLA-DRB1*15:01:01/HLA-DRB1*04:05:01	1.0	1.0
HG00663	HLA-DQB1	04:01:01/05:02:01	HLA-DQB1*04:01:01/HLA-DQB1*05:02:01	1.0	1.0
HG00671	HLA-A	02:06:01/02:126/24:02:01:01/24:02:01:02L/24:02:03/24:02:10/24:02:13/24:09N/24:11N/24:40N/24:76/24:79/24:83N	HLA-A*02:06:01/HLA-A*24:02:01	1.0	1.0
HG00671	HLA-B	15:02/48:03:01	HLA-B*48:03:01/HLA-B*15:02:01	1.0	1.0
HG00671	HLA-C	08:01:01/08:20/08:22/08:24/08:01:01/08:20/08:22/08:24	HLA-C*08:01:01/HLA-C*08:01:01	1.0	1.0
HG00671	HLA-DRB1	11:01:01/11:01:08/12:02:01	HLA-DRB1*12:02:01/HLA-DRB1*11:01:01	1.0	1.0
HG00671	HLA-DQB1	03:01:01/03:01:04/03:09/03:19/03:21/03:22/03:24/03:01:01/03:01:04/03:09/03:19/03:21/03:22/03:24	HLA-DQB1*03:01:01/HLA-DQB1*03:01:01	1.0	1.0
HG00672	HLA-A	02:03:01/31:01:02/31:14N/31:23	HLA-A*31:01:02/HLA-A*02:03:01	1.0	1.0
HG00672	HLA-B	38:02:01/38:18/51:02:01	HLA-B*51:02:01/HLA-B*38:02:01	1.0	1.0
HG00672	HLA-C	07:02:01:01/07:02:01:02/07:02:01:03/07:50/07:66/07:74/15:02:01/15:13	HLA-C*07:02:01/HLA-C*15:02:01	1.0	1.0
HG00672	HLA-DRB1	08:03:02/08:03:02	HLA-DRB1*08:03:02/HLA-DRB1*08:03:02	1.0	1.0
HG00672	HLA-DQB1	06:01:01/06:01:03/06:01:01/06:01:03	HLA-DQB1*06:01:01/HLA-DQB1*06:01:01	1.0	1.0
HG00683	HLA-A	02:07/02:15N/11:02:01/11:02:03	HLA-A*11:02:01/HLA-A*02:07:01	1.0	1.0
HG00683	HLA-B	40:01:01/40:01:02/40:55/46:01:01/46:15N	HLA-B*46:01:01/HLA-B*40:01:02	1.0	1.0
HG00683	HLA-C	01:02:01/01:02:02/01:02:03/01:02:04/01:02:05/01:02:06/01:02:07/01:02:08/01:02:09/01:25/07:02:01:01/07:02:01:02/07:02:01:03/07:50/07:66/07:74	HLA-C*01:02:01/HLA-C*07:02:01	1.0	1.0
HG00683	HLA-DRB1	11:01:01/11:01:08/09:01:02	HLA-DRB1*09:01:02/HLA-DRB1*11:01:01	1.0	1.0
HG00683	HLA-DQB1	03:03:02/03:01:01/03:01:04/03:09/03:19/03:21/03:22/03:24	HLA-DQB1*03:03:02/HLA-DQB1*03:01:01	1.0	1.0
HG00684	HLA-A	02:01:01:01/02:01:01:02L/02:01:01:03/02:01:08/02:01:11/02:01:14/02:01:15/02:01:21/02:09/02:43N/02:66/02:75/02:83N/02:89/02:97/02:132/02:134/02:140/11:01:01/11:21N	HLA-A*11:01:01/HLA-A*02:01:01	1.0	1.0
HG00684	HLA-B	13:01:01/13:01:01	HLA-B*13:01:01/HLA-B*13:01:01	1.0	1.0
HG00684	HLA-C	03:04:01/03:04:03/03:04:01/03:04:03	HLA-C*03:04:01/HLA-C*03:04:01	1.0	1.0
HG00684	HLA-DRB1	15:01:01:01/15:01:01:02/15:01:01:01/15:01:01:02	HLA-DRB1*15:01:01/HLA-DRB1*15:01:01	1.0	1.0
HG00684	HLA-DQB1	06:01:01/06:01:03/06:01:01/06:01:03	HLA-DQB1*06:01:01/HLA-DQB1*06:01:01	1.0	1.0
HG00689	HLA-A	11:01:01/11:21N/24:02:01:01/24:02:01:02L/24:02:03/24:02:10/24:02:13/24:09N/24:11N/24:40N/24:76/24:79/24:83N	HLA-A*11:01:01/HLA-A*24:02:01	1.0	1.0
HG00689	HLA-B	40:01:01/40:01:02/40:55/48:01:01/48:09	HLA-B*48:01:01/HLA-B*40:01:02	1.0	1.0
HG00689	HLA-C	03:03:01/03:20N/08:01:01/08:20/08:22/08:24	HLA-C*08:01:01/HLA-C*03:03:01	1.0	1.0
HG00689	HLA-DRB1	04:05:01/09:01:02	HLA-DRB1*04:05:01/HLA-DRB1*09:01:02	1.0	1.0
HG00689	HLA-DQB1	03:03:02/04:02	HLA-DQB1*03:03:02/HLA-DQB1*04:02:01	1.0	1.0
HG00690	HLA-A	24:02:01:01/24:02:01:02L/24:02:03/24:02:10/24:02:13/24:09N/24:11N/24:40N/24:76/24:79/24:83N/24:02:01:01/24:02:01:02L/24:02:03/24:02:10/24:02:13/24:09N/24:11N/24:40N/24:76/24:79/24:83N	HLA-A*24:02:01/HLA-A*24:02:01	1.0	1.0
HG00690	HLA-B	39:01:01:01/39:01:01:02L/39:01:03/39:46/40:01:01/40:01:02/40:55	HLA-B*40:01:02/HLA-B*39:01:01	1.0	1.0
HG00690	HLA-C	03:04:01/03:04:03/07:02:01:01/07:02:01:02/07:02:01:03/07:50/07:66/07:74	HLA-C*07:02:01/HLA-C*03:04:01	1.0	1.0
HG00690	HLA-DRB1	14:01:01/14:54/04:06:01/04:06:02	HLA-DRB1*14:54:01/HLA-DRB1*04:06:01	1.0	1.0
HG00690	HLA-DQB1	03:02:01/05:02:01	HLA-DQB1*05:02:01/HLA-DQB1*03:02:01	1.0	1.0
HG00692	HLA-A	02:01:01:01/02:01:01:02L/02:01:01:03/02:01:08/02:01:11/02:01:14/02:01:15/02:01:21/02:09/02:43N/02:66/02:75/02:83N/02:89/02:97/02:132/02:134/02:140/11:01:01/11:21N	HLA-A*11:01:01/HLA-A*02:01:01	1.0	1.0
HG00692	HLA-B	15:01:01:01/15:01:01:02N/15:01:06/15:01:07/15:102/15:104/15:140/15:146/46:01:01/46:15N	HLA-B*46:01:01/HLA-B*15:01:01	1.0	1.0
HG00692	HLA-C	01:02:01/01:02:02/01:02:03/01:02:04/01:02:05/01:02:06/01:02:07/01:02:08/01:02:09/01:25/07:02:01:01/07:02:01:02/07:02:01:03/07:50/07:66/07:74	HLA-C*01:02:01/HLA-C*07:02:01	1.0	1.0
HG00692	HLA-DRB1	11:01:01/11:01:08/04:04	HLA-DRB1*11:01:01/HLA-DRB1*04:04:01	1.0	1.0
HG00692	HLA-DQB1	03:02:01/03:01:01/03:01:04/03:09/03:19/03:21/03:22/03:24	HLA-DQB1*03:02:01/HLA-DQB1*03:01:01	1.0	1.0
HG00693	HLA-A	02:07/02:15N/24:02:01:01/24:02:01:02L/24:02:03/24:02:10/24:02:13/24:09N/24:11N/24:40N/24:76/24:79/24:83N	HLA-A*02:07:01/HLA-A*24:02:01	1.0	1.0
HG00693	HLA-B	13:01:01/40:01:01/40:01:02/40:55	HLA-B*13:01:01/HLA-B*40:01:02	1.0	1.0
HG00693	HLA-C	03:04:01/03:04:03/07:02:01:01/07:02:01:02/07:02:01:03/07:50/07:66/07:74	HLA-C*07:02:01/HLA-C*03:04:01	1.0	1.0
HG00693	HLA-DRB1	13:12/08:03:02	HLA-DRB1*13:12:01/HLA-DRB1*08:03:02	1.0	1.0
HG00693	HLA-DQB1	03:01:01/03:01:04/03:09/03:19/03:21/03:22/03:24/06:01:01/06:01:03	HLA-DQB1*06:01:01/HLA-DQB1*03:01:01	1.0	1.0
HG00698	HLA-A	02:03:01/02:03:01	HLA-A*02:03:01/HLA-A*02:03:01	1.0	1.0
HG00698	HLA-B	38:02:01/38:18/58:01:01/58:11	HLA-B*38:02:01/HLA-B*58:01:01	1.0	1.0
HG00698	HLA-C	03:36/07:02:01:01/07:02:01:02/07:02:01:03/07:50/07:66/07:74	HLA-C*03:36/HLA-C*07:02:01	1.0	1.0
HG00698	HLA-DRB1	15:02:01/13:01:01	HLA-DRB1*15:02:01/HLA-DRB1*13:01:01	1.0	1.0
HG00698	HLA-DQB1	05:02:01/06:03:01	HLA-DQB1*05:02:01/HLA-DQB1*06:03:01	1.0	1.0
HG00699	HLA-A	02:01:01:01/02:01:01:02L/02:01:01:03/02:01:08/02:01:11/02:01:14/02:01:15/02:01:21/02:09/02:43N/02:66/02:75/02:83N/02:89/02:97/02:132/02:134/02:140/33:03:01/33:03:03/33:15/33:25	HLA-A*33:03:01/HLA-A*02:01:01	1.0	1.0
HG00699	HLA-B	52:01:01/52:07/58:01:01/58:11	HLA-B*58:01:01/HLA-B*52:01:01	1.0	1.0
HG00699	HLA-C	03:02:01/03:02:02/03:02:03/07:02:01:01/07:02:01:02/07:02:01:03/07:50/07:66/07:74	HLA-C*07:02:01/HLA-C*03:02:02	1.0	1.0
HG00699	HLA-DRB1	03:01:01:01/03:01:01:02/12:02:01	HLA-DRB1*03:01:01/HLA-DRB1*12:02:01	1.0	1.0
HG00699	HLA-DQB1	02:01:01/02:02/02:04/05:02:01	HLA-DQB1*05:02:01/HLA-DQB1*02:01:01	1.0	1.0
HG00701	HLA-A	11:01:01/11:21N/24:02:01:01/24:02:01:02L/24:02:03/24:02:10/24:02:13/24:09N/24:11N/24:40N/24:76/24:79/24:83N	HLA-A*11:01:01/HLA-A*24:02:01	1.0	1.0
HG00701	HLA-B	15:02/46:01:01/46:15N	HLA-B*15:02:01/HLA-B*46:01:01	1.0	1.0
HG00701	HLA-C	01:02:01/01:02:02/01:02:03/01:02:04/01:02:05/01:02:06/01:02:07/01:02:08/01:02:09/01:25/08:01:01/08:20/08:22/08:24	HLA-C*08:01:01/HLA-C*01:02:01	1.0	1.0
HG00701	HLA-DRB1	15:01:01:01/15:01:01:02/09:01:02	HLA-DRB1*15:01:01/HLA-DRB1*09:01:02	1.0	1.0
HG00701	HLA-DQB1	03:03:02/06:01:01/06:01:03	HLA-DQB1*03:03:02/HLA-DQB1*06:01:01	1.0	1.0
HG00704	HLA-A	02:03:01/02:01:01:01/02:01:01:02L/02:01:01:03/02:01:08/02:01:11/02:01:14/02:01:15/02:01:21/02:09/02:43N/02:66/02:75/02:83N/02:89/02:97/02:132/02:134/02:140	HLA-A*02:03:01/HLA-A*02:01:01	1.0	1.0
HG00704	HLA-B	13:01:01/38:02:01/38:18	HLA-B*38:02:01/HLA-B*13:01:01	1.0	1.0
HG00704	HLA-C	03:04:01/03:04:03/07:02:01:01/07:02:01:02/07:02:01:03/07:50/07:66/07:74	HLA-C*07:02:01/HLA-C*03:04:01	1.0	1.0
HG00704	HLA-DRB1	15:01:01:01/15:01:01:02/16:02:01	HLA-DRB1*16:02:01/HLA-DRB1*15:01:01	1.0	1.0
HG00704	HLA-DQB1	05:02:01/06:01:01/06:01:03	HLA-DQB1*05:02:01/HLA-DQB1*06:01:01	1.0	1.0
HG00705	HLA-A	11:01:01/11:21N/24:02:01:01/24:02:01:02L/24:02:03/24:02:10/24:02:13/24:09N/24:11N/24:40N/24:76/24:79/24:83N	HLA-A*11:01:01/HLA-A*24:02:01	1.0	1.0
HG00705	HLA-B	27:04:01/54:01/54:17	HLA-B*27:04:01/HLA-B*54:01:01	1.0	1.0
HG00705	HLA-C	01:02:01/01:02:02/01:02:03/01:02:04/01:02:05/01:02:06/01:02:07/01:02:08/01:02:09/01:25/08:01:01/08:20/08:22/08:24	HLA-C*01:02:01/HLA-C*08:01:01	1.0	1.0
HG00705	HLA-DRB1	15:01:01:01/15:01:01:02/14:05:01	HLA-DRB1*14:05:01/HLA-DRB1*15:01:01	1.0	1.0
HG00705	HLA-DQB1	05:03:01/06:02:01	HLA-DQB1*05:03:01/HLA-DQB1*06:02:01	1.0	1.0
HG00707	HLA-A	02:07/02:15N/11:01:01/11:21N	HLA-A*11:01:01/HLA-A*02:07:01	1.0	1.0
HG00707	HLA-B	40:01:01/40:01:02/40:55/46:01:01/46:15N	HLA-B*46:01:01/HLA-B*40:01:02	1.0	1.0
HG00707	HLA-C	01:02:01/01:02:02/01:02:03/01:02:04/01:02:05/01:02:06/01:02:07/01:02:08/01:02:09/01:25/07:02:01:01/07:02:01:02/07:02:01:03/07:50/07:66/07:74	HLA-C*07:02:01/HLA-C*01:02:01	1.0	1.0
HG00707	HLA-DRB1	16:02:01/14:07:01	HLA-DRB1*16:02:01/HLA-DRB1*14:07:01	1.0	1.0
HG00707	HLA-DQB1	05:02:01/05:03:01	HLA-DQB1*05:02:01/HLA-DQB1*05:03:01	1.0	1.0
HG00708	HLA-A	01:01:01:01/01:01:01:02N/01:04N/01:22N/01:32/01:34N/01:37/02:07/02:15N	HLA-A*02:07:01/HLA-A*01:01:01	1.0	1.0
HG00708	HLA-B	46:01:01/46:15N/57:01:01	HLA-B*57:01:01/HLA-B*46:01:01	1.0	1.0
HG00708	HLA-C	01:02:01/01:02:02/01:02:03/01:02:04/01:02:05/01:02:06/01:02:07/01:02:08/01:02:09/01:25/06:02:01:01/06:02:01:02/06:02:03	HLA-C*01:02:01/HLA-C*06:02:01	1.0	1.0
HG00708	HLA-DRB1	07:01:01:01/07:01:01:02/09:01:02	HLA-DRB1*09:01:02/HLA-DRB1*07:01:01	1.0	1.0
HG00708	HLA-DQB1	03:03:02/03:03:02	HLA-DQB1*03:03:02/HLA-DQB1*03:03:02	1.0	1.0
HG00731	HLA-A	24:02:01:01/24:02:01:02L/24:02:03/24:02:10/24:02:13/24:09N/24:11N/24:40N/24:76/24:79/24:83N/24:02:01:01/24:02:01:02L/24:02:03/24:02:10/24:02:13/24:09N/24:11N/24:40N/24:76/24:79/24:83N	HLA-A*24:02:01/HLA-A*24:02:01	1.0	1.0
HG00731	HLA-B	08:01:01/08:19N/35:02:01	HLA-B*08:01:01/HLA-B*35:02:01	1.0	1.0
HG00731	HLA-C	04:01:01:01/04:01:01:02/04:01:01:03/04:09N/04:28/04:30/04:41/07:01:01/07:01:02/07:01:09/07:06/07:18/07:52	HLA-C*07:01:01/HLA-C*04:01:01	1.0	1.0
HG00731	HLA-DRB1	11:04:01/12:01:01/12:06/12:10/12:17	HLA-DRB1*11:04:01/HLA-DRB1*12:01:01	1.0	1.0
HG00731	HLA-DQB1	03:01:01/03:01:04/03:09/03:19/03:21/03:22/03:24/03:01:01/03:01:04/03:09/03:19/03:21/03:22/03:24	HLA-DQB1*03:01:01/HLA-DQB1*03:01:01	1.0	1.0
HG00732	HLA-A	11:01:01/11:21N/30:02:01/30:02:02	HLA-A*11:01:01/HLA-A*30:02:01	1.0	1.0
HG00732	HLA-B	18:01:01/18:01:03/18:17N/35:01:01/35:01:03/35:40N/35:42/35:57/35:94	HLA-B*18:01:01/HLA-B*35:01:01	1.0	1.0
HG00732	HLA-C	04:01:01:01/04:01:01:02/04:01:01:03/04:09N/04:28/04:30/04:41/05:01:01:01/05:01:01:02/05:01:04/05:01:05/05:03	HLA-C*05:01:01/HLA-C*04:01:01	1.0	1.0
HG00732	HLA-DRB1	03:01:01:01/03:01:01:02/14:01:01/14:54	HLA-DRB1*14:54:01/HLA-DRB1*03:01:01	1.0	1.0
HG00732	HLA-DQB1	02:01:01/02:02/02:04/05:03:01	HLA-DQB1*02:01:01/HLA-DQB1*05:03:01	1.0	1.0
HG00734	HLA-A	03:01:01:01/03:01:01:02N/03:01:01:03/03:01:07/03:20/03:21N/03:26/03:37/03:45/33:01:01	HLA-A*03:01:01/HLA-A*33:01:01	1.0	1.0
HG00734	HLA-B	07:02:01/07:02:06/07:02:09/07:44/07:49N/07:58/07:59/07:61/14:02:01	HLA-B*07:02:01/HLA-B*14:02:01	1.0	1.0
HG00734	HLA-C	07:02:01:01/07:02:01:02/07:02:01:03/07:50/07:66/07:74/08:02	HLA-C*07:02:01/HLA-C*08:02:01	1.0	1.0
HG00734	HLA-DRB1	11:01:02/04:11	HLA-DRB1*11:01:02/HLA-DRB1*04:11:01	1.0	1.0
HG00734	HLA-DQB1	03:02:01/06:02:01	HLA-DQB1*03:02:01/HLA-DQB1*06:02:01	1.0	1.0
HG00736	HLA-A	01:01:01:01/01:01:01:02N/01:04N/01:22N/01:32/01:34N/01:37/02:05:01/02:179	HLA-A*02:05:01/HLA-A*01:01:01	1.0	1.0
HG00736	HLA-B	08:01:01/08:19N/58:01:01/58:11	HLA-B*08:01:01/HLA-B*58:01:01	1.0	1.0
HG00736	HLA-C	07:01:01/07:01:02/07:01:09/07:06/07:18/07:52/07:01:01/07:01:02/07:01:09/07:06/07:18/07:52	HLA-C*07:01:01/HLA-C*07:18:01	1.0	1.0
HG00736	HLA-DRB1	16:01:01/03:01:01:01/03:01:01:02	HLA-DRB1*16:01:01/HLA-DRB1*03:01:01	1.0	1.0
HG00736	HLA-DQB1	02:01:01/02:02/02:04/05:02:01	HLA-DQB1*02:01:01/HLA-DQB1*05:02:01	1.0	1.0
HG00737	HLA-A	03:01:01:01/03:01:01:02N/03:01:01:03/03:01:07/03:20/03:21N/03:26/03:37/03:45/68:01:02/68:11N/68:33	HLA-A*03:01:01/HLA-A*68:01:02	1.0	1.0
HG00737	HLA-B	35:01:01/35:01:03/35:40N/35:42/35:57/35:94/51:01:01/51:01:05/51:01:07/51:11N/51:30/51:32/51:48/51:51	HLA-B*35:01:01/HLA-B*51:01:01	1.0	1.0
HG00737	HLA-C	04:01:01:01/04:01:01:02/04:01:01:03/04:09N/04:28/04:30/04:41/15:02:01/15:13	HLA-C*15:02:01/HLA-C*04:01:01	1.0	1.0
HG00737	HLA-DRB1	13:01:01/14:01:01/14:54	HLA-DRB1*13:01:01/HLA-DRB1*14:01:01	1.0	1.0
HG00737	HLA-DQB1	05:03:01/06:03:01	HLA-DQB1*05:03:01/HLA-DQB1*06:03:01	1.0	1.0
HG00739	HLA-A	11:01:01/11:21N/24:02:01:01/24:02:01:02L/24:02:03/24:02:10/24:02:13/24:09N/24:11N/24:40N/24:76/24:79/24:83N	HLA-A*11:01:01/HLA-A*24:02:01	1.0	1.0
HG00739	HLA-B	35:01:01/35:01:03/35:40N/35:42/35:57/35:94/57:01:01	HLA-B*35:01:01/HLA-B*57:01:01	1.0	1.0
HG00739	HLA-C	04:01:01:01/04:01:01:02/04:01:01:03/04:09N/04:28/04:30/04:41/07:01:01/07:01:02/07:01:09/07:06/07:18/07:52	HLA-C*07:01:01/HLA-C*04:01:01	1.0	1.0
HG00739	HLA-DRB1	11:01:01/11:01:08/13:03:01	HLA-DRB1*13:03:01/HLA-DRB1*11:01:01	1.0	1.0
HG00739	HLA-DQB1	03:01:01/03:01:04/03:09/03:19/03:21/03:22/03:24/03:01:01/03:01:04/03:09/03:19/03:21/03:22/03:24	HLA-DQB1*03:01:01/HLA-DQB1*03:01:01	1.0	1.0
HG00740	HLA-A	29:02:01/68:02:01:01/68:02:01:02/68:02:01:03	HLA-A*29:02:01/HLA-A*68:02:01	1.0	1.0
HG00740	HLA-B	27:05:02/27:05:04/27:13/57:03:01	HLA-B*57:03:01/HLA-B*27:05:02	1.0	1.0
HG00740	HLA-C	01:02:01/01:02:02/01:02:03/01:02:04/01:02:05/01:02:06/01:02:07/01:02:08/01:02:09/01:25/07:01:01/07:01:02/07:01:09/07:06/07:18/07:52	HLA-C*07:01:02/HLA-C*01:02:01	1.0	1.0
HG00740	HLA-DRB1	01:01:01/03:02:01	HLA-DRB1*01:01:01/HLA-DRB1*03:02:01	1.0	1.0
HG00740	HLA-DQB1	04:02/05:01:01	HLA-DQB1*04:02:01/HLA-DQB1*05:01:01	1.0	1.0
HG01047	HLA-A	03:01:01:01/03:01:01:02N/03:01:01:03/03:01:07/03:20/03:21N/03:26/03:37/03:45/31:01:02/31:14N/31:23	HLA-A*31:01:02/HLA-A*03:01:01	1.0	1.0
HG01047	HLA-B	07:02:01/07:02:06/07:02:09/07:44/07:49N/07:58/07:59/07:61/56:01/56:24	HLA-B*56:01:01/HLA-B*07:02:01	1.0	1.0
HG01047	HLA-C	01:02:01/01:02:02/01:02:03/01:02:04/01:02:05/01:02:06/01:02:07/01:02:08/01:02:09/01:25/07:02:01:01/07:02:01:02/07:02:01:03/07:50/07:66/07:74	HLA-C*07:02:01/HLA-C*01:02:01	1.0	1.0
HG01047	HLA-DRB1	01:01:01/01:01:01	HLA-DRB1*01:01:01/HLA-DRB1*01:01:01	1.0	1.0
HG01047	HLA-DQB1	05:01:01/05:01:01	HLA-DQB1*05:01:01/HLA-DQB1*05:01:01	1.0	1.0
HG01048	HLA-A	02:01:01:01/02:01:01:02L/02:01:01:03/02:01:08/02:01:11/02:01:14/02:01:15/02:01:21/02:09/02:43N/02:66/02:75/02:83N/02:89/02:97/02:132/02:134/02:140/31:01:02/31:14N/31:23	HLA-A*31:01:02/HLA-A*02:01:01	1.0	1.0
HG01048	HLA-B	40:01:01/40:01:02/40:55/44:02:01:01/44:02:01:02S/44:19N/44:27/44:66	HLA-B*44:02:01/HLA-B*40:01:02	1.0	1.0
HG01048	HLA-C	03:04:01/03:04:03/05:01:01:01/05:01:01:02/05:01:04/05:01:05/05:03	HLA-C*05:01:01/HLA-C*03:04:01	1.0	1.0
HG01048	HLA-DRB1	04:01:01/04:04	HLA-DRB1*04:01:01/HLA-DRB1*04:04:01	1.0	1.0
HG01048	HLA-DQB1	03:02:01/03:01:01/03:01:04/03:09/03:19/03:21/03:22/03:24	HLA-DQB1*03:02:01/HLA-DQB1*03:42	1.0	0.0
HG01049	HLA-A	29:02:01/31:01:02/31:14N/31:23	HLA-A*31:01:02/HLA-A*29:02:01	1.0	1.0
HG01049	HLA-B	44:03:01/44:03:03/44:03:04/51:01:01/51:01:05/51:01:07/51:11N/51:30/51:32/51:48/51:51	HLA-B*44:03:01/HLA-B*51:01:01	1.0	1.0
HG01049	HLA-C	15:02:01/15:13/16:01:01	HLA-C*16:01:01/HLA-C*15:02:01	1.0	1.0
HG01049	HLA-DRB1	16:01:01/07:01:01:01/07:01:01:02	HLA-DRB1*07:01:01/HLA-DRB1*16:01:01	1.0	1.0
HG01049	HLA-DQB1	02:01:01/02:02/02:04/05:02:01	HLA-DQB1*05:02:01/HLA-DQB1*02:02:01	1.0	1.0
HG01051	HLA-A	02:02/24:02:01:01/24:02:01:02L/24:02:03/24:02:10/24:02:13/24:09N/24:11N/24:40N/24:76/24:79/24:83N	HLA-A*24:02:01/HLA-A*02:02:01	1.0	1.0
HG01051	HLA-B	15:16/35:03:01/35:70	HLA-B*15:16:01/HLA-B*35:03:01	1.0	1.0
HG01051	HLA-C	12:03:01:01/12:03:01:02/12:03:06/14:02:01	HLA-C*14:02:01/HLA-C*12:03:01	1.0	1.0
HG01051	HLA-DRB1	03:02:01/07:01:01:01/07:01:01:02	HLA-DRB1*07:01:01/HLA-DRB1*03:02:01	1.0	1.0
HG01051	HLA-DQB1	02:01:01/02:02/02:04/04:02	HLA-DQB1*02:02:01/HLA-DQB1*04:02:01	1.0	1.0
HG01052	HLA-A	01:01:01:01/01:01:01:02N/01:04N/01:22N/01:32/01:34N/01:37/33:03:01/33:03:03/33:15/33:25	HLA-A*01:01:01/HLA-A*33:03:01	1.0	1.0
HG01052	HLA-B	15:10/52:01:01/52:07	HLA-B*52:01:01/HLA-B*15:10:01	1.0	1.0
HG01052	HLA-C	03:04:02/12:02:01/12:02:02	HLA-C*03:04:02/HLA-C*12:02:02	1.0	1.0
HG01052	HLA-DRB1	15:02:01/04:05:01	HLA-DRB1*15:02:01/HLA-DRB1*04:05:01	1.0	1.0
HG01052	HLA-DQB1	03:02:01/06:01:01/06:01:03	HLA-DQB1*03:02:01/HLA-DQB1*06:01:01	1.0	1.0
HG01054	HLA-A	01:01:01:01/01:01:01:02N/01:04N/01:22N/01:32/01:34N/01:37/68:02:01:01/68:02:01:02/68:02:01:03	HLA-A*68:02:01/HLA-A*01:01:01	1.0	1.0
HG01054	HLA-B	08:01:01/08:19N/57:03:01	HLA-B*08:01:01/HLA-B*57:03:01	1.0	1.0
HG01054	HLA-C	07:01:01/07:01:02/07:01:09/07:06/07:18/07:52/07:01:01/07:01:02/07:01:09/07:06/07:18/07:52	HLA-C*07:01:02/HLA-C*07:01:01	1.0	1.0
HG01054	HLA-DRB1	03:01:01:01/03:01:01:02/03:02:01	HLA-DRB1*03:02:01/HLA-DRB1*03:01:01	1.0	1.0
HG01054	HLA-DQB1	02:01:01/02:02/02:04/04:02	HLA-DQB1*02:01:01/HLA-DQB1*04:02:01	1.0	1.0
HG01055	HLA-A	02:01:01:01/02:01:01:02L/02:01:01:03/02:01:08/02:01:11/02:01:14/02:01:15/02:01:21/02:09/02:43N/02:66/02:75/02:83N/02:89/02:97/02:132/02:134/02:140/24:02:01:01/24:02:01:02L/24:02:03/24:02:10/24:02:13/24:09N/24:11N/24:40N/24:76/24:79/24:83N	HLA-A*24:02:01/HLA-A*02:01:01	1.0	1.0
HG01055	HLA-B	35:02:01/40:04	HLA-B*40:04:01/HLA-B*35:02:01	1.0	1.0
HG01055	HLA-C	03:04:01/03:04:03/04:01:01:01/04:01:01:02/04:01:01:03/04:09N/04:28/04:30/04:41	HLA-C*03:04:01/HLA-C*04:01:01	1.0	1.0
HG01055	HLA-DRB1	11:04:01/04:11	HLA-DRB1*04:11:01/HLA-DRB1*11:04:01	1.0	1.0
HG01055	HLA-DQB1	03:02:01/03:01:01/03:01:04/03:09/03:19/03:21/03:22/03:24	HLA-DQB1*03:02:01/HLA-DQB1*03:01:01	1.0	1.0
HG01060	HLA-A	03:01:01:01/03:01:01:02N/03:01:01:03/03:01:07/03:20/03:21N/03:26/03:37/03:45/24:02:01:01/24:02:01:02L/24:02:03/24:02:10/24:02:13/24:09N/24:11N/24:40N/24:76/24:79/24:83N	HLA-A*03:01:01/HLA-A*24:02:01	1.0	1.0
HG01060	HLA-B	35:03:01/35:70/56:01/56:24	HLA-B*56:01:01/HLA-B*35:03:01	1.0	1.0
HG01060	HLA-C	01:02:01/01:02:02/01:02:03/01:02:04/01:02:05/01:02:06/01:02:07/01:02:08/01:02:09/01:25/04:01:01:01/04:01:01:02/04:01:01:03/04:09N/04:28/04:30/04:41	HLA-C*04:01:01/HLA-C*01:02:01	1.0	1.0
HG01060	HLA-DRB1	01:01:01/13:02:01	HLA-DRB1*13:02:01/HLA-DRB1*01:01:01	1.0	1.0
HG01060	HLA-DQB1	05:01:01/06:04:01/06:34	HLA-DQB1*06:04:01/HLA-DQB1*05:01:01	1.0	1.0
HG01061	HLA-A	23:01:01/23:07N/23:17/23:18/23:20/23:01:01/23:07N/23:17/23:18/23:20	HLA-A*23:01:01/HLA-A*23:01:01	1.0	1.0
HG01061	HLA-B	44:03:01/44:03:03/44:03:04/44:03:01/44:03:03/44:03:04	HLA-B*44:03:01/HLA-B*44:03:01	1.0	1.0
HG01061	HLA-C	04:01:01:01/04:01:01:02/04:01:01:03/04:09N/04:28/04:30/04:41/16:01:01	HLA-C*16:01:01/HLA-C*04:01:01	1.0	1.0
HG01061	HLA-DRB1	04:05:01/07:01:01:01/07:01:01:02	HLA-DRB1*07:01:01/HLA-DRB1*04:05:01	1.0	1.0
HG01061	HLA-DQB1	02:01:01/02:02/02:04/03:02:01	HLA-DQB1*03:02:01/HLA-DQB1*02:02:01	1.0	1.0
HG01066	HLA-A	02:01:01:01/02:01:01:02L/02:01:01:03/02:01:08/02:01:11/02:01:14/02:01:15/02:01:21/02:09/02:43N/02:66/02:75/02:83N/02:89/02:97/02:132/02:134/02:140/32:01:01/32:01:02	HLA-A*32:01:01/HLA-A*02:01:01	1.0	1.0
HG01066	HLA-B	18:01:01/18:01:03/18:17N/51:01:01/51:01:05/51:01:07/51:11N/51:30/51:32/51:48/51:51	HLA-B*51:01:01/HLA-B*18:01:01	1.0	1.0
HG01066	HLA-C	05:01:01:01/05:01:01:02/05:01:04/05:01:05/05:03/15:02:01/15:13	HLA-C*15:13:01/HLA-C*05:01:01	1.0	1.0
HG01066	HLA-DRB1	03:01:01:01/03:01:01:02/04:02	HLA-DRB1*03:01:01/HLA-DRB1*04:02:01	1.0	1.0
HG01066	HLA-DQB1	02:01:01/02:02/02:04/03:02:01	HLA-DQB1*03:02:01/HLA-DQB1*02:01:01	1.0	1.0
HG01067	HLA-A	24:02:01:01/24:02:01:02L/24:02:03/24:02:10/24:02:13/24:09N/24:11N/24:40N/24:76/24:79/24:83N/30:02:01/30:02:02	HLA-A*30:02:01/HLA-A*24:02:01	1.0	1.0
HG01067	HLA-B	07:02:01/07:02:06/07:02:09/07:44/07:49N/07:58/07:59/07:61/18:01:01/18:01:03/18:17N	HLA-B*18:01:01/HLA-B*07:02:01	1.0	1.0
HG01067	HLA-C	07:02:01:01/07:02:01:02/07:02:01:03/07:50/07:66/07:74/12:03:01:01/12:03:01:02/12:03:06	HLA-C*12:03:01/HLA-C*07:02:01	1.0	1.0
HG01067	HLA-DRB1	11:04:01/09:01:02	HLA-DRB1*09:01:02/HLA-DRB1*11:04:01	1.0	1.0
HG01067	HLA-DQB1	02:01:01/02:02/02:04/03:01:01/03:01:04/03:09/03:19/03:21/03:22/03:24	HLA-DQB1*02:02:01/HLA-DQB1*03:01:01	1.0	1.0
HG01069	HLA-A	01:01:01:01/01:01:01:02N/01:04N/01:22N/01:32/01:34N/01:37/24:02:01:01/24:02:01:02L/24:02:03/24:02:10/24:02:13/24:09N/24:11N/24:40N/24:76/24:79/24:83N	HLA-A*24:02:01/HLA-A*01:01:01	1.0	1.0
HG01069	HLA-B	08:01:01/08:19N/44:02:01:01/44:02:01:02S/44:19N/44:27/44:66	HLA-B*44:02:01/HLA-B*08:01:01	1.0	1.0
HG01069	HLA-C	05:01:01:01/05:01:01:02/05:01:04/05:01:05/05:03/07:01:01/07:01:02/07:01:09/07:06/07:18/07:52	HLA-C*07:01:01/HLA-C*05:01:01	1.0	1.0
HG01069	HLA-DRB1	03:01:01:01/03:01:01:02/07:01:01:01/07:01:01:02	HLA-DRB1*07:01:01/HLA-DRB1*03:01:01	1.0	1.0
HG01069	HLA-DQB1	02:01:01/02:02/02:04/02:01:01/02:02/02:04	HLA-DQB1*02:02:01/HLA-DQB1*02:01:01	1.0	1.0
HG01070	HLA-A	01:01:01:01/01:01:01:02N/01:04N/01:22N/01:32/01:34N/01:37/03:01:01:01/03:01:01:02N/03:01:01:03/03:01:07/03:20/03:21N/03:26/03:37/03:45	HLA-A*03:01:01/HLA-A*01:01:01	1.0	1.0
HG01070	HLA-B	08:01:01/08:19N/40:01:01/40:01:02/40:55	HLA-B*08:01:01/HLA-B*40:01:02	1.0	1.0
HG01070	HLA-C	03:04:01/03:04:03/07:01:01/07:01:02/07:01:09/07:06/07:18/07:52	HLA-C*07:01:01/HLA-C*03:04:01	1.0	1.0
HG01070	HLA-DRB1	03:01:01:01/03:01:01:02/03:01:01:01/03:01:01:02	HLA-DRB1*03:01:01/HLA-DRB1*03:01:01	1.0	1.0
HG01070	HLA-DQB1	02:01:01/02:02/02:04/02:01:01/02:02/02:04	HLA-DQB1*02:01:01/HLA-DQB1*02:01:01	1.0	1.0
HG01072	HLA-A	01:01:01:01/01:01:01:02N/01:04N/01:22N/01:32/01:34N/01:37/31:01:02/31:14N/31:23	HLA-A*31:01:02/HLA-A*01:01:01	1.0	1.0
HG01072	HLA-B	14:02:01/50:01	HLA-B*14:02:01/HLA-B*50:01:01	1.0	1.0
HG01072	HLA-C	06:02:01:01/06:02:01:02/06:02:03/08:02	HLA-C*08:02:01/HLA-C*06:02:01	1.0	1.0
HG01072	HLA-DRB1	15:01:01:01/15:01:01:02/08:02	HLA-DRB1*08:02:01/HLA-DRB1*15:01:01	1.0	1.0
HG01072	HLA-DQB1	04:02/06:02:01	HLA-DQB1*04:02:01/HLA-DQB1*06:02:01	1.0	1.0
HG01073	HLA-A	23:01:01/23:07N/23:17/23:18/23:20/29:02:01	HLA-A*29:02:01/HLA-A*23:01:01	1.0	1.0
HG01073	HLA-B	44:03:01/44:03:03/44:03:04/44:03:01/44:03:03/44:03:04	HLA-B*44:03:01/HLA-B*44:03:01	1.0	1.0
HG01073	HLA-C	16:01:01/16:01:01	HLA-C*16:01:01/HLA-C*16:01:01	1.0	1.0
HG01073	HLA-DRB1	07:01:01:01/07:01:01:02/07:01:01:01/07:01:01:02	HLA-DRB1*07:01:01/HLA-DRB1*07:01:01	1.0	1.0
HG01073	HLA-DQB1	02:01:01/02:02/02:04/02:01:01/02:02/02:04	HLA-DQB1*02:02:01/HLA-DQB1*02:02:01	1.0	1.0
HG01075	HLA-A	03:01:01:01/03:01:01:02N/03:01:01:03/03:01:07/03:20/03:21N/03:26/03:37/03:45/33:01:01	HLA-A*33:01:01/HLA-A*03:01:01	1.0	1.0
HG01075	HLA-B	14:02:01/14:02:01	HLA-B*14:02:01/HLA-B*14:02:01	1.0	1.0
HG01075	HLA-C	08:02/15:05:01/15:05:02/15:05:03	HLA-C*08:02:01/HLA-C*15:05:02	1.0	1.0
HG01075	HLA-DRB1	01:02:01/07:01:01:01/07:01:01:02	HLA-DRB1*01:02:01/HLA-DRB1*07:01:01	1.0	1.0
HG01075	HLA-DQB1	02:01:01/02:02/02:04/05:01:01	HLA-DQB1*05:01:01/HLA-DQB1*02:02:01	1.0	1.0
HG01079	HLA-A	24:02:01:01/24:02:01:02L/24:02:03/24:02:10/24:02:13/24:09N/24:11N/24:40N/24:76/24:79/24:83N/80:01	HLA-A*80:01:01/HLA-A*24:02:01	1.0	1.0
HG01079	HLA-B	39:01:01:01/39:01:01:02L/39:01:03/39:46/40:02:01/40:56/40:97	HLA-B*39:01:01/HLA-B*40:02:01	1.0	1.0
HG01079	HLA-C	04:01:01:01/04:01:01:02/04:01:01:03/04:09N/04:28/04:30/04:41/12:03:01:01/12:03:01:02/12:03:06	HLA-C*12:03:01/HLA-C*04:01:01	1.0	1.0
HG01079	HLA-DRB1	11:01:01/11:01:08/11:01:01/11:01:08	HLA-DRB1*11:01:01/HLA-DRB1*11:01:01	1.0	1.0
HG01079	HLA-DQB1	03:01:01/03:01:04/03:09/03:19/03:21/03:22/03:24/03:01:01/03:01:04/03:09/03:19/03:21/03:22/03:24	HLA-DQB1*03:01:01/HLA-DQB1*03:01:01	1.0	1.0
HG01080	HLA-A	23:01:01/23:07N/23:17/23:18/23:20/24:02:01:01/24:02:01:02L/24:02:03/24:02:10/24:02:13/24:09N/24:11N/24:40N/24:76/24:79/24:83N	HLA-A*23:17:01/HLA-A*24:02:01	1.0	1.0
HG01080	HLA-B	15:18/15:03:01/15:103	HLA-B*15:18:01/HLA-B*15:03:01	1.0	1.0
HG01080	HLA-C	02:10/07:04:01/07:11	HLA-C*02:10:01/HLA-C*07:04:01	1.0	1.0
HG01080	HLA-DRB1	11:01:02/04:02	HLA-DRB1*11:01:02/HLA-DRB1*04:02:01	1.0	1.0
HG01080	HLA-DQB1	03:02:01/06:02:01	HLA-DQB1*03:02:01/HLA-DQB1*06:02:01	1.0	1.0
HG01082	HLA-A	29:02:01/31:01:02/31:14N/31:23	HLA-A*29:02:01/HLA-A*31:01:02	1.0	1.0
HG01082	HLA-B	39:05/44:03:01/44:03:03/44:03:04	HLA-B*44:03:01/HLA-B*39:05:01	1.0	1.0
HG01082	HLA-C	07:02:01:01/07:02:01:02/07:02:01:03/07:50/07:66/07:74/16:01:01	HLA-C*07:02:01/HLA-C*16:01:01	1.0	1.0
HG01082	HLA-DRB1	04:11/07:01:01:01/07:01:01:02	HLA-DRB1*07:01:01/HLA-DRB1*04:11:01	1.0	1.0
HG01082	HLA-DQB1	02:01:01/02:02/02:04/03:02:01	HLA-DQB1*03:02:01/HLA-DQB1*02:02:01	1.0	1.0
HG01083	HLA-A	02:01:01:01/02:01:01:02L/02:01:01:03/02:01:08/02:01:11/02:01:14/02:01:15/02:01:21/02:09/02:43N/02:66/02:75/02:83N/02:89/02:97/02:132/02:134/02:140/68:01:01/68:01:07	HLA-A*68:01:01/HLA-A*02:01:01	1.0	1.0
HG01083	HLA-B	44:02:01:01/44:02:01:02S/44:19N/44:27/44:66/51:01:01/51:01:05/51:01:07/51:11N/51:30/51:32/51:48/51:51	HLA-B*51:01:01/HLA-B*44:02:01	1.0	1.0
HG01083	HLA-C	05:01:01:01/05:01:01:02/05:01:04/05:01:05/05:03/15:02:01/15:13	HLA-C*05:01:01/HLA-C*15:02:01	1.0	1.0
HG01083	HLA-DRB1	13:01:01/04:11	HLA-DRB1*04:11:01/HLA-DRB1*13:01:01	1.0	1.0
HG01083	HLA-DQB1	04:02/06:03:01	HLA-DQB1*04:02:01/HLA-DQB1*06:03:01	1.0	1.0
HG01085	HLA-A	24:03:02/30:02:01/30:02:02	HLA-A*24:03:02/HLA-A*30:02:01	1.0	1.0
HG01085	HLA-B	18:01:01/18:01:03/18:17N/35:11	HLA-B*18:01:01/HLA-B*35:11:01	1.0	1.0
HG01085	HLA-C	03:04:01/03:04:03/05:01:01:01/05:01:01:02/05:01:04/05:01:05/05:03	HLA-C*05:01:01/HLA-C*03:04:01	1.0	1.0
HG01085	HLA-DRB1	16:02:01/03:01:01:01/03:01:01:02	HLA-DRB1*16:02:01/HLA-DRB1*03:01:01	1.0	1.0
HG01085	HLA-DQB1	02:01:01/02:02/02:04/03:01:01/03:01:04/03:09/03:19/03:21/03:22/03:24	HLA-DQB1*02:01:01/HLA-DQB1*03:01:01	1.0	1.0
HG01086	HLA-A	02:20:01/30:01:01/30:01:02/30:24	HLA-A*02:20:01/HLA-A*30:01:01	1.0	1.0
HG01086	HLA-B	07:02:01/07:02:06/07:02:09/07:44/07:49N/07:58/07:59/07:61/42:01	HLA-B*42:01:01/HLA-B*07:02:01	1.0	1.0
HG01086	HLA-C	07:02:01:01/07:02:01:02/07:02:01:03/07:50/07:66/07:74/17:01/17:02/17:03	HLA-C*17:01:01/HLA-C*07:02:01	1.0	1.0
HG01086	HLA-DRB1	15:03:01:01/15:03:01:02/03:02:01	HLA-DRB1*15:03:01/HLA-DRB1*03:02:01	1.0	1.0
HG01086	HLA-DQB1	04:02/06:02:01	HLA-DQB1*04:02:01/HLA-DQB1*06:02:01	1.0	1.0
HG01094	HLA-A	24:02:01:01/24:02:01:02L/24:02:03/24:02:10/24:02:13/24:09N/24:11N/24:40N/24:76/24:79/24:83N/68:01:02/68:11N/68:33	HLA-A*68:01:02/HLA-A*24:02:01	1.0	1.0
HG01094	HLA-B	44:02:01:01/44:02:01:02S/44:19N/44:27/44:66/52:01:02	HLA-B*52:01:02/HLA-B*44:02:01	1.0	1.0
HG01094	HLA-C	03:04:01/03:04:03/04:01:01:01/04:01:01:02/04:01:01:03/04:09N/04:28/04:30/04:41	HLA-C*03:04:01/HLA-C*04:01:01	1.0	1.0
HG01094	HLA-DRB1	11:01:01/11:01:08/08:02	HLA-DRB1*08:02:01/HLA-DRB1*11:01:01	1.0	1.0
HG01094	HLA-DQB1	03:01:01/03:01:04/03:09/03:19/03:21/03:22/03:24/04:02	HLA-DQB1*04:02:01/HLA-DQB1*03:01:01	1.0	1.0
HG01095	HLA-A	24:02:01:01/24:02:01:02L/24:02:03/24:02:10/24:02:13/24:09N/24:11N/24:40N/24:76/24:79/24:83N/33:01:01	HLA-A*33:01:01/HLA-A*24:02:01	1.0	1.0
HG01095	HLA-B	14:02:01/35:11	HLA-B*35:11:01/HLA-B*14:02:01	1.0	1.0
HG01095	HLA-C	03:04:01/03:04:03/08:02	HLA-C*03:04:01/HLA-C*08:02:01	1.0	1.0
HG01095	HLA-DRB1	03:01:01:01/03:01:01:02/14:02	HLA-DRB1*14:02:01/HLA-DRB1*03:01:01	1.0	1.0
HG01095	HLA-DQB1	02:01:01/02:02/02:04/03:01:01/03:01:04/03:09/03:19/03:21/03:22/03:24	HLA-DQB1*02:01:01/HLA-DQB1*03:01:01	1.0	1.0
HG01097	HLA-A	02:01:01:01/02:01:01:02L/02:01:01:03/02:01:08/02:01:11/02:01:14/02:01:15/02:01:21/02:09/02:43N/02:66/02:75/02:83N/02:89/02:97/02:132/02:134/02:140/11:01:01/11:21N	HLA-A*11:01:01/HLA-A*02:01:01	1.0	1.0
HG01097	HLA-B	40:02:01/40:56/40:97/51:01:01/51:01:05/51:01:07/51:11N/51:30/51:32/51:48/51:51	HLA-B*40:02:01/HLA-B*51:01:01	1.0	1.0
HG01097	HLA-C	02:02:02/03:05	HLA-C*02:02:02/HLA-C*03:05:01	1.0	1.0
HG01097	HLA-DRB1	01:02:01/07:01:01:01/07:01:01:02	HLA-DRB1*07:01:01/HLA-DRB1*01:02:01	1.0	1.0
HG01097	HLA-DQB1	02:01:01/02:02/02:04/05:01:01	HLA-DQB1*02:02:01/HLA-DQB1*05:01:01	1.0	1.0
HG01098	HLA-A	29:02:01/32:01:01/32:01:02	HLA-A*32:01:01/HLA-A*29:02:01	1.0	1.0
HG01098	HLA-B	40:02:01/40:56/40:97/44:03:01/44:03:03/44:03:04	HLA-B*40:02:01/HLA-B*44:03:01	1.0	1.0
HG01098	HLA-C	02:02:02/16:01:01	HLA-C*02:02:02/HLA-C*16:01:01	1.0	1.0
HG01098	HLA-DRB1	07:01:01:01/07:01:01:02/08:01:01/08:01:03	HLA-DRB1*08:01:01/HLA-DRB1*07:01:01	1.0	1.0
HG01098	HLA-DQB1	02:01:01/02:02/02:04/04:02	HLA-DQB1*04:02:01/HLA-DQB1*02:02:01	1.0	1.0
HG01101	HLA-A	02:01:01:01/02:01:01:02L/02:01:01:03/02:01:08/02:01:11/02:01:14/02:01:15/02:01:21/02:09/02:43N/02:66/02:75/02:83N/02:89/02:97/02:132/02:134/02:140/24:02:01:01/24:02:01:02L/24:02:03/24:02:10/24:02:13/24:09N/24:11N/24:40N/24:76/24:79/24:83N	HLA-A*24:02:01/HLA-A*02:01:01	1.0	1.0
HG01101	HLA-B	08:01:01/08:19N/35:01:01/35:01:03/35:40N/35:42/35:57/35:94	HLA-B*08:01:01/HLA-B*35:01:01	1.0	1.0
HG01101	HLA-C	07:01:01/07:01:02/07:01:09/07:06/07:18/07:52/16:01:01	HLA-C*16:01:01/HLA-C*07:01:01	1.0	1.0
HG01101	HLA-DRB1	01:02:01/03:01:01:01/03:01:01:02	HLA-DRB1*01:02:01/HLA-DRB1*03:01:01	1.0	1.0
HG01101	HLA-DQB1	02:01:01/02:02/02:04/05:01:01	HLA-DQB1*05:01:01/HLA-DQB1*02:01:01	1.0	1.0
HG01102	HLA-A	02:02/31:01:02/31:14N/31:23	HLA-A*31:01:02/HLA-A*02:02:01	1.0	1.0
HG01102	HLA-B	15:16/40:01:01/40:01:02/40:55	HLA-B*40:01:02/HLA-B*15:16:01	1.0	1.0
HG01102	HLA-C	03:04:01/03:04:03/14:02:01	HLA-C*03:04:01/HLA-C*14:02:01	1.0	1.0
HG01102	HLA-DRB1	13:03:01/04:04	HLA-DRB1*04:04:01/HLA-DRB1*13:03:01	1.0	1.0
HG01102	HLA-DQB1	03:02:01/03:01:01/03:01:04/03:09/03:19/03:21/03:22/03:24	HLA-DQB1*03:02:01/HLA-DQB1*03:01:01	1.0	1.0
HG01104	HLA-A	29:02:01/68:02:01:01/68:02:01:02/68:02:01:03	HLA-A*68:02:01/HLA-A*29:02:01	1.0	1.0
HG01104	HLA-B	14:02:01/40:02:01/40:56/40:97	HLA-B*14:02:01/HLA-B*40:02:01	1.0	1.0
HG01104	HLA-C	02:02:02/08:02	HLA-C*08:02:01/HLA-C*02:02:02	1.0	1.0
HG01104	HLA-DRB1	03:01:01:01/03:01:01:02/13:01:01	HLA-DRB1*03:01:01/HLA-DRB1*13:01:01	1.0	1.0
HG01104	HLA-DQB1	02:01:01/02:02/02:04/06:03:01	HLA-DQB1*02:01:01/HLA-DQB1*06:03:01	1.0	1.0
HG01105	HLA-A	01:01:01:01/01:01:01:02N/01:04N/01:22N/01:32/01:34N/01:37/31:01:02/31:14N/31:23	HLA-A*01:01:01/HLA-A*31:01:02	1.0	1.0
HG01105	HLA-B	35:01:01/35:01:03/35:40N/35:42/35:57/35:94/49:01:01	HLA-B*35:01:01/HLA-B*49:01:01	1.0	1.0
HG01105	HLA-C	07:02:01:01/07:02:01:02/07:02:01:03/07:50/07:66/07:74/16:04:01	HLA-C*07:02:01/HLA-C*16:04:01	1.0	1.0
HG01105	HLA-DRB1	11:02:01/11:03	HLA-DRB1*11:02:01/HLA-DRB1*11:03:01	1.0	1.0
HG01105	HLA-DQB1	03:01:01/03:01:04/03:09/03:19/03:21/03:22/03:24/03:01:01/03:01:04/03:09/03:19/03:21/03:22/03:24	HLA-DQB1*03:19:01/HLA-DQB1*03:01:01	1.0	1.0
HG01107	HLA-A	03:01:01:01/03:01:01:02N/03:01:01:03/03:01:07/03:20/03:21N/03:26/03:37/03:45/68:01:02/68:11N/68:33	HLA-A*03:01:01/HLA-A*68:01:02	1.0	1.0
HG01107	HLA-B	35:03:01/35:70/52:01:02	HLA-B*52:01:02/HLA-B*35:03:01	1.0	1.0
HG01107	HLA-C	03:04:01/03:04:03/04:01:01:01/04:01:01:02/04:01:01:03/04:09N/04:28/04:30/04:41	HLA-C*03:04:01/HLA-C*04:01:01	1.0	1.0
HG01107	HLA-DRB1	13:02:01/08:02	HLA-DRB1*08:02:01/HLA-DRB1*13:02:01	1.0	1.0
HG01107	HLA-DQB1	04:02/06:04:01/06:34	HLA-DQB1*04:02:01/HLA-DQB1*06:04:01	1.0	1.0
HG01108	HLA-A	02:01:01:01/02:01:01:02L/02:01:01:03/02:01:08/02:01:11/02:01:14/02:01:15/02:01:21/02:09/02:43N/02:66/02:75/02:83N/02:89/02:97/02:132/02:134/02:140/30:02:01/30:02:02	HLA-A*30:02:01/HLA-A*02:01:01	1.0	1.0
HG01108	HLA-B	35:01:01/35:01:03/35:40N/35:42/35:57/35:94/44:02:01:01/44:02:01:02S/44:19N/44:27/44:66	HLA-B*35:01:01/HLA-B*44:02:01	1.0	1.0
HG01108	HLA-C	04:01:01:01/04:01:01:02/04:01:01:03/04:09N/04:28/04:30/04:41/05:01:01:01/05:01:01:02/05:01:04/05:01:05/05:03	HLA-C*05:01:01/HLA-C*04:01:01	1.0	1.0
HG01108	HLA-DRB1	01:02:01/04:01:01	HLA-DRB1*04:01:01/HLA-DRB1*01:02:01	1.0	1.0
HG01108	HLA-DQB1	03:01:01/03:01:04/03:09/03:19/03:21/03:22/03:24/05:01:01	HLA-DQB1*05:01:01/HLA-DQB1*03:01:01	1.0	1.0
HG01110	HLA-A	29:01:01:01/29:01:01:02N/68:01:01/68:01:07	HLA-A*68:01:01/HLA-A*29:01:01	1.0	1.0
HG01110	HLA-B	35:02:01/45:01/45:07	HLA-B*45:01:01/HLA-B*35:02:01	1.0	1.0
HG01110	HLA-C	04:01:01:01/04:01:01:02/04:01:01:03/04:09N/04:28/04:30/04:41/06:02:01:01/06:02:01:02/06:02:03	HLA-C*04:01:01/HLA-C*06:02:01	1.0	1.0
HG01110	HLA-DRB1	13:01:01/04:04	HLA-DRB1*04:04:01/HLA-DRB1*13:01:01	1.0	1.0
HG01110	HLA-DQB1	03:02:01/06:03:01	HLA-DQB1*03:02:01/HLA-DQB1*06:03:01	1.0	1.0
HG01111	HLA-A	11:01:01/11:21N/68:02:01:01/68:02:01:02/68:02:01:03	HLA-A*11:01:01/HLA-A*68:02:01	1.0	1.0
HG01111	HLA-B	14:02:01/35:01:01/35:01:03/35:40N/35:42/35:57/35:94	HLA-B*14:02:01/HLA-B*35:01:01	1.0	1.0
HG01111	HLA-C	04:01:01:01/04:01:01:02/04:01:01:03/04:09N/04:28/04:30/04:41/08:02	HLA-C*08:02:01/HLA-C*04:01:01	1.0	1.0
HG01111	HLA-DRB1	01:02:01/01:03	HLA-DRB1*01:03:01/HLA-DRB1*01:02:01	1.0	1.0
HG01111	HLA-DQB1	05:01:01/05:01:01	HLA-DQB1*05:01:01/HLA-DQB1*05:01:01	1.0	1.0
HG01112	HLA-A	02:01:01:01/02:01:01:02L/02:01:01:03/02:01:08/02:01:11/02:01:14/02:01:15/02:01:21/02:09/02:43N/02:66/02:75/02:83N/02:89/02:97/02:132/02:134/02:140/26:01:01/26:01:07/26:24/26:26	HLA-A*26:01:01/HLA-A*02:01:01	1.0	1.0
HG01112	HLA-B	38:01:01/44:02:01:01/44:02:01:02S/44:19N/44:27/44:66	HLA-B*44:02:01/HLA-B*38:01:01	1.0	1.0
HG01112	HLA-C	05:01:01:01/05:01:01:02/05:01:04/05:01:05/05:03/12:03:01:01/12:03:01:02/12:03:06	HLA-C*05:01:01/HLA-C*12:03:01	1.0	1.0
HG01112	HLA-DRB1	01:01:01/14:01:01/14:54	HLA-DRB1*01:01:01/HLA-DRB1*14:01:01	1.0	1.0
HG01112	HLA-DQB1	05:01:01/05:03:01	HLA-DQB1*05:03:01/HLA-DQB1*05:01:01	1.0	1.0
HG01113	HLA-A	02:01:01:01/02:01:01:02L/02:01:01:03/02:01:08/02:01:11/02:01:14/02:01:15/02:01:21/02:09/02:43N/02:66/02:75/02:83N/02:89/02:97/02:132/02:134/02:140/24:02:01:01/24:02:01:02L/24:02:03/24:02:10/24:02:13/24:09N/24:11N/24:40N/24:76/24:79/24:83N	HLA-A*24:02:01/HLA-A*02:01:01	1.0	1.0
HG01113	HLA-B	35:43/35:67/35:79/39:11	HLA-B*39:11/HLA-B*35:43:01	1.0	1.0
HG01113	HLA-C	01:02:01/01:02:02/01:02:03/01:02:04/01:02:05/01:02:06/01:02:07/01:02:08/01:02:09/01:25/07:02:01:01/07:02:01:02/07:02:01:03/07:50/07:66/07:74	HLA-C*07:02:01/HLA-C*01:02:01	1.0	1.0
HG01113	HLA-DRB1	04:04/08:02	HLA-DRB1*08:02:01/HLA-DRB1*04:04:01	1.0	1.0
HG01113	HLA-DQB1	03:02:01/04:02	HLA-DQB1*03:02:01/HLA-DQB1*04:59	1.0	0.0
HG01124	HLA-A	02:11/02:69/24:02:01:01/24:02:01:02L/24:02:03/24:02:10/24:02:13/24:09N/24:11N/24:40N/24:76/24:79/24:83N	HLA-A*24:02:01/HLA-A*02:11:01	1.0	1.0
HG01124	HLA-B	40:04/40:04	HLA-B*40:04:01/HLA-B*40:02:01	1.0	0.0
HG01124	HLA-C	03:04:01/03:04:03/03:05	HLA-C*03:04:01/HLA-C*03:05:01	1.0	1.0
HG01124	HLA-DRB1	14:02/04:07:01	HLA-DRB1*14:02:01/HLA-DRB1*04:07:01	1.0	1.0
HG01124	HLA-DQB1	03:02:01/03:01:01/03:01:04/03:09/03:19/03:21/03:22/03:24	HLA-DQB1*03:02:01/HLA-DQB1*03:01:01	1.0	1.0
HG01125	HLA-A	24:02:01:01/24:02:01:02L/24:02:03/24:02:10/24:02:13/24:09N/24:11N/24:40N/24:76/24:79/24:83N/25:01:01/25:07	HLA-A*24:02:01/HLA-A*25:01:01	1.0	1.0
HG01125	HLA-B	15:01:01:01/15:01:01:02N/15:01:06/15:01:07/15:102/15:104/15:140/15:146/35:12	HLA-B*15:01:01/HLA-B*35:12:01	1.0	1.0
HG01125	HLA-C	03:03:01/03:20N/04:01:01:01/04:01:01:02/04:01:01:03/04:09N/04:28/04:30/04:41	HLA-C*04:01:01/HLA-C*03:03:01	1.0	1.0
HG01125	HLA-DRB1	16:02:01/13:01:01	HLA-DRB1*16:02:01/HLA-DRB1*13:01:01	1.0	1.0
HG01125	HLA-DQB1	03:01:01/03:01:04/03:09/03:19/03:21/03:22/03:24/06:03:01	HLA-DQB1*06:03:01/HLA-DQB1*03:01:01	1.0	1.0
HG01133	HLA-A	01:01:01:01/01:01:01:02N/01:04N/01:22N/01:32/01:34N/01:37/03:01:01:01/03:01:01:02N/03:01:01:03/03:01:07/03:20/03:21N/03:26/03:37/03:45	HLA-A*01:01:01/HLA-A*03:01:01	1.0	1.0
HG01133	HLA-B	08:01:01/08:19N/35:01:01/35:01:03/35:40N/35:42/35:57/35:94	HLA-B*08:01:01/HLA-B*35:01:01	1.0	1.0
HG01133	HLA-C	04:01:01:01/04:01:01:02/04:01:01:03/04:09N/04:28/04:30/04:41/07:01:01/07:01:02/07:01:09/07:06/07:18/07:52	HLA-C*07:01:01/HLA-C*04:01:01	1.0	1.0
HG01133	HLA-DRB1	01:01:01/03:01:01:01/03:01:01:02	HLA-DRB1*01:01:01/HLA-DRB1*03:01:01	1.0	1.0
HG01133	HLA-DQB1	02:01:01/02:02/02:04/05:01:01	HLA-DQB1*05:01:01/HLA-DQB1*02:01:01	1.0	1.0
HG01134	HLA-A	01:01:01:01/01:01:01:02N/01:04N/01:22N/01:32/01:34N/01:37/02:22:01/02:104	HLA-A*01:01:01/HLA-A*02:22:01	1.0	1.0
HG01134	HLA-B	39:08/57:01:01	HLA-B*39:08/HLA-B*57:01:01	1.0	1.0
HG01134	HLA-C	06:02:01:01/06:02:01:02/06:02:03/07:02:01:01/07:02:01:02/07:02:01:03/07:50/07:66/07:74	HLA-C*07:02:01/HLA-C*06:02:01	1.0	1.0
HG01134	HLA-DRB1	16:02:01/07:01:01:01/07:01:01:02	HLA-DRB1*16:02:01/HLA-DRB1*07:01:01	1.0	1.0
HG01134	HLA-DQB1	03:03:02/03:01:01/03:01:04/03:09/03:19/03:21/03:22/03:24	HLA-DQB1*03:03:02/HLA-DQB1*03:01:01	1.0	1.0
HG01136	HLA-A	11:01:01/11:21N/32:01:01/32:01:02	HLA-A*11:01:01/HLA-A*32:01:01	1.0	1.0
HG01136	HLA-B	35:01:01/35:01:03/35:40N/35:42/35:57/35:94/53:01:01	HLA-B*35:01:01/HLA-B*53:01:01	1.0	1.0
HG01136	HLA-C	04:01:01:01/04:01:01:02/04:01:01:03/04:09N/04:28/04:30/04:41/04:01:01:01/04:01:01:02/04:01:01:03/04:09N/04:28/04:30/04:41	HLA-C*04:01:01/HLA-C*04:01:01	1.0	1.0
HG01136	HLA-DRB1	11:02:01/13:02:01	HLA-DRB1*13:02:01/HLA-DRB1*11:02:01	1.0	1.0
HG01136	HLA-DQB1	03:01:01/03:01:04/03:09/03:19/03:21/03:22/03:24/06:04:01/06:34	HLA-DQB1*06:04:01/HLA-DQB1*03:191	1.0	0.0
HG01137	HLA-A	02:01:01:01/02:01:01:02L/02:01:01:03/02:01:08/02:01:11/02:01:14/02:01:15/02:01:21/02:09/02:43N/02:66/02:75/02:83N/02:89/02:97/02:132/02:134/02:140/03:01:01:01/03:01:01:02N/03:01:01:03/03:01:07/03:20/03:21N/03:26/03:37/03:45	HLA-A*02:01:01/HLA-A*03:01:01	1.0	1.0
HG01137	HLA-B	07:02:01/07:02:06/07:02:09/07:44/07:49N/07:58/07:59/07:61/15:01:01:01/15:01:01:02N/15:01:06/15:01:07/15:102/15:104/15:140/15:146	HLA-B*15:01:01/HLA-B*07:02:01	1.0	1.0
HG01137	HLA-C	03:03:01/03:20N/07:02:01:01/07:02:01:02/07:02:01:03/07:50/07:66/07:74	HLA-C*03:03:01/HLA-C*07:02:01	1.0	1.0
HG01137	HLA-DRB1	15:01:01:01/15:01:01:02/04:05:01	HLA-DRB1*04:05:01/HLA-DRB1*15:01:01	1.0	1.0
HG01137	HLA-DQB1	03:02:01/06:02:01	HLA-DQB1*03:02:01/HLA-DQB1*06:02:01	1.0	1.0
HG01139	HLA-A	23:01:01/23:07N/23:17/23:18/23:20/68:02:01:01/68:02:01:02/68:02:01:03	HLA-A*23:01:01/HLA-A*68:02:01	1.0	1.0
HG01139	HLA-B	41:02:01/50:01	HLA-B*41:02:01/HLA-B*50:01:01	1.0	1.0
HG01139	HLA-C	05:01:01:01/05:01:01:02/05:01:04/05:01:05/05:03/17:01/17:02/17:03	HLA-C*05:01:01/HLA-C*17:03:01	1.0	1.0
HG01139	HLA-DRB1	13:03:01/09:01:02	HLA-DRB1*09:01:02/HLA-DRB1*13:03:01	1.0	1.0
HG01139	HLA-DQB1	02:01:01/02:02/02:04/03:01:01/03:01:04/03:09/03:19/03:21/03:22/03:24	HLA-DQB1*02:02:01/HLA-DQB1*03:01:01	1.0	1.0
HG01140	HLA-A	02:01:01:01/02:01:01:02L/02:01:01:03/02:01:08/02:01:11/02:01:14/02:01:15/02:01:21/02:09/02:43N/02:66/02:75/02:83N/02:89/02:97/02:132/02:134/02:140/23:01:01/23:07N/23:17/23:18/23:20	HLA-A*02:01:01/HLA-A*23:01:01	1.0	1.0
HG01140	HLA-B	39:11/44:03:01/44:03:03/44:03:04	HLA-B*39:11/HLA-B*44:03:01	1.0	1.0
HG01140	HLA-C	04:01:01:01/04:01:01:02/04:01:01:03/04:09N/04:28/04:30/04:41/07:02:01:01/07:02:01:02/07:02:01:03/07:50/07:66/07:74	HLA-C*07:02:01/HLA-C*04:01:01	1.0	1.0
HG01140	HLA-DRB1	07:01:01:01/07:01:01:02/08:02	HLA-DRB1*08:02:01/HLA-DRB1*07:01:01	1.0	1.0
HG01140	HLA-DQB1	02:01:01/02:02/02:04/04:02	HLA-DQB1*04:59/HLA-DQB1*02:02:01	1.0	0.0
HG01148	HLA-A	29:02:01/32:01:01/32:01:02	HLA-A*29:02:01/HLA-A*32:01:01	1.0	1.0
HG01148	HLA-B	07:02:01/07:02:06/07:02:09/07:44/07:49N/07:58/07:59/07:61/35:08:01	HLA-B*07:02:01/HLA-B*35:08:01	1.0	1.0
HG01148	HLA-C	04:01:01:01/04:01:01:02/04:01:01:03/04:09N/04:28/04:30/04:41/07:02:01:01/07:02:01:02/07:02:01:03/07:50/07:66/07:74	HLA-C*07:02:01/HLA-C*04:01:01	1.0	1.0
HG01148	HLA-DRB1	15:01:01:01/15:01:01:02/04:04	HLA-DRB1*15:01:01/HLA-DRB1*04:04:01	1.0	1.0
HG01148	HLA-DQB1	03:02:01/05:02:01	HLA-DQB1*05:02:01/HLA-DQB1*03:02:01	1.0	1.0
HG01149	HLA-A	02:01:01:01/02:01:01:02L/02:01:01:03/02:01:08/02:01:11/02:01:14/02:01:15/02:01:21/02:09/02:43N/02:66/02:75/02:83N/02:89/02:97/02:132/02:134/02:140/31:01:02/31:14N/31:23	HLA-A*02:01:01/HLA-A*31:01:02	1.0	1.0
HG01149	HLA-B	35:43/35:67/35:79/44:02:01:01/44:02:01:02S/44:19N/44:27/44:66	HLA-B*44:02:01/HLA-B*35:43:01	1.0	1.0
HG01149	HLA-C	01:02:01/01:02:02/01:02:03/01:02:04/01:02:05/01:02:06/01:02:07/01:02:08/01:02:09/01:25/05:01:01:01/05:01:01:02/05:01:04/05:01:05/05:03	HLA-C*01:02:01/HLA-C*05:01:01	1.0	1.0
HG01149	HLA-DRB1	01:01:01/14:02	HLA-DRB1*01:01:01/HLA-DRB1*14:02:01	1.0	1.0
HG01149	HLA-DQB1	03:01:01/03:01:04/03:09/03:19/03:21/03:22/03:24/05:01:01	HLA-DQB1*05:01:01/HLA-DQB1*03:01:01	1.0	1.0
HG01167	HLA-A	02:11/02:69/29:02:01	HLA-A*29:02:01/HLA-A*02:11:01	1.0	1.0
HG01167	HLA-B	45:01/45:07/48:02	HLA-B*48:02:01/HLA-B*45:01:01	1.0	1.0
HG01167	HLA-C	04:01:01:01/04:01:01:02/04:01:01:03/04:09N/04:28/04:30/04:41/16:01:01	HLA-C*16:01:01/HLA-C*04:01:01	1.0	1.0
HG01167	HLA-DRB1	15:01:01:01/15:01:01:02/04:11	HLA-DRB1*15:01:01/HLA-DRB1*04:11:01	1.0	1.0
HG01167	HLA-DQB1	03:02:01/06:02:01	HLA-DQB1*06:02:01/HLA-DQB1*03:02:01	1.0	1.0
HG01168	HLA-A	02:11/02:69/03:01:01:01/03:01:01:02N/03:01:01:03/03:01:07/03:20/03:21N/03:26/03:37/03:45	HLA-A*02:11:01/HLA-A*03:01:01	1.0	1.0
HG01168	HLA-B	18:05/52:01:02	HLA-B*18:05:01/HLA-B*52:01:02	1.0	1.0
HG01168	HLA-C	12:03:01:01/12:03:01:02/12:03:06/15:02:01/15:13	HLA-C*15:02:01/HLA-C*12:03:01	1.0	1.0
HG01168	HLA-DRB1	04:11/07:01:01:01/07:01:01:02	HLA-DRB1*04:11:01/HLA-DRB1*07:01:01	1.0	1.0
HG01168	HLA-DQB1	03:02:01/03:03:02	HLA-DQB1*03:03:02/HLA-DQB1*03:02:01	1.0	1.0
HG01170	HLA-A	02:01:01:01/02:01:01:02L/02:01:01:03/02:01:08/02:01:11/02:01:14/02:01:15/02:01:21/02:09/02:43N/02:66/02:75/02:83N/02:89/02:97/02:132/02:134/02:140/11:01:01/11:21N	HLA-A*11:01:01/HLA-A*02:01:01	1.0	1.0
HG01170	HLA-B	15:01:01:01/15:01:01:02N/15:01:06/15:01:07/15:102/15:104/15:140/15:146/35:01:01/35:01:03/35:40N/35:42/35:57/35:94	HLA-B*35:01:01/HLA-B*15:01:01	1.0	1.0
HG01170	HLA-C	03:03:01/03:20N/04:01:01:01/04:01:01:02/04:01:01:03/04:09N/04:28/04:30/04:41	HLA-C*03:03:01/HLA-C*04:01:01	1.0	1.0
HG01170	HLA-DRB1	13:01:01/14:04	HLA-DRB1*13:01:01/HLA-DRB1*14:04:01	1.0	1.0
HG01170	HLA-DQB1	05:03:01/06:03:01	HLA-DQB1*05:03:01/HLA-DQB1*06:03:01	1.0	1.0
HG01171	HLA-A	02:20:01/02:01:01:01/02:01:01:02L/02:01:01:03/02:01:08/02:01:11/02:01:14/02:01:15/02:01:21/02:09/02:43N/02:66/02:75/02:83N/02:89/02:97/02:132/02:134/02:140	HLA-A*02:20:01/HLA-A*02:01:01	1.0	1.0
HG01171	HLA-B	07:02:01/07:02:06/07:02:09/07:44/07:49N/07:58/07:59/07:61/56:01/56:24	HLA-B*07:02:01/HLA-B*56:01:01	1.0	1.0
HG01171	HLA-C	01:02:01/01:02:02/01:02:03/01:02:04/01:02:05/01:02:06/01:02:07/01:02:08/01:02:09/01:25/07:02:01:01/07:02:01:02/07:02:01:03/07:50/07:66/07:74	HLA-C*07:02:01/HLA-C*01:02:01	1.0	1.0
HG01171	HLA-DRB1	03:01:01:01/03:01:01:02/13:01:01	HLA-DRB1*03:01:01/HLA-DRB1*13:01:01	1.0	1.0
HG01171	HLA-DQB1	02:01:01/02:02/02:04/06:03:01	HLA-DQB1*02:01:01/HLA-DQB1*06:03:01	1.0	1.0
HG01173	HLA-A	03:01:01:01/03:01:01:02N/03:01:01:03/03:01:07/03:20/03:21N/03:26/03:37/03:45/32:01:01/32:01:02	HLA-A*32:01:01/HLA-A*03:01:01	1.0	1.0
HG01173	HLA-B	07:02:01/07:02:06/07:02:09/07:44/07:49N/07:58/07:59/07:61/07:02:01/07:02:06/07:02:09/07:44/07:49N/07:58/07:59/07:61	HLA-B*07:02:01/HLA-B*07:02:01	1.0	1.0
HG01173	HLA-C	07:02:01:01/07:02:01:02/07:02:01:03/07:50/07:66/07:74/07:02:01:01/07:02:01:02/07:02:01:03/07:50/07:66/07:74	HLA-C*07:02:01/HLA-C*07:02:01	1.0	1.0
HG01173	HLA-DRB1	15:01:01:01/15:01:01:02/11:01:01/11:01:08	HLA-DRB1*15:01:01/HLA-DRB1*11:01:01	1.0	1.0
HG01173	HLA-DQB1	03:01:01/03:01:04/03:09/03:19/03:21/03:22/03:24/06:02:01	HLA-DQB1*06:02:01/HLA-DQB1*03:01:01	1.0	1.0
HG01174	HLA-A	02:01:01:01/02:01:01:02L/02:01:01:03/02:01:08/02:01:11/02:01:14/02:01:15/02:01:21/02:09/02:43N/02:66/02:75/02:83N/02:89/02:97/02:132/02:134/02:140/03:01:01:01/03:01:01:02N/03:01:01:03/03:01:07/03:20/03:21N/03:26/03:37/03:45	HLA-A*02:01:01/HLA-A*03:01:01	1.0	1.0
HG01174	HLA-B	35:12/53:01:01	HLA-B*35:12:01/HLA-B*53:01:01	1.0	1.0
HG01174	HLA-C	04:01:01:01/04:01:01:02/04:01:01:03/04:09N/04:28/04:30/04:41/04:01:01:01/04:01:01:02/04:01:01:03/04:09N/04:28/04:30/04:41	HLA-C*04:01:01/HLA-C*04:01:01	1.0	1.0
HG01174	HLA-DRB1	01:01:01/04:07:01	HLA-DRB1*01:01:01/HLA-DRB1*04:07:01	1.0	1.0
HG01174	HLA-DQB1	03:02:01/05:01:01	HLA-DQB1*05:01:01/HLA-DQB1*03:02:01	1.0	1.0
HG01176	HLA-A	23:01:01/23:07N/23:17/23:18/23:20/29:01:01:01/29:01:01:02N	HLA-A*29:01:01/HLA-A*23:01:01	1.0	1.0
HG01176	HLA-B	07:05:01/07:06/44:03:01/44:03:03/44:03:04	HLA-B*44:03:01/HLA-B*07:05:01	1.0	1.0
HG01176	HLA-C	04:01:01:01/04:01:01:02/04:01:01:03/04:09N/04:28/04:30/04:41/15:05:01/15:05:02/15:05:03	HLA-C*15:05:02/HLA-C*04:01:01	1.0	1.0
HG01176	HLA-DRB1	04:05:01/10:01:01	HLA-DRB1*10:01:01/HLA-DRB1*04:05:01	1.0	1.0
HG01176	HLA-DQB1	03:02:01/05:01:01	HLA-DQB1*03:02:01/HLA-DQB1*05:01:01	1.0	1.0
HG01177	HLA-A	02:01:01:01/02:01:01:02L/02:01:01:03/02:01:08/02:01:11/02:01:14/02:01:15/02:01:21/02:09/02:43N/02:66/02:75/02:83N/02:89/02:97/02:132/02:134/02:140/68:02:01:01/68:02:01:02/68:02:01:03	HLA-A*02:01:01/HLA-A*68:02:01	1.0	1.0
HG01177	HLA-B	51:01:01/51:01:05/51:01:07/51:11N/51:30/51:32/51:48/51:51/53:01:01	HLA-B*51:01:01/HLA-B*53:01:01	1.0	1.0
HG01177	HLA-C	04:01:01:01/04:01:01:02/04:01:01:03/04:09N/04:28/04:30/04:41/16:02	HLA-C*16:02:01/HLA-C*04:01:01	1.0	1.0
HG01177	HLA-DRB1	11:02:01/07:01:01:01/07:01:01:02	HLA-DRB1*11:02:01/HLA-DRB1*07:01:01	1.0	1.0
HG01177	HLA-DQB1	02:01:01/02:02/02:04/03:01:01/03:01:04/03:09/03:19/03:21/03:22/03:24	HLA-DQB1*02:02:01/HLA-DQB1*03:19:01	1.0	1.0
HG01182	HLA-A	02:01:01:01/02:01:01:02L/02:01:01:03/02:01:08/02:01:11/02:01:14/02:01:15/02:01:21/02:09/02:43N/02:66/02:75/02:83N/02:89/02:97/02:132/02:134/02:140/31:01:02/31:14N/31:23	HLA-A*02:01:01/HLA-A*31:01:02	1.0	1.0
HG01182	HLA-B	35:08:01/44:03:01/44:03:03/44:03:04	HLA-B*44:03:01/HLA-B*35:08:01	1.0	1.0
HG01182	HLA-C	04:01:01:01/04:01:01:02/04:01:01:03/04:09N/04:28/04:30/04:41/16:01:01	HLA-C*16:01:01/HLA-C*04:01:01	1.0	1.0
HG01182	HLA-DRB1	04:03:01/07:01:01:01/07:01:01:02	HLA-DRB1*07:01:01/HLA-DRB1*04:03:01	1.0	1.0
HG01182	HLA-DQB1	02:01:01/02:02/02:04/03:02:01	HLA-DQB1*02:02:01/HLA-DQB1*03:02:01	1.0	1.0
HG01183	HLA-A	24:02:01:01/24:02:01:02L/24:02:03/24:02:10/24:02:13/24:09N/24:11N/24:40N/24:76/24:79/24:83N/33:01:01	HLA-A*33:01:01/HLA-A*24:02:01	1.0	1.0
HG01183	HLA-B	35:03:01/35:70/78:01	HLA-B*35:03:01/HLA-B*78:01:01	1.0	1.0
HG01183	HLA-C	12:03:01:01/12:03:01:02/12:03:06/16:01:01	HLA-C*12:03:01/HLA-C*16:01:01	1.0	1.0
HG01183	HLA-DRB1	13:01:01/07:01:01:01/07:01:01:02	HLA-DRB1*07:01:01/HLA-DRB1*13:01:01	1.0	1.0
HG01183	HLA-DQB1	02:01:01/02:02/02:04/06:04:01/06:34	HLA-DQB1*02:02:01/HLA-DQB1*06:04:01	1.0	1.0
HG01187	HLA-A	02:01:01:01/02:01:01:02L/02:01:01:03/02:01:08/02:01:11/02:01:14/02:01:15/02:01:21/02:09/02:43N/02:66/02:75/02:83N/02:89/02:97/02:132/02:134/02:140/11:01:01/11:21N	HLA-A*11:01:01/HLA-A*02:01:01	1.0	1.0
HG01187	HLA-B	44:02:01:01/44:02:01:02S/44:19N/44:27/44:66/57:01:01	HLA-B*57:01:01/HLA-B*44:02:01	1.0	1.0
HG01187	HLA-C	05:01:01:01/05:01:01:02/05:01:04/05:01:05/05:03/06:02:01:01/06:02:01:02/06:02:03	HLA-C*06:02:01/HLA-C*05:01:01	1.0	1.0
HG01187	HLA-DRB1	11:01:01/11:01:08/07:01:01:01/07:01:01:02	HLA-DRB1*07:01:01/HLA-DRB1*11:01:01	1.0	1.0
HG01187	HLA-DQB1	03:03:02/03:01:01/03:01:04/03:09/03:19/03:21/03:22/03:24	HLA-DQB1*03:03:02/HLA-DQB1*03:01:01	1.0	1.0
HG01188	HLA-A	24:02:01:01/24:02:01:02L/24:02:03/24:02:10/24:02:13/24:09N/24:11N/24:40N/24:76/24:79/24:83N/29:02:01	HLA-A*24:02:01/HLA-A*29:02:01	1.0	1.0
HG01188	HLA-B	35:02:01/44:03:01/44:03:03/44:03:04	HLA-B*35:02:01/HLA-B*44:03:01	1.0	1.0
HG01188	HLA-C	04:01:01:01/04:01:01:02/04:01:01:03/04:09N/04:28/04:30/04:41/16:01:01	HLA-C*16:01:01/HLA-C*04:01:01	1.0	1.0
HG01188	HLA-DRB1	11:04:01/07:01:01:01/07:01:01:02	HLA-DRB1*07:01:01/HLA-DRB1*11:04:01	1.0	1.0
HG01188	HLA-DQB1	02:01:01/02:02/02:04/03:01:01/03:01:04/03:09/03:19/03:21/03:22/03:24	HLA-DQB1*02:02:01/HLA-DQB1*03:01:01	1.0	1.0
HG01190	HLA-A	02:01:01:01/02:01:01:02L/02:01:01:03/02:01:08/02:01:11/02:01:14/02:01:15/02:01:21/02:09/02:43N/02:66/02:75/02:83N/02:89/02:97/02:132/02:134/02:140/24:02:01:01/24:02:01:02L/24:02:03/24:02:10/24:02:13/24:09N/24:11N/24:40N/24:76/24:79/24:83N	HLA-A*24:02:01/HLA-A*02:01:01	1.0	1.0
HG01190	HLA-B	15:20/18:01:01/18:01:03/18:17N	HLA-B*15:20/HLA-B*18:01:01	1.0	1.0
HG01190	HLA-C	01:02:01/01:02:02/01:02:03/01:02:04/01:02:05/01:02:06/01:02:07/01:02:08/01:02:09/01:25/07:01:01/07:01:02/07:01:09/07:06/07:18/07:52	HLA-C*07:01:01/HLA-C*01:02:01	1.0	1.0
HG01190	HLA-DRB1	04:04/08:01:01/08:01:03	HLA-DRB1*08:01:01/HLA-DRB1*04:04:01	1.0	1.0
HG01190	HLA-DQB1	03:02:01/04:02	HLA-DQB1*04:02:01/HLA-DQB1*03:02:01	1.0	1.0
HG01191	HLA-A	02:01:01:01/02:01:01:02L/02:01:01:03/02:01:08/02:01:11/02:01:14/02:01:15/02:01:21/02:09/02:43N/02:66/02:75/02:83N/02:89/02:97/02:132/02:134/02:140/03:01:01:01/03:01:01:02N/03:01:01:03/03:01:07/03:20/03:21N/03:26/03:37/03:45	HLA-A*03:01:01/HLA-A*02:01:01	1.0	1.0
HG01191	HLA-B	07:02:01/07:02:06/07:02:09/07:44/07:49N/07:58/07:59/07:61/39:05	HLA-B*07:02:01/HLA-B*39:05:01	1.0	1.0
HG01191	HLA-C	03:05/07:02:01:01/07:02:01:02/07:02:01:03/07:50/07:66/07:74	HLA-C*03:05:01/HLA-C*07:02:01	1.0	1.0
HG01191	HLA-DRB1	15:01:01:01/15:01:01:02/03:01:01:01/03:01:01:02	HLA-DRB1*15:01:01/HLA-DRB1*03:01:01	1.0	1.0
HG01191	HLA-DQB1	02:01:01/02:02/02:04/06:02:01	HLA-DQB1*06:02:01/HLA-DQB1*02:01:01	1.0	1.0
HG01197	HLA-A	02:01:01:01/02:01:01:02L/02:01:01:03/02:01:08/02:01:11/02:01:14/02:01:15/02:01:21/02:09/02:43N/02:66/02:75/02:83N/02:89/02:97/02:132/02:134/02:140/30:10	HLA-A*30:10/HLA-A*02:01:01	1.0	1.0
HG01197	HLA-B	07:02:01/07:02:06/07:02:09/07:44/07:49N/07:58/07:59/07:61/56:01/56:24	HLA-B*56:01:01/HLA-B*07:02:01	1.0	1.0
HG01197	HLA-C	06:02:01:01/06:02:01:02/06:02:03/07:02:01:01/07:02:01:02/07:02:01:03/07:50/07:66/07:74	HLA-C*06:02:01/HLA-C*07:02:01	1.0	1.0
HG01197	HLA-DRB1	03:02:01/12:01:01/12:06/12:10/12:17	HLA-DRB1*03:02:01/HLA-DRB1*12:01:01	1.0	1.0
HG01197	HLA-DQB1	03:01:01/03:01:04/03:09/03:19/03:21/03:22/03:24/04:02	HLA-DQB1*04:02:01/HLA-DQB1*03:01:01	1.0	1.0
HG01198	HLA-A	11:01:01/11:21N/24:02:01:01/24:02:01:02L/24:02:03/24:02:10/24:02:13/24:09N/24:11N/24:40N/24:76/24:79/24:83N	HLA-A*11:01:01/HLA-A*24:02:01	1.0	1.0
HG01198	HLA-B	40:01:01/40:01:02/40:55/44:03:01/44:03:03/44:03:04	HLA-B*44:03:01/HLA-B*40:01:02	1.0	1.0
HG01198	HLA-C	03:04:01/03:04:03/04:01:01:01/04:01:01:02/04:01:01:03/04:09N/04:28/04:30/04:41	HLA-C*03:04:01/HLA-C*04:01:01	1.0	1.0
HG01198	HLA-DRB1	04:04/04:05:01	HLA-DRB1*04:05:01/HLA-DRB1*04:04:01	1.0	1.0
HG01198	HLA-DQB1	03:02:01/03:02:01	HLA-DQB1*03:02:01/HLA-DQB1*03:02:01	1.0	1.0
HG01204	HLA-A	02:01:01:01/02:01:01:02L/02:01:01:03/02:01:08/02:01:11/02:01:14/02:01:15/02:01:21/02:09/02:43N/02:66/02:75/02:83N/02:89/02:97/02:132/02:134/02:140/29:02:01	HLA-A*29:02:01/HLA-A*02:01:01	1.0	1.0
HG01204	HLA-B	15:01:01:01/15:01:01:02N/15:01:06/15:01:07/15:102/15:104/15:140/15:146/44:03:01/44:03:03/44:03:04	HLA-B*15:01:01/HLA-B*44:03:01	1.0	1.0
HG01204	HLA-C	03:03:01/03:20N/16:01:01	HLA-C*03:03:01/HLA-C*16:01:01	1.0	1.0
HG01204	HLA-DRB1	07:01:01:01/07:01:01:02/07:01:01:01/07:01:01:02	HLA-DRB1*07:01:01/HLA-DRB1*07:01:01	1.0	1.0
HG01204	HLA-DQB1	02:01:01/02:02/02:04/02:01:01/02:02/02:04	HLA-DQB1*02:02:01/HLA-DQB1*02:02:01	1.0	1.0
HG01205	HLA-A	03:01:01:01/03:01:01:02N/03:01:01:03/03:01:07/03:20/03:21N/03:26/03:37/03:45/11:01:01/11:21N	HLA-A*11:01:01/HLA-A*03:01:01	1.0	1.0
HG01205	HLA-B	07:02:01/07:02:06/07:02:09/07:44/07:49N/07:58/07:59/07:61/35:01:01/35:01:03/35:40N/35:42/35:57/35:94	HLA-B*07:02:01/HLA-B*35:01:01	1.0	1.0
HG01205	HLA-C	04:01:01:01/04:01:01:02/04:01:01:03/04:09N/04:28/04:30/04:41/07:02:01:01/07:02:01:02/07:02:01:03/07:50/07:66/07:74	HLA-C*07:02:01/HLA-C*04:01:01	1.0	1.0
HG01205	HLA-DRB1	01:01:01/13:01:01	HLA-DRB1*13:01:01/HLA-DRB1*01:01:01	1.0	1.0
HG01205	HLA-DQB1	05:01:01/06:03:01	HLA-DQB1*05:01:01/HLA-DQB1*06:03:01	1.0	1.0
HG01241	HLA-A	03:01:01:01/03:01:01:02N/03:01:01:03/03:01:07/03:20/03:21N/03:26/03:37/03:45/74:01/74:02	HLA-A*03:01:01/HLA-A*74:01:01	1.0	1.0
HG01241	HLA-B	07:02:01/07:02:06/07:02:09/07:44/07:49N/07:58/07:59/07:61/15:03:01/15:103	HLA-B*15:03:01/HLA-B*07:02:01	1.0	1.0
HG01241	HLA-C	02:10/07:02:01:01/07:02:01:02/07:02:01:03/07:50/07:66/07:74	HLA-C*07:02:01/HLA-C*02:10:01	1.0	1.0
HG01241	HLA-DRB1	15:01:01:01/15:01:01:02/13:02:01	HLA-DRB1*13:02:01/HLA-DRB1*15:01:01	1.0	1.0
HG01241	HLA-DQB1	06:02:01/06:09	HLA-DQB1*06:02:01/HLA-DQB1*06:09:01	1.0	1.0
HG01242	HLA-A	02:02/24:03:01/24:33	HLA-A*24:03:01/HLA-A*02:02:01	1.0	1.0
HG01242	HLA-B	35:01:01/35:01:03/35:40N/35:42/35:57/35:94/44:03:01/44:03:03/44:03:04	HLA-B*44:03:01/HLA-B*35:01:01	1.0	1.0
HG01242	HLA-C	04:01:01:01/04:01:01:02/04:01:01:03/04:09N/04:28/04:30/04:41/16:01:01	HLA-C*16:01:01/HLA-C*04:01:01	1.0	1.0
HG01242	HLA-DRB1	13:01:01/13:01:01	HLA-DRB1*13:01:01/HLA-DRB1*13:01:01	1.0	1.0
HG01242	HLA-DQB1	06:03:01/06:03:01	HLA-DQB1*06:03:01/HLA-DQB1*06:03:01	1.0	1.0
HG01247	HLA-A	01:01:01:01/01:01:01:02N/01:04N/01:22N/01:32/01:34N/01:37/02:01:01:01/02:01:01:02L/02:01:01:03/02:01:08/02:01:11/02:01:14/02:01:15/02:01:21/02:09/02:43N/02:66/02:75/02:83N/02:89/02:97/02:132/02:134/02:140	HLA-A*02:01:01/HLA-A*01:01:01	1.0	1.0
HG01247	HLA-B	52:01:01/52:07/57:01:01	HLA-B*57:01:01/HLA-B*52:01:01	1.0	1.0
HG01247	HLA-C	06:02:01:01/06:02:01:02/06:02:03/12:02:01/12:02:02	HLA-C*12:02:02/HLA-C*06:02:01	1.0	1.0
HG01247	HLA-DRB1	03:01:01:01/03:01:01:02/07:01:01:01/07:01:01:02	HLA-DRB1*03:01:01/HLA-DRB1*07:01:01	1.0	1.0
HG01247	HLA-DQB1	02:01:01/02:02/02:04/03:03:02	HLA-DQB1*02:01:01/HLA-DQB1*03:03:02	1.0	1.0
HG01248	HLA-A	02:04/03:01:01:01/03:01:01:02N/03:01:01:03/03:01:07/03:20/03:21N/03:26/03:37/03:45	HLA-A*03:01:01/HLA-A*02:04:01	1.0	1.0
HG01248	HLA-B	14:02:01/51:01:01/51:01:05/51:01:07/51:11N/51:30/51:32/51:48/51:51	HLA-B*14:02:01/HLA-B*51:01:01	1.0	1.0
HG01248	HLA-C	08:02/15:02:01/15:13	HLA-C*15:02:01/HLA-C*08:02:01	1.0	1.0
HG01248	HLA-DRB1	01:02:01/04:11	HLA-DRB1*01:02:01/HLA-DRB1*04:11:01	1.0	1.0
HG01248	HLA-DQB1	04:02/05:01:01	HLA-DQB1*04:02:01/HLA-DQB1*05:01:01	1.0	1.0
HG01250	HLA-A	24:02:01:01/24:02:01:02L/24:02:03/24:02:10/24:02:13/24:09N/24:11N/24:40N/24:76/24:79/24:83N/68:01:02/68:11N/68:33	HLA-A*68:01:02/HLA-A*24:02:01	1.0	1.0
HG01250	HLA-B	35:12/35:43/35:67/35:79	HLA-B*35:43:01/HLA-B*35:12:01	1.0	1.0
HG01250	HLA-C	01:02:01/01:02:02/01:02:03/01:02:04/01:02:05/01:02:06/01:02:07/01:02:08/01:02:09/01:25/04:01:01:01/04:01:01:02/04:01:01:03/04:09N/04:28/04:30/04:41	HLA-C*01:02:01/HLA-C*04:01:01	1.0	1.0
HG01250	HLA-DRB1	16:02:01/04:04	HLA-DRB1*16:02:01/HLA-DRB1*04:04:01	1.0	1.0
HG01250	HLA-DQB1	03:02:01/03:01:01/03:01:04/03:09/03:19/03:21/03:22/03:24	HLA-DQB1*03:02:01/HLA-DQB1*03:01:01	1.0	1.0
HG01251	HLA-A	24:02:01:01/24:02:01:02L/24:02:03/24:02:10/24:02:13/24:09N/24:11N/24:40N/24:76/24:79/24:83N/26:01:01/26:01:07/26:24/26:26	HLA-A*24:02:01/HLA-A*26:01:01	1.0	1.0
HG01251	HLA-B	35:43/35:67/35:79/49:01:01	HLA-B*49:01:01/HLA-B*35:43:01	1.0	1.0
HG01251	HLA-C	01:02:01/01:02:02/01:02:03/01:02:04/01:02:05/01:02:06/01:02:07/01:02:08/01:02:09/01:25/07:01:01/07:01:02/07:01:09/07:06/07:18/07:52	HLA-C*07:01:01/HLA-C*01:02:01	1.0	1.0
HG01251	HLA-DRB1	04:03:01/04:07:01	HLA-DRB1*04:07:01/HLA-DRB1*04:03:01	1.0	1.0
HG01251	HLA-DQB1	03:02:01/03:02:01	HLA-DQB1*03:02:01/HLA-DQB1*03:02:01	1.0	1.0
HG01253	HLA-A	30:02:01/30:02:02/68:02:01:01/68:02:01:02/68:02:01:03	HLA-A*30:02:01/HLA-A*68:02:01	1.0	1.0
HG01253	HLA-B	14:02:01/27:05:02/27:05:04/27:13	HLA-B*27:05:02/HLA-B*14:02:01	1.0	1.0
HG01253	HLA-C	01:02:01/01:02:02/01:02:03/01:02:04/01:02:05/01:02:06/01:02:07/01:02:08/01:02:09/01:25/08:02	HLA-C*08:02:01/HLA-C*01:02:01	1.0	1.0
HG01253	HLA-DRB1	01:02:01/13:01:01	HLA-DRB1*13:01:01/HLA-DRB1*01:02:01	1.0	1.0
HG01253	HLA-DQB1	05:01:01/06:03:01	HLA-DQB1*06:03:01/HLA-DQB1*05:01:01	1.0	1.0
HG01254	HLA-A	02:02/02:01:01:01/02:01:01:02L/02:01:01:03/02:01:08/02:01:11/02:01:14/02:01:15/02:01:21/02:09/02:43N/02:66/02:75/02:83N/02:89/02:97/02:132/02:134/02:140	HLA-A*02:02:01/HLA-A*02:01:01	1.0	1.0
HG01254	HLA-B	07:02:01/07:02:06/07:02:09/07:44/07:49N/07:58/07:59/07:61/44:02:01:01/44:02:01:02S/44:19N/44:27/44:66	HLA-B*44:02:01/HLA-B*07:02:01	1.0	1.0
HG01254	HLA-C	05:01:01:01/05:01:01:02/05:01:04/05:01:05/05:03/07:02:01:01/07:02:01:02/07:02:01:03/07:50/07:66/07:74	HLA-C*05:01:01/HLA-C*07:02:01	1.0	1.0
HG01254	HLA-DRB1	15:03:01:01/15:03:01:02/13:01:01	HLA-DRB1*15:03:01/HLA-DRB1*13:01:01	1.0	1.0
HG01254	HLA-DQB1	06:02:01/06:03:01	HLA-DQB1*06:02:01/HLA-DQB1*06:03:01	1.0	1.0
HG01256	HLA-A	02:01:01:01/02:01:01:02L/02:01:01:03/02:01:08/02:01:11/02:01:14/02:01:15/02:01:21/02:09/02:43N/02:66/02:75/02:83N/02:89/02:97/02:132/02:134/02:140/02:147	HLA-A*02:01:01/HLA-A*02:147	1.0	1.0
HG01256	HLA-B	07:02:01/07:02:06/07:02:09/07:44/07:49N/07:58/07:59/07:61/15:01:01:01/15:01:01:02N/15:01:06/15:01:07/15:102/15:104/15:140/15:146	HLA-B*15:01:01/HLA-B*07:02:01	1.0	1.0
HG01256	HLA-C	03:03:01/03:20N/07:02:01:01/07:02:01:02/07:02:01:03/07:50/07:66/07:74	HLA-C*07:02:01/HLA-C*03:03:01	1.0	1.0
HG01256	HLA-DRB1	01:03/13:01:01	HLA-DRB1*01:03:01/HLA-DRB1*13:01:01	1.0	1.0
HG01256	HLA-DQB1	05:01:01/06:03:01	HLA-DQB1*06:03:01/HLA-DQB1*05:01:01	1.0	1.0
HG01257	HLA-A	02:01:01:01/02:01:01:02L/02:01:01:03/02:01:08/02:01:11/02:01:14/02:01:15/02:01:21/02:09/02:43N/02:66/02:75/02:83N/02:89/02:97/02:132/02:134/02:140/03:01:01:01/03:01:01:02N/03:01:01:03/03:01:07/03:20/03:21N/03:26/03:37/03:45	HLA-A*03:01:01/HLA-A*02:01:01	1.0	1.0
HG01257	HLA-B	07:02:01/07:02:06/07:02:09/07:44/07:49N/07:58/07:59/07:61/18:01:01/18:01:03/18:17N	HLA-B*18:01:01/HLA-B*07:02:01	1.0	1.0
HG01257	HLA-C	05:01:01:01/05:01:01:02/05:01:04/05:01:05/05:03/07:02:01:01/07:02:01:02/07:02:01:03/07:50/07:66/07:74	HLA-C*07:02:01/HLA-C*05:01:01	1.0	1.0
HG01257	HLA-DRB1	03:01:01:01/03:01:01:02/10:01:01	HLA-DRB1*03:01:01/HLA-DRB1*10:01:01	1.0	1.0
HG01257	HLA-DQB1	02:01:01/02:02/02:04/05:01:01	HLA-DQB1*05:01:01/HLA-DQB1*02:01:01	1.0	1.0
HG01259	HLA-A	02:01:01:01/02:01:01:02L/02:01:01:03/02:01:08/02:01:11/02:01:14/02:01:15/02:01:21/02:09/02:43N/02:66/02:75/02:83N/02:89/02:97/02:132/02:134/02:140/03:01:01:01/03:01:01:02N/03:01:01:03/03:01:07/03:20/03:21N/03:26/03:37/03:45	HLA-A*02:01:01/HLA-A*03:01:01	1.0	1.0
HG01259	HLA-B	40:01:01/40:01:02/40:55/51:01:01/51:01:05/51:01:07/51:11N/51:30/51:32/51:48/51:51	HLA-B*51:193:01/HLA-B*40:01:02	1.0	0.0
HG01259	HLA-C	03:04:01/03:04:03/15:02:01/15:13	HLA-C*15:02:01/HLA-C*03:04:01	1.0	1.0
HG01259	HLA-DRB1	08:01:01/08:01:03/09:01:02	HLA-DRB1*08:01:01/HLA-DRB1*09:01:02	1.0	1.0
HG01259	HLA-DQB1	03:03:02/04:02	HLA-DQB1*03:03:02/HLA-DQB1*04:02:01	1.0	1.0
HG01260	HLA-A	02:01:01:01/02:01:01:02L/02:01:01:03/02:01:08/02:01:11/02:01:14/02:01:15/02:01:21/02:09/02:43N/02:66/02:75/02:83N/02:89/02:97/02:132/02:134/02:140/03:01:01:01/03:01:01:02N/03:01:01:03/03:01:07/03:20/03:21N/03:26/03:37/03:45	HLA-A*03:01:01/HLA-A*02:01:01	1.0	1.0
HG01260	HLA-B	07:02:01/07:02:06/07:02:09/07:44/07:49N/07:58/07:59/07:61/14:02:01	HLA-B*07:02:01/HLA-B*14:02:01	1.0	1.0
HG01260	HLA-C	07:02:01:01/07:02:01:02/07:02:01:03/07:50/07:66/07:74/08:02	HLA-C*08:02:01/HLA-C*07:02:01	1.0	1.0
HG01260	HLA-DRB1	01:03/08:02	HLA-DRB1*01:03:01/HLA-DRB1*08:02:01	1.0	1.0
HG01260	HLA-DQB1	04:02/05:01:01	HLA-DQB1*05:01:01/HLA-DQB1*04:02:01	1.0	1.0
HG01271	HLA-A	01:01:01:01/01:01:01:02N/01:04N/01:22N/01:32/01:34N/01:37/02:01:01:01/02:01:01:02L/02:01:01:03/02:01:08/02:01:11/02:01:14/02:01:15/02:01:21/02:09/02:43N/02:66/02:75/02:83N/02:89/02:97/02:132/02:134/02:140	HLA-A*02:01:01/HLA-A*01:01:01	1.0	1.0
HG01271	HLA-B	35:43/35:67/35:79/41:01	HLA-B*35:43:01/HLA-B*41:01:01	1.0	1.0
HG01271	HLA-C	01:02:01/01:02:02/01:02:03/01:02:04/01:02:05/01:02:06/01:02:07/01:02:08/01:02:09/01:25/17:01/17:02/17:03	HLA-C*01:02:01/HLA-C*17:01:01	1.0	1.0
HG01271	HLA-DRB1	13:02:01/08:02	HLA-DRB1*08:02:01/HLA-DRB1*13:02:01	1.0	1.0
HG01271	HLA-DQB1	04:02/06:09	HLA-DQB1*04:02:01/HLA-DQB1*06:09:01	1.0	1.0
HG01272	HLA-A	03:01:01:01/03:01:01:02N/03:01:01:03/03:01:07/03:20/03:21N/03:26/03:37/03:45/11:01:01/11:21N	HLA-A*03:01:01/HLA-A*11:01:01	1.0	1.0
HG01272	HLA-B	35:01:01/35:01:03/35:40N/35:42/35:57/35:94/44:03:01/44:03:03/44:03:04	HLA-B*35:01:01/HLA-B*44:03:01	1.0	1.0
HG01272	HLA-C	04:01:01:01/04:01:01:02/04:01:01:03/04:09N/04:28/04:30/04:41/04:01:01:01/04:01:01:02/04:01:01:03/04:09N/04:28/04:30/04:41	HLA-C*04:01:01/HLA-C*04:01:01	1.0	1.0
HG01272	HLA-DRB1	01:01:01/07:01:01:01/07:01:01:02	HLA-DRB1*01:01:01/HLA-DRB1*07:01:01	1.0	1.0
HG01272	HLA-DQB1	02:01:01/02:02/02:04/05:01:01	HLA-DQB1*05:01:01/HLA-DQB1*02:02:01	1.0	1.0
HG01275	HLA-A	03:01:01:01/03:01:01:02N/03:01:01:03/03:01:07/03:20/03:21N/03:26/03:37/03:45/30:02:01/30:02:02	HLA-A*03:01:01/HLA-A*30:02:01	1.0	1.0
HG01275	HLA-B	07:02:01/07:02:06/07:02:09/07:44/07:49N/07:58/07:59/07:61/35:01:01/35:01:03/35:40N/35:42/35:57/35:94	HLA-B*35:01:01/HLA-B*07:02:01	1.0	1.0
HG01275	HLA-C	04:01:01:01/04:01:01:02/04:01:01:03/04:09N/04:28/04:30/04:41/07:02:01:01/07:02:01:02/07:02:01:03/07:50/07:66/07:74	HLA-C*07:02:01/HLA-C*04:01:01	1.0	1.0
HG01275	HLA-DRB1	15:01:01:01/15:01:01:02/07:01:01:01/07:01:01:02	HLA-DRB1*15:01:01/HLA-DRB1*07:01:01	1.0	1.0
HG01275	HLA-DQB1	02:01:01/02:02/02:04/06:02:01	HLA-DQB1*02:02:01/HLA-DQB1*06:02:01	1.0	1.0
HG01277	HLA-A	02:01:01:01/02:01:01:02L/02:01:01:03/02:01:08/02:01:11/02:01:14/02:01:15/02:01:21/02:09/02:43N/02:66/02:75/02:83N/02:89/02:97/02:132/02:134/02:140/29:02:01	HLA-A*29:02:01/HLA-A*02:01:01	1.0	1.0
HG01277	HLA-B	51:01:01/51:01:05/51:01:07/51:11N/51:30/51:32/51:48/51:51/57:01:01	HLA-B*51:01:01/HLA-B*57:01:01	1.0	1.0
HG01277	HLA-C	01:02:01/01:02:02/01:02:03/01:02:04/01:02:05/01:02:06/01:02:07/01:02:08/01:02:09/01:25/07:01:01/07:01:02/07:01:09/07:06/07:18/07:52	HLA-C*07:01:01/HLA-C*01:02:01	1.0	1.0
HG01277	HLA-DRB1	01:01:01/01:01:01	HLA-DRB1*01:01:01/HLA-DRB1*01:01:01	1.0	1.0
HG01277	HLA-DQB1	05:01:01/05:01:01	HLA-DQB1*05:01:01/HLA-DQB1*05:01:01	1.0	1.0
HG01334	HLA-A	02:01:01:01/02:01:01:02L/02:01:01:03/02:01:08/02:01:11/02:01:14/02:01:15/02:01:21/02:09/02:43N/02:66/02:75/02:83N/02:89/02:97/02:132/02:134/02:140/24:02:01:01/24:02:01:02L/24:02:03/24:02:10/24:02:13/24:09N/24:11N/24:40N/24:76/24:79/24:83N	HLA-A*02:01:01/HLA-A*24:02:01	1.0	1.0
HG01334	HLA-B	44:02:01:01/44:02:01:02S/44:19N/44:27/44:66/44:02:01:01/44:02:01:02S/44:19N/44:27/44:66	HLA-B*44:02:01/HLA-B*44:02:01	1.0	1.0
HG01334	HLA-C	05:01:01:01/05:01:01:02/05:01:04/05:01:05/05:03/07:04:01/07:11	HLA-C*07:04:01/HLA-C*05:01:01	1.0	1.0
HG01334	HLA-DRB1	13:02:01/04:01:01	HLA-DRB1*13:02:01/HLA-DRB1*04:01:01	1.0	1.0
HG01334	HLA-DQB1	03:01:01/03:01:04/03:09/03:19/03:21/03:22/03:24/06:04:01/06:34	HLA-DQB1*06:04:01/HLA-DQB1*03:01:01	1.0	1.0
HG01341	HLA-A	02:04/66:01/66:08	HLA-A*66:01:01/HLA-A*02:04:01	1.0	1.0
HG01341	HLA-B	49:01:01/51:01:01/51:01:05/51:01:07/51:11N/51:30/51:32/51:48/51:51	HLA-B*51:01:01/HLA-B*49:01:01	1.0	1.0
HG01341	HLA-C	07:01:01/07:01:02/07:01:09/07:06/07:18/07:52/15:02:01/15:13	HLA-C*07:01:01/HLA-C*15:02:01	1.0	1.0
HG01341	HLA-DRB1	03:01:01:01/03:01:01:02/04:11	HLA-DRB1*03:01:01/HLA-DRB1*04:11:01	1.0	1.0
HG01341	HLA-DQB1	02:01:01/02:02/02:04/04:02	HLA-DQB1*04:02:01/HLA-DQB1*02:01:01	1.0	1.0
HG01342	HLA-A	02:02/02:01:01:01/02:01:01:02L/02:01:01:03/02:01:08/02:01:11/02:01:14/02:01:15/02:01:21/02:09/02:43N/02:66/02:75/02:83N/02:89/02:97/02:132/02:134/02:140	HLA-A*02:02:01/HLA-A*02:01:01	1.0	1.0
HG01342	HLA-B	15:01:01:01/15:01:01:02N/15:01:06/15:01:07/15:102/15:104/15:140/15:146/53:01:01	HLA-B*15:01:01/HLA-B*53:01:01	1.0	1.0
HG01342	HLA-C	03:03:01/03:20N/04:01:01:01/04:01:01:02/04:01:01:03/04:09N/04:28/04:30/04:41	HLA-C*03:03:01/HLA-C*04:01:01	1.0	1.0
HG01342	HLA-DRB1	11:01:01/11:01:08/10:01:01	HLA-DRB1*11:01:01/HLA-DRB1*10:01:01	1.0	1.0
HG01342	HLA-DQB1	03:01:01/03:01:04/03:09/03:19/03:21/03:22/03:24/05:01:01	HLA-DQB1*05:01:01/HLA-DQB1*03:01:01	1.0	1.0
HG01344	HLA-A	23:01:01/23:07N/23:17/23:18/23:20/24:02:01:01/24:02:01:02L/24:02:03/24:02:10/24:02:13/24:09N/24:11N/24:40N/24:76/24:79/24:83N	HLA-A*23:01:01/HLA-A*24:02:01	1.0	1.0
HG01344	HLA-B	35:12/51:01:01/51:01:05/51:01:07/51:11N/51:30/51:32/51:48/51:51	HLA-B*35:12:01/HLA-B*51:01:01	1.0	1.0
HG01344	HLA-C	04:01:01:01/04:01:01:02/04:01:01:03/04:09N/04:28/04:30/04:41/14:02:01	HLA-C*14:02:01/HLA-C*04:01:01	1.0	1.0
HG01344	HLA-DRB1	01:01:01/14:02	HLA-DRB1*01:01:01/HLA-DRB1*14:02:01	1.0	1.0
HG01344	HLA-DQB1	03:01:01/03:01:04/03:09/03:19/03:21/03:22/03:24/05:01:01	HLA-DQB1*05:01:01/HLA-DQB1*03:01:01	1.0	1.0
HG01345	HLA-A	01:01:01:01/01:01:01:02N/01:04N/01:22N/01:32/01:34N/01:37/03:01:01:01/03:01:01:02N/03:01:01:03/03:01:07/03:20/03:21N/03:26/03:37/03:45	HLA-A*01:01:01/HLA-A*03:01:01	1.0	1.0
HG01345	HLA-B	35:08:01/38:01:01	HLA-B*38:01:01/HLA-B*35:08:01	1.0	1.0
HG01345	HLA-C	04:01:01:01/04:01:01:02/04:01:01:03/04:09N/04:28/04:30/04:41/12:03:01:01/12:03:01:02/12:03:06	HLA-C*04:01:01/HLA-C*12:03:01	1.0	1.0
HG01345	HLA-DRB1	15:01:01:01/15:01:01:02/13:02:01	HLA-DRB1*15:01:01/HLA-DRB1*13:02:01	1.0	1.0
HG01345	HLA-DQB1	05:02:01/05:03:01	HLA-DQB1*05:03:01/HLA-DQB1*05:02:01	1.0	1.0
HG01348	HLA-A	29:02:01/30:01:01/30:01:02/30:24	HLA-A*30:01:01/HLA-A*29:02:01	1.0	1.0
HG01348	HLA-B	13:02:01/13:02:05/44:03:01/44:03:03/44:03:04	HLA-B*13:02:01/HLA-B*44:03:01	1.0	1.0
HG01348	HLA-C	06:02:01:01/06:02:01:02/06:02:03/16:01:01	HLA-C*06:02:01/HLA-C*16:01:01	1.0	1.0
HG01348	HLA-DRB1	01:01:01/07:01:01:01/07:01:01:02	HLA-DRB1*07:01:01/HLA-DRB1*01:01:01	1.0	1.0
HG01348	HLA-DQB1	02:01:01/02:02/02:04/05:01:01	HLA-DQB1*05:01:01/HLA-DQB1*02:02:01	1.0	1.0
HG01350	HLA-A	02:11/02:69/24:02:01:01/24:02:01:02L/24:02:03/24:02:10/24:02:13/24:09N/24:11N/24:40N/24:76/24:79/24:83N	HLA-A*02:11:01/HLA-A*24:02:01	1.0	1.0
HG01350	HLA-B	40:04/57:01:01	HLA-B*40:04:01/HLA-B*57:01:01	1.0	1.0
HG01350	HLA-C	03:04:01/03:04:03/06:02:01:01/06:02:01:02/06:02:03	HLA-C*03:04:01/HLA-C*06:02:01	1.0	1.0
HG01350	HLA-DRB1	04:11/04:11	HLA-DRB1*04:11:01/HLA-DRB1*04:11:01	1.0	1.0
HG01350	HLA-DQB1	03:02:01/03:02:01	HLA-DQB1*03:02:01/HLA-DQB1*03:02:01	1.0	1.0
HG01351	HLA-A	03:01:01:01/03:01:01:02N/03:01:01:03/03:01:07/03:20/03:21N/03:26/03:37/03:45/68:02:01:01/68:02:01:02/68:02:01:03	HLA-A*03:01:01/HLA-A*68:02:01	1.0	1.0
HG01351	HLA-B	35:01:01/35:01:03/35:40N/35:42/35:57/35:94/49:01:01	HLA-B*49:01:01/HLA-B*35:01:01	1.0	1.0
HG01351	HLA-C	04:01:01:01/04:01:01:02/04:01:01:03/04:09N/04:28/04:30/04:41/07:01:01/07:01:02/07:01:09/07:06/07:18/07:52	HLA-C*07:01:01/HLA-C*04:01:01	1.0	1.0
HG01351	HLA-DRB1	01:01:01/10:01:01	HLA-DRB1*10:01:01/HLA-DRB1*01:01:01	1.0	1.0
HG01351	HLA-DQB1	05:01:01/05:01:01	HLA-DQB1*05:01:01/HLA-DQB1*05:01:01	1.0	1.0
HG01353	HLA-A	03:01:01:01/03:01:01:02N/03:01:01:03/03:01:07/03:20/03:21N/03:26/03:37/03:45/24:02:01:01/24:02:01:02L/24:02:03/24:02:10/24:02:13/24:09N/24:11N/24:40N/24:76/24:79/24:83N	HLA-A*03:01:01/HLA-A*24:02:01	1.0	1.0
HG01353	HLA-B	35:43/35:67/35:79/38:01:01	HLA-B*38:01:01/HLA-B*35:43:01	1.0	1.0
HG01353	HLA-C	01:02:01/01:02:02/01:02:03/01:02:04/01:02:05/01:02:06/01:02:07/01:02:08/01:02:09/01:25/12:03:01:01/12:03:01:02/12:03:06	HLA-C*01:02:01/HLA-C*12:03:01	1.0	1.0
HG01353	HLA-DRB1	13:01:01/04:07:01	HLA-DRB1*13:01:01/HLA-DRB1*04:07:01	1.0	1.0
HG01353	HLA-DQB1	03:02:01/06:03:01	HLA-DQB1*06:03:01/HLA-DQB1*03:02:01	1.0	1.0
HG01354	HLA-A	02:01:01:01/02:01:01:02L/02:01:01:03/02:01:08/02:01:11/02:01:14/02:01:15/02:01:21/02:09/02:43N/02:66/02:75/02:83N/02:89/02:97/02:132/02:134/02:140/31:01:02/31:14N/31:23	HLA-A*31:01:02/HLA-A*02:01:01	1.0	1.0
HG01354	HLA-B	35:43/35:67/35:79/49:01:01	HLA-B*49:01:01/HLA-B*35:43:01	1.0	1.0
HG01354	HLA-C	01:02:01/01:02:02/01:02:03/01:02:04/01:02:05/01:02:06/01:02:07/01:02:08/01:02:09/01:25/07:01:01/07:01:02/07:01:09/07:06/07:18/07:52	HLA-C*07:01:02/HLA-C*01:02:01	1.0	1.0
HG01354	HLA-DRB1	13:02:01/04:07:01	HLA-DRB1*04:07:01/HLA-DRB1*13:02:01	1.0	1.0
HG01354	HLA-DQB1	03:02:01/06:04:01/06:34	HLA-DQB1*03:02:01/HLA-DQB1*06:04:01	1.0	1.0
HG01356	HLA-A	24:02:01:01/24:02:01:02L/24:02:03/24:02:10/24:02:13/24:09N/24:11N/24:40N/24:76/24:79/24:83N/68:01:02/68:11N/68:33	HLA-A*24:02:01/HLA-A*68:01:02	1.0	1.0
HG01356	HLA-B	18:01:01/18:01:03/18:17N/35:43/35:67/35:79	HLA-B*35:43:01/HLA-B*18:01:01	1.0	1.0
HG01356	HLA-C	01:02:01/01:02:02/01:02:03/01:02:04/01:02:05/01:02:06/01:02:07/01:02:08/01:02:09/01:25/05:01:01:01/05:01:01:02/05:01:04/05:01:05/05:03	HLA-C*05:01:01/HLA-C*01:02:01	1.0	1.0
HG01356	HLA-DRB1	03:01:01:01/03:01:01:02/04:07:01	HLA-DRB1*03:01:01/HLA-DRB1*04:07:01	1.0	1.0
HG01356	HLA-DQB1	02:01:01/02:02/02:04/03:02:01	HLA-DQB1*03:02:01/HLA-DQB1*02:01:01	1.0	1.0
HG01357	HLA-A	02:01:01:01/02:01:01:02L/02:01:01:03/02:01:08/02:01:11/02:01:14/02:01:15/02:01:21/02:09/02:43N/02:66/02:75/02:83N/02:89/02:97/02:132/02:134/02:140/30:02:01/30:02:02	HLA-A*30:02:01/HLA-A*02:01:01	1.0	1.0
HG01357	HLA-B	27:05:02/27:05:04/27:13/49:01:01	HLA-B*27:05:02/HLA-B*49:01:01	1.0	1.0
HG01357	HLA-C	02:02:02/07:01:01/07:01:02/07:01:09/07:06/07:18/07:52	HLA-C*02:02:02/HLA-C*07:01:01	1.0	1.0
HG01357	HLA-DRB1	13:02:01/04:03:01	HLA-DRB1*13:02:01/HLA-DRB1*04:03:01	1.0	1.0
HG01357	HLA-DQB1	03:02:01/06:04:01/06:34	HLA-DQB1*03:02:01/HLA-DQB1*06:04:01	1.0	1.0
HG01359	HLA-A	29:02:01/34:02	HLA-A*34:02:01/HLA-A*29:02:01	1.0	1.0
HG01359	HLA-B	50:01/58:02	HLA-B*50:01:01/HLA-B*58:02:01	1.0	1.0
HG01359	HLA-C	06:02:01:01/06:02:01:02/06:02:03/06:02:01:01/06:02:01:02/06:02:03	HLA-C*06:02:01/HLA-C*06:02:01	1.0	1.0
HG01359	HLA-DRB1	08:06/11:02:01	HLA-DRB1*08:06:01/HLA-DRB1*11:02:01	1.0	1.0
HG01359	HLA-DQB1	03:01:01/03:01:04/03:09/03:19/03:21/03:22/03:24/06:02:01	HLA-DQB1*03:01:01/HLA-DQB1*06:02:01	1.0	1.0
HG01360	HLA-A	02:01:01:01/02:01:01:02L/02:01:01:03/02:01:08/02:01:11/02:01:14/02:01:15/02:01:21/02:09/02:43N/02:66/02:75/02:83N/02:89/02:97/02:132/02:134/02:140/30:01:01/30:01:02/30:24	HLA-A*30:01:01/HLA-A*02:01:01	1.0	1.0
HG01360	HLA-B	42:01/44:03:01/44:03:03/44:03:04	HLA-B*42:01:01/HLA-B*44:03:01	1.0	1.0
HG01360	HLA-C	16:01:01/17:01/17:02/17:03	HLA-C*17:01:01/HLA-C*16:01:01	1.0	1.0
HG01360	HLA-DRB1	07:01:01:01/07:01:01:02/08:04	HLA-DRB1*07:01:01/HLA-DRB1*08:04:01	1.0	1.0
HG01360	HLA-DQB1	02:01:01/02:02/02:04/03:01:01/03:01:04/03:09/03:19/03:21/03:22/03:24	HLA-DQB1*02:02:01/HLA-DQB1*03:01:04	1.0	1.0
HG01365	HLA-A	02:02/24:02:01:01/24:02:01:02L/24:02:03/24:02:10/24:02:13/24:09N/24:11N/24:40N/24:76/24:79/24:83N	HLA-A*02:02:01/HLA-A*24:02:01	1.0	1.0
HG01365	HLA-B	35:10/53:01:01	HLA-B*53:01:01/HLA-B*35:10	1.0	1.0
HG01365	HLA-C	03:04:01/03:04:03/04:01:01:01/04:01:01:02/04:01:01:03/04:09N/04:28/04:30/04:41	HLA-C*03:04:01/HLA-C*04:01:01	1.0	1.0
HG01365	HLA-DRB1	13:03:01/04:07:01	HLA-DRB1*13:03:01/HLA-DRB1*04:07:01	1.0	1.0
HG01365	HLA-DQB1	03:02:01/03:01:01/03:01:04/03:09/03:19/03:21/03:22/03:24	HLA-DQB1*03:02:01/HLA-DQB1*03:01:01	1.0	1.0
HG01366	HLA-A	29:02:01/30:02:01/30:02:02	HLA-A*30:02:01/HLA-A*29:02:01	1.0	1.0
HG01366	HLA-B	44:03:01/44:03:03/44:03:04/57:03:01	HLA-B*44:03:01/HLA-B*57:03:01	1.0	1.0
HG01366	HLA-C	07:01:01/07:01:02/07:01:09/07:06/07:18/07:52/16:01:01	HLA-C*07:01:01/HLA-C*16:01:01	1.0	1.0
HG01366	HLA-DRB1	15:03:01:01/15:03:01:02/07:01:01:01/07:01:01:02	HLA-DRB1*07:01:01/HLA-DRB1*15:03:01	1.0	1.0
HG01366	HLA-DQB1	02:01:01/02:02/02:04/06:02:01	HLA-DQB1*02:02:01/HLA-DQB1*06:02:01	1.0	1.0
HG01374	HLA-A	03:01:01:01/03:01:01:02N/03:01:01:03/03:01:07/03:20/03:21N/03:26/03:37/03:45/26:01:01/26:01:07/26:24/26:26	HLA-A*03:01:01/HLA-A*26:01:01	1.0	1.0
HG01374	HLA-B	35:01:01/35:01:03/35:40N/35:42/35:57/35:94/35:01:01/35:01:03/35:40N/35:42/35:57/35:94	HLA-B*35:01:01/HLA-B*35:01:01	1.0	1.0
HG01374	HLA-C	04:01:01:01/04:01:01:02/04:01:01:03/04:09N/04:28/04:30/04:41/04:01:01:01/04:01:01:02/04:01:01:03/04:09N/04:28/04:30/04:41	HLA-C*04:01:01/HLA-C*04:01:01	1.0	1.0
HG01374	HLA-DRB1	01:01:01/11:04:01	HLA-DRB1*01:01:01/HLA-DRB1*11:04:01	1.0	1.0
HG01374	HLA-DQB1	02:01:01/02:02/02:04/05:01:01	HLA-DQB1*05:01:01/HLA-DQB1*02:01:01	1.0	1.0
HG01375	HLA-A	33:03:01/33:03:03/33:15/33:25/33:03:01/33:03:03/33:15/33:25	HLA-A*33:03:01/HLA-A*33:03:01	1.0	1.0
HG01375	HLA-B	14:02:01/15:16	HLA-B*15:16:01/HLA-B*14:02:01	1.0	1.0
HG01375	HLA-C	08:02/16:01:01	HLA-C*08:02:01/HLA-C*16:01:01	1.0	1.0
HG01375	HLA-DRB1	13:01:01/13:03:01	HLA-DRB1*13:01:01/HLA-DRB1*13:03:01	1.0	1.0
HG01375	HLA-DQB1	02:01:01/02:02/02:04/06:03:01	HLA-DQB1*02:02:01/HLA-DQB1*06:03:01	1.0	1.0
HG01377	HLA-A	02:22:01/02:104/02:01:01:01/02:01:01:02L/02:01:01:03/02:01:08/02:01:11/02:01:14/02:01:15/02:01:21/02:09/02:43N/02:66/02:75/02:83N/02:89/02:97/02:132/02:134/02:140	HLA-A*02:22:01/HLA-A*02:01:01	1.0	1.0
HG01377	HLA-B	40:02:01/40:56/40:97/51:01:01/51:01:05/51:01:07/51:11N/51:30/51:32/51:48/51:51	HLA-B*40:02:01/HLA-B*51:01:01	1.0	1.0
HG01377	HLA-C	01:02:01/01:02:02/01:02:03/01:02:04/01:02:05/01:02:06/01:02:07/01:02:08/01:02:09/01:25/03:04:01/03:04:03	HLA-C*03:04:01/HLA-C*01:02:01	1.0	1.0
HG01377	HLA-DRB1	01:01:01/04:04	HLA-DRB1*01:01:01/HLA-DRB1*04:04:01	1.0	1.0
HG01377	HLA-DQB1	03:02:01/05:01:01	HLA-DQB1*03:02:01/HLA-DQB1*05:01:01	1.0	1.0
HG01378	HLA-A	02:01:01:01/02:01:01:02L/02:01:01:03/02:01:08/02:01:11/02:01:14/02:01:15/02:01:21/02:09/02:43N/02:66/02:75/02:83N/02:89/02:97/02:132/02:134/02:140/24:02:01:01/24:02:01:02L/24:02:03/24:02:10/24:02:13/24:09N/24:11N/24:40N/24:76/24:79/24:83N	HLA-A*02:01:01/HLA-A*24:02:01	1.0	1.0
HG01378	HLA-B	18:01:01/18:01:03/18:17N/35:10	HLA-B*18:01:01/HLA-B*35:10	1.0	1.0
HG01378	HLA-C	03:04:01/03:04:03/05:01:01:01/05:01:01:02/05:01:04/05:01:05/05:03	HLA-C*03:04:01/HLA-C*05:01:01	1.0	1.0
HG01378	HLA-DRB1	03:01:01:01/03:01:01:02/04:05:04	HLA-DRB1*03:01:01/HLA-DRB1*04:05:01	1.0	1.0
HG01378	HLA-DQB1	02:01:01/02:02/02:04/04:02	HLA-DQB1*02:01:01/HLA-DQB1*04:02:01	1.0	1.0
HG01383	HLA-A	33:01:01/68:02:01:01/68:02:01:02/68:02:01:03	HLA-A*33:01:01/HLA-A*68:02:01	1.0	1.0
HG01383	HLA-B	14:02:01/53:01:01	HLA-B*53:01:01/HLA-B*14:02:01	1.0	1.0
HG01383	HLA-C	04:01:01:01/04:01:01:02/04:01:01:03/04:09N/04:28/04:30/04:41/08:02	HLA-C*08:02:01/HLA-C*04:01:01	1.0	1.0
HG01383	HLA-DRB1	13:02:01/07:01:01:01/07:01:01:02	HLA-DRB1*07:01:01/HLA-DRB1*13:02:01	1.0	1.0
HG01383	HLA-DQB1	02:01:01/02:02/02:04/06:04:01/06:34	HLA-DQB1*02:02:01/HLA-DQB1*06:04:01	1.0	1.0
HG01384	HLA-A	02:05:01/02:179/03:01:01:01/03:01:01:02N/03:01:01:03/03:01:07/03:20/03:21N/03:26/03:37/03:45	HLA-A*02:05:01/HLA-A*03:01:01	1.0	1.0
HG01384	HLA-B	07:02:01/07:02:06/07:02:09/07:44/07:49N/07:58/07:59/07:61/35:01:01/35:01:03/35:40N/35:42/35:57/35:94	HLA-B*35:01:01/HLA-B*07:02:01	1.0	1.0
HG01384	HLA-C	04:01:01:01/04:01:01:02/04:01:01:03/04:09N/04:28/04:30/04:41/16:01:01	HLA-C*16:01:01/HLA-C*04:01:01	1.0	1.0
HG01384	HLA-DRB1	01:01:01/04:07:01	HLA-DRB1*01:01:01/HLA-DRB1*04:07:01	1.0	1.0
HG01384	HLA-DQB1	03:01:01/03:01:04/03:09/03:19/03:21/03:22/03:24/05:01:01	HLA-DQB1*05:01:01/HLA-DQB1*03:01:01	1.0	1.0
HG01389	HLA-A	24:02:01:01/24:02:01:02L/24:02:03/24:02:10/24:02:13/24:09N/24:11N/24:40N/24:76/24:79/24:83N/29:02:01	HLA-A*29:02:01/HLA-A*24:02:01	1.0	1.0
HG01389	HLA-B	44:03:01/44:03:03/44:03:04/44:03:01/44:03:03/44:03:04	HLA-B*44:03:01/HLA-B*40:02:01	0.0	0.0
HG01389	HLA-C	03:05/16:01:01	HLA-C*03:05:01/HLA-C*16:01:01	1.0	1.0
HG01389	HLA-DRB1	04:07:01/07:01:01:01/07:01:01:02	HLA-DRB1*07:01:01/HLA-DRB1*04:07:01	1.0	1.0
HG01389	HLA-DQB1	02:01:01/02:02/02:04/03:02:01	HLA-DQB1*03:02:01/HLA-DQB1*02:02:01	1.0	1.0
HG01390	HLA-A	02:01:01:01/02:01:01:02L/02:01:01:03/02:01:08/02:01:11/02:01:14/02:01:15/02:01:21/02:09/02:43N/02:66/02:75/02:83N/02:89/02:97/02:132/02:134/02:140/30:02:01/30:02:02	HLA-A*30:02:01/HLA-A*02:01:01	1.0	1.0
HG01390	HLA-B	14:02:01/39:01:01:01/39:01:01:02L/39:01:03/39:46	HLA-B*14:02:01/HLA-B*39:01:01	1.0	1.0
HG01390	HLA-C	08:02/12:03:01:01/12:03:01:02/12:03:06	HLA-C*08:02:01/HLA-C*12:03:01	1.0	1.0
HG01390	HLA-DRB1	15:03:01:01/15:03:01:02/16:01:01	HLA-DRB1*15:03:01/HLA-DRB1*16:01:01	1.0	1.0
HG01390	HLA-DQB1	05:02:01/06:02:01	HLA-DQB1*05:02:01/HLA-DQB1*06:02:01	1.0	1.0
HG01437	HLA-A	02:05:01/02:179/24:02:01:01/24:02:01:02L/24:02:03/24:02:10/24:02:13/24:09N/24:11N/24:40N/24:76/24:79/24:83N	HLA-A*24:02:01/HLA-A*02:05:01	1.0	1.0
HG01437	HLA-B	39:06:02/58:01:01/58:11	HLA-B*39:06:02/HLA-B*58:01:01	1.0	1.0
HG01437	HLA-C	07:01:01/07:01:02/07:01:09/07:06/07:18/07:52/07:02:01:01/07:02:01:02/07:02:01:03/07:50/07:66/07:74	HLA-C*07:02:01/HLA-C*07:18:01	1.0	1.0
HG01437	HLA-DRB1	15:01:01:01/15:01:01:02/04:02	HLA-DRB1*15:01:01/HLA-DRB1*04:14	1.0	0.0
HG01437	HLA-DQB1	03:02:01/06:02:01	HLA-DQB1*03:289/HLA-DQB1*06:02:01	1.0	0.0
HG01438	HLA-A	03:01:01:01/03:01:01:02N/03:01:01:03/03:01:07/03:20/03:21N/03:26/03:37/03:45/03:01:01:01/03:01:01:02N/03:01:01:03/03:01:07/03:20/03:21N/03:26/03:37/03:45	HLA-A*03:01:01/HLA-A*03:01:01	1.0	1.0
HG01438	HLA-B	07:02:01/07:02:06/07:02:09/07:44/07:49N/07:58/07:59/07:61/07:02:01/07:02:06/07:02:09/07:44/07:49N/07:58/07:59/07:61	HLA-B*07:02:01/HLA-B*07:02:01	1.0	1.0
HG01438	HLA-C	07:02:01:01/07:02:01:02/07:02:01:03/07:50/07:66/07:74/07:02:01:01/07:02:01:02/07:02:01:03/07:50/07:66/07:74	HLA-C*07:02:01/HLA-C*07:02:01	1.0	1.0
HG01438	HLA-DRB1	15:01:01:01/15:01:01:02/04:04	HLA-DRB1*15:01:01/HLA-DRB1*04:04:01	1.0	1.0
HG01438	HLA-DQB1	03:02:01/06:02:01	HLA-DQB1*06:02:01/HLA-DQB1*03:02:01	1.0	1.0
HG01440	HLA-A	02:04/30:02:01/30:02:02	HLA-A*02:04:01/HLA-A*30:02:01	1.0	1.0
HG01440	HLA-B	08:01:01/08:19N/39:05	HLA-B*08:01:01/HLA-B*39:05:01	1.0	1.0
HG01440	HLA-C	07:01:01/07:01:02/07:01:09/07:06/07:18/07:52/07:02:01:01/07:02:01:02/07:02:01:03/07:50/07:66/07:74	HLA-C*07:02:01/HLA-C*07:01:01	1.0	1.0
HG01440	HLA-DRB1	15:02:01/03:01:01:01/03:01:01:02	HLA-DRB1*03:01:01/HLA-DRB1*15:02:01	1.0	1.0
HG01440	HLA-DQB1	02:01:01/02:02/02:04/06:01:01/06:01:03	HLA-DQB1*06:01:01/HLA-DQB1*02:01:01	1.0	1.0
HG01441	HLA-A	23:01:01/23:07N/23:17/23:18/23:20/24:02:01:01/24:02:01:02L/24:02:03/24:02:10/24:02:13/24:09N/24:11N/24:40N/24:76/24:79/24:83N	HLA-A*23:01:01/HLA-A*24:02:01	1.0	1.0
HG01441	HLA-B	14:02:01/39:05	HLA-B*14:02:01/HLA-B*39:05:01	1.0	1.0
HG01441	HLA-C	07:02:01:01/07:02:01:02/07:02:01:03/07:50/07:66/07:74/08:02	HLA-C*07:02:01/HLA-C*08:02:01	1.0	1.0
HG01441	HLA-DRB1	01:02:01/13:01:01	HLA-DRB1*01:02:01/HLA-DRB1*13:01:01	1.0	1.0
HG01441	HLA-DQB1	05:01:01/06:03:01	HLA-DQB1*06:03:01/HLA-DQB1*05:01:01	1.0	1.0
HG01455	HLA-A	02:01:01:01/02:01:01:02L/02:01:01:03/02:01:08/02:01:11/02:01:14/02:01:15/02:01:21/02:09/02:43N/02:66/02:75/02:83N/02:89/02:97/02:132/02:134/02:140/24:03:01/24:33	HLA-A*24:03:01/HLA-A*02:01:01	1.0	1.0
HG01455	HLA-B	35:05/44:02:01:01/44:02:01:02S/44:19N/44:27/44:66	HLA-B*35:05:01/HLA-B*44:02:01	1.0	1.0
HG01455	HLA-C	04:01:01:01/04:01:01:02/04:01:01:03/04:09N/04:28/04:30/04:41/05:01:01:01/05:01:01:02/05:01:04/05:01:05/05:03	HLA-C*05:01:01/HLA-C*04:01:01	1.0	1.0
HG01455	HLA-DRB1	04:03:01/04:11	HLA-DRB1*04:03:01/HLA-DRB1*04:11:01	1.0	1.0
HG01455	HLA-DQB1	03:02:01/03:02:01	HLA-DQB1*03:02:01/HLA-DQB1*03:02:01	1.0	1.0
HG01456	HLA-A	31:01:02/31:14N/31:23/32:01:01/32:01:02	HLA-A*32:01:01/HLA-A*31:01:02	1.0	1.0
HG01456	HLA-B	35:08:01/40:02:01/40:56/40:97	HLA-B*35:08:01/HLA-B*40:02:01	1.0	1.0
HG01456	HLA-C	03:05/04:01:01:01/04:01:01:02/04:01:01:03/04:09N/04:28/04:30/04:41	HLA-C*03:05:01/HLA-C*04:01:01	1.0	1.0
HG01456	HLA-DRB1	15:01:01:01/15:01:01:02/14:02	HLA-DRB1*14:02:01/HLA-DRB1*15:01:01	1.0	1.0
HG01456	HLA-DQB1	03:01:01/03:01:04/03:09/03:19/03:21/03:22/03:24/05:02:01	HLA-DQB1*05:02:01/HLA-DQB1*03:01:01	1.0	1.0
HG01461	HLA-A	24:02:01:01/24:02:01:02L/24:02:03/24:02:10/24:02:13/24:09N/24:11N/24:40N/24:76/24:79/24:83N/68:02:01:01/68:02:01:02/68:02:01:03	HLA-A*68:02:01/HLA-A*24:02:01	1.0	1.0
HG01461	HLA-B	40:02:01/40:56/40:97/58:01:01/58:11	HLA-B*40:02:01/HLA-B*58:01:01	1.0	1.0
HG01461	HLA-C	03:04:01/03:04:03/07:01:01/07:01:02/07:01:09/07:06/07:18/07:52	HLA-C*03:04:01/HLA-C*07:18:01	1.0	1.0
HG01461	HLA-DRB1	03:02:01/03:02:02	HLA-DRB1*03:02:01/HLA-DRB1*14:02:01	0.0	0.0
HG01461	HLA-DQB1	03:01:01/03:01:04/03:09/03:19/03:21/03:22/03:24/04:02	HLA-DQB1*04:02:01/HLA-DQB1*03:01:01	1.0	1.0
HG01462	HLA-A	03:01:01:01/03:01:01:02N/03:01:01:03/03:01:07/03:20/03:21N/03:26/03:37/03:45/74:01/74:02	HLA-A*74:01:01/HLA-A*03:01:01	1.0	1.0
HG01462	HLA-B	35:08:01/81:01/81:02/81:03	HLA-B*81:01:01/HLA-B*35:08:01	1.0	1.0
HG01462	HLA-C	04:01:01:01/04:01:01:02/04:01:01:03/04:09N/04:28/04:30/04:41/08:04	HLA-C*08:04:01/HLA-C*04:01:01	1.0	1.0
HG01462	HLA-DRB1	13:03:01/12:01:01/12:06/12:10/12:17	HLA-DRB1*12:01:01/HLA-DRB1*13:03:01	1.0	1.0
HG01462	HLA-DQB1	03:01:01/03:01:04/03:09/03:19/03:21/03:22/03:24/05:01:01	HLA-DQB1*05:01:01/HLA-DQB1*03:01:01	1.0	1.0
HG01464	HLA-A	02:01:01:01/02:01:01:02L/02:01:01:03/02:01:08/02:01:11/02:01:14/02:01:15/02:01:21/02:09/02:43N/02:66/02:75/02:83N/02:89/02:97/02:132/02:134/02:140/24:02:01:01/24:02:01:02L/24:02:03/24:02:10/24:02:13/24:09N/24:11N/24:40N/24:76/24:79/24:83N	HLA-A*02:01:01/HLA-A*24:02:01	1.0	1.0
HG01464	HLA-B	35:43/35:67/35:79/44:02:01:01/44:02:01:02S/44:19N/44:27/44:66	HLA-B*35:43:01/HLA-B*44:02:01	1.0	1.0
HG01464	HLA-C	01:02:01/01:02:02/01:02:03/01:02:04/01:02:05/01:02:06/01:02:07/01:02:08/01:02:09/01:25/05:01:01:01/05:01:01:02/05:01:04/05:01:05/05:03	HLA-C*01:02:01/HLA-C*05:01:01	1.0	1.0
HG01464	HLA-DRB1	01:01:01/04:11	HLA-DRB1*01:01:01/HLA-DRB1*04:11:01	1.0	1.0
HG01464	HLA-DQB1	03:02:01/05:01:01	HLA-DQB1*05:01:01/HLA-DQB1*03:02:01	1.0	1.0
HG01465	HLA-A	02:01:01:01/02:01:01:02L/02:01:01:03/02:01:08/02:01:11/02:01:14/02:01:15/02:01:21/02:09/02:43N/02:66/02:75/02:83N/02:89/02:97/02:132/02:134/02:140/03:01:01:01/03:01:01:02N/03:01:01:03/03:01:07/03:20/03:21N/03:26/03:37/03:45	HLA-A*03:01:01/HLA-A*02:01:01	1.0	1.0
HG01465	HLA-B	51:01:01/51:01:05/51:01:07/51:11N/51:30/51:32/51:48/51:51/51:01:01/51:01:05/51:01:07/51:11N/51:30/51:32/51:48/51:51	HLA-B*51:01:01/HLA-B*51:193:01	1.0	0.0
HG01465	HLA-C	01:02:01/01:02:02/01:02:03/01:02:04/01:02:05/01:02:06/01:02:07/01:02:08/01:02:09/01:25/15:02:01/15:13	HLA-C*15:02:01/HLA-C*01:02:01	1.0	1.0
HG01465	HLA-DRB1	13:01:01/09:01:02	HLA-DRB1*09:01:02/HLA-DRB1*13:01:01	1.0	1.0
HG01465	HLA-DQB1	03:03:02/03:03:02	HLA-DQB1*03:03:02/HLA-DQB1*03:03:02	1.0	1.0
HG01488	HLA-A	23:01:01/23:07N/23:17/23:18/23:20/68:01:02/68:11N/68:33	HLA-A*68:01:02/HLA-A*23:01:01	1.0	1.0
HG01488	HLA-B	39:11/44:03:01/44:03:03/44:03:04	HLA-B*44:03:01/HLA-B*39:11	1.0	1.0
HG01488	HLA-C	04:01:01:01/04:01:01:02/04:01:01:03/04:09N/04:28/04:30/04:41/07:02:01:01/07:02:01:02/07:02:01:03/07:50/07:66/07:74	HLA-C*07:02:01/HLA-C*04:01:01	1.0	1.0
HG01488	HLA-DRB1	16:02:01/07:01:01:01/07:01:01:02	HLA-DRB1*07:01:01/HLA-DRB1*16:02:01	1.0	1.0
HG01488	HLA-DQB1	02:01:01/02:02/02:04/03:01:01/03:01:04/03:09/03:19/03:21/03:22/03:24	HLA-DQB1*02:02:01/HLA-DQB1*03:01:01	1.0	1.0
HG01489	HLA-A	01:01:01:01/01:01:01:02N/01:04N/01:22N/01:32/01:34N/01:37/03:01:01:01/03:01:01:02N/03:01:01:03/03:01:07/03:20/03:21N/03:26/03:37/03:45	HLA-A*03:01:01/HLA-A*01:01:01	1.0	1.0
HG01489	HLA-B	15:17:01:01/15:17:01:02/35:01:01/35:01:03/35:40N/35:42/35:57/35:94	HLA-B*15:17:01/HLA-B*35:01:01	1.0	1.0
HG01489	HLA-C	04:01:01:01/04:01:01:02/04:01:01:03/04:09N/04:28/04:30/04:41/07:01:01/07:01:02/07:01:09/07:06/07:18/07:52	HLA-C*07:01:02/HLA-C*04:01:01	1.0	1.0
HG01489	HLA-DRB1	01:01:01/13:02:01	HLA-DRB1*01:01:01/HLA-DRB1*13:02:01	1.0	1.0
HG01489	HLA-DQB1	05:01:01/06:04:01/06:34	HLA-DQB1*06:04:01/HLA-DQB1*05:01:01	1.0	1.0
HG01491	HLA-A	01:01:01:01/01:01:01:02N/01:04N/01:22N/01:32/01:34N/01:37/01:01:01:01/01:01:01:02N/01:04N/01:22N/01:32/01:34N/01:37	HLA-A*01:01:01/HLA-A*01:01:01	1.0	1.0
HG01491	HLA-B	14:02:01/57:01:01	HLA-B*57:01:01/HLA-B*14:02:01	1.0	1.0
HG01491	HLA-C	06:02:01:01/06:02:01:02/06:02:03/08:02	HLA-C*08:02:01/HLA-C*06:02:01	1.0	1.0
HG01491	HLA-DRB1	13:01:01/07:11	HLA-DRB1*07:01:01/HLA-DRB1*13:01:01	1.0	0.0
HG01491	HLA-DQB1	02:01:01/02:02/02:04/06:03:01	HLA-DQB1*02:02:01/HLA-DQB1*06:03:01	1.0	1.0
HG01492	HLA-A	24:02:01:01/24:02:01:02L/24:02:03/24:02:10/24:02:13/24:09N/24:11N/24:40N/24:76/24:79/24:83N/30:01:01/30:01:02/30:24	HLA-A*24:02:01/HLA-A*30:01:01	1.0	1.0
HG01492	HLA-B	39:06:02/42:02	HLA-B*42:02:01/HLA-B*39:06:02	1.0	1.0
HG01492	HLA-C	07:02:01:01/07:02:01:02/07:02:01:03/07:50/07:66/07:74/17:01/17:02/17:03	HLA-C*07:02:01/HLA-C*17:01:01	1.0	1.0
HG01492	HLA-DRB1	15:01:01:01/15:01:01:02/13:03:01	HLA-DRB1*15:01:01/HLA-DRB1*13:03:01	1.0	1.0
HG01492	HLA-DQB1	03:01:01/03:01:04/03:09/03:19/03:21/03:22/03:24/06:02:01	HLA-DQB1*06:02:01/HLA-DQB1*03:01:01	1.0	1.0
HG01494	HLA-A	02:01:01:01/02:01:01:02L/02:01:01:03/02:01:08/02:01:11/02:01:14/02:01:15/02:01:21/02:09/02:43N/02:66/02:75/02:83N/02:89/02:97/02:132/02:134/02:140/24:02:01:01/24:02:01:02L/24:02:03/24:02:10/24:02:13/24:09N/24:11N/24:40N/24:76/24:79/24:83N	HLA-A*02:01:01/HLA-A*24:02:01	1.0	1.0
HG01494	HLA-B	07:02:01/07:02:06/07:02:09/07:44/07:49N/07:58/07:59/07:61/35:43/35:67/35:79	HLA-B*07:02:01/HLA-B*35:43:01	1.0	1.0
HG01494	HLA-C	01:02:01/01:02:02/01:02:03/01:02:04/01:02:05/01:02:06/01:02:07/01:02:08/01:02:09/01:25/07:02:01:01/07:02:01:02/07:02:01:03/07:50/07:66/07:74	HLA-C*01:02:01/HLA-C*07:02:01	1.0	1.0
HG01494	HLA-DRB1	01:03/08:02	HLA-DRB1*01:03:01/HLA-DRB1*08:02:01	1.0	1.0
HG01494	HLA-DQB1	04:02/05:01:01	HLA-DQB1*04:02:01/HLA-DQB1*05:01:01	1.0	1.0
HG01495	HLA-A	24:02:01:01/24:02:01:02L/24:02:03/24:02:10/24:02:13/24:09N/24:11N/24:40N/24:76/24:79/24:83N/68:01:01/68:01:07	HLA-A*68:01:01/HLA-A*24:02:01	1.0	1.0
HG01495	HLA-B	18:01:01/18:01:03/18:17N/40:02:01/40:56/40:97	HLA-B*40:02:01/HLA-B*18:01:01	1.0	1.0
HG01495	HLA-C	03:05/05:01:01:01/05:01:01:02/05:01:04/05:01:05/05:03	HLA-C*05:01:01/HLA-C*03:05:01	1.0	1.0
HG01495	HLA-DRB1	03:02:01/04:03:01	HLA-DRB1*03:02:01/HLA-DRB1*04:03:01	1.0	1.0
HG01495	HLA-DQB1	03:02:01/04:02	HLA-DQB1*03:02:01/HLA-DQB1*04:02:01	1.0	1.0
HG01497	HLA-A	03:01:01:01/03:01:01:02N/03:01:01:03/03:01:07/03:20/03:21N/03:26/03:37/03:45/24:02:01:01/24:02:01:02L/24:02:03/24:02:10/24:02:13/24:09N/24:11N/24:40N/24:76/24:79/24:83N	HLA-A*24:02:01/HLA-A*03:01:01	1.0	1.0
HG01497	HLA-B	14:02:01/15:01:01:01/15:01:01:02N/15:01:06/15:01:07/15:102/15:104/15:140/15:146	HLA-B*14:02:01/HLA-B*15:01:01	1.0	1.0
HG01497	HLA-C	01:02:01/01:02:02/01:02:03/01:02:04/01:02:05/01:02:06/01:02:07/01:02:08/01:02:09/01:25/08:02	HLA-C*08:02:01/HLA-C*01:02:01	1.0	1.0
HG01497	HLA-DRB1	16:02:01/08:02	HLA-DRB1*16:02:01/HLA-DRB1*08:02:01	1.0	1.0
HG01497	HLA-DQB1	03:01:01/03:01:04/03:09/03:19/03:21/03:22/03:24/04:02	HLA-DQB1*04:02:01/HLA-DQB1*03:01:01	1.0	1.0
HG01498	HLA-A	03:01:01:01/03:01:01:02N/03:01:01:03/03:01:07/03:20/03:21N/03:26/03:37/03:45/24:02:01:01/24:02:01:02L/24:02:03/24:02:10/24:02:13/24:09N/24:11N/24:40N/24:76/24:79/24:83N	HLA-A*03:01:01/HLA-A*24:02:01	1.0	1.0
HG01498	HLA-B	35:01:01/35:01:03/35:40N/35:42/35:57/35:94/40:02:01/40:56/40:97	HLA-B*40:02:01/HLA-B*35:01:01	1.0	1.0
HG01498	HLA-C	03:05/04:01:01:01/04:01:01:02/04:01:01:03/04:09N/04:28/04:30/04:41	HLA-C*03:05:01/HLA-C*04:01:01	1.0	1.0
HG01498	HLA-DRB1	01:01:01/04:07:01	HLA-DRB1*01:01:01/HLA-DRB1*04:07:01	1.0	1.0
HG01498	HLA-DQB1	03:02:01/05:01:01	HLA-DQB1*05:01:01/HLA-DQB1*03:02:01	1.0	1.0
HG01550	HLA-A	24:02:01:01/24:02:01:02L/24:02:03/24:02:10/24:02:13/24:09N/24:11N/24:40N/24:76/24:79/24:83N/31:01:02/31:14N/31:23	HLA-A*31:01:02/HLA-A*24:02:01	1.0	1.0
HG01550	HLA-B	35:12/51:01:01/51:01:05/51:01:07/51:11N/51:30/51:32/51:48/51:51	HLA-B*35:12:01/HLA-B*51:01:01	1.0	1.0
HG01550	HLA-C	04:01:01:01/04:01:01:02/04:01:01:03/04:09N/04:28/04:30/04:41/15:02:01/15:13	HLA-C*04:01:01/HLA-C*15:02:01	1.0	1.0
HG01550	HLA-DRB1	04:07:01/04:08	HLA-DRB1*04:08:01/HLA-DRB1*04:07:01	1.0	1.0
HG01550	HLA-DQB1	03:02:01/03:01:01/03:01:04/03:09/03:19/03:21/03:22/03:24	HLA-DQB1*03:02:01/HLA-DQB1*03:01:01	1.0	1.0
HG01551	HLA-A	29:02:01/33:03:01/33:03:03/33:15/33:25	HLA-A*33:03:01/HLA-A*29:02:01	1.0	1.0
HG01551	HLA-B	07:05:01/07:06/15:16	HLA-B*15:16:01/HLA-B*07:06:01	1.0	1.0
HG01551	HLA-C	14:02:01/15:05:01/15:05:02/15:05:03	HLA-C*14:02:01/HLA-C*15:05:02	1.0	1.0
HG01551	HLA-DRB1	01:02:01/11:01:02	HLA-DRB1*01:02:01/HLA-DRB1*11:01:02	1.0	1.0
HG01551	HLA-DQB1	03:01:01/03:01:04/03:09/03:19/03:21/03:22/03:24/05:01:01	HLA-DQB1*05:01:01/HLA-DQB1*03:01:01	1.0	1.0
